ID,Pathogen,PathogenTaxID,PHEIC risk,Disease_name,HostTaxID,Host_clean,PathogenClass,PathogenOrder,PathogenFamily,PathogenGenus,HostPhylum,HostClass,HostFamily,HostOrder,DetectionMethod,MainSource
B1,klebsiella pneumoniae,573,High,Klebsiella infection (pneumonia sepsis),229073,Amphiprion nigripes,gammaproteobacteria,enterobacterales,enterobacteriaceae,klebsiella,CHORDATA,ACTINOPTERYGII,POMACENTRIDAE,NOT ASSIGNED,PCR/Sequencing,CLOVER
B1,klebsiella pneumoniae,573,High,Klebsiella infection (pneumonia sepsis),9901,Bison bison,gammaproteobacteria,enterobacterales,enterobacteriaceae,klebsiella,CHORDATA,MAMMALIA,BOVIDAE,ARTIODACTYLA,Isolation/Observation,CLOVER
B1,klebsiella pneumoniae,573,High,Klebsiella infection (pneumonia sepsis),9913,Bos taurus,gammaproteobacteria,enterobacterales,enterobacteriaceae,klebsiella,CHORDATA,MAMMALIA,BOVIDAE,ARTIODACTYLA,PCR/Sequencing,CLOVER
B1,klebsiella pneumoniae,573,High,Klebsiella infection (pneumonia sepsis),9612,Canis lupus,gammaproteobacteria,enterobacterales,enterobacteriaceae,klebsiella,CHORDATA,MAMMALIA,CANIDAE,CARNIVORA,PCR/Sequencing,CLOVER
B1,klebsiella pneumoniae,573,High,Klebsiella infection (pneumonia sepsis),94186,Civettictis civetta,gammaproteobacteria,enterobacterales,enterobacteriaceae,klebsiella,CHORDATA,MAMMALIA,VIVERRIDAE,CARNIVORA,Isolation/Observation,CLOVER
B1,klebsiella pneumoniae,573,High,Klebsiella infection (pneumonia sepsis),9796,Equus caballus,gammaproteobacteria,enterobacterales,enterobacteriaceae,klebsiella,CHORDATA,MAMMALIA,EQUIDAE,PERISSODACTYLA,PCR/Sequencing,CLOVER
B1,klebsiella pneumoniae,573,High,Klebsiella infection (pneumonia sepsis),30602,Eulemur macaco,gammaproteobacteria,enterobacterales,enterobacteriaceae,klebsiella,CHORDATA,MAMMALIA,LEMURIDAE,PRIMATES,Isolation/Observation,CLOVER
B1,klebsiella pneumoniae,573,High,Klebsiella infection (pneumonia sepsis),859983,Eulemur rufus,gammaproteobacteria,enterobacterales,enterobacteriaceae,klebsiella,CHORDATA,MAMMALIA,LEMURIDAE,PRIMATES,Isolation/Observation,CLOVER
B1,klebsiella pneumoniae,573,High,Klebsiella infection (pneumonia sepsis),9031,Gallus gallus,gammaproteobacteria,enterobacterales,enterobacteriaceae,klebsiella,CHORDATA,AVES,PHASIANIDAE,GALLIFORMES,PCR/Sequencing,CLOVER
B1,klebsiella pneumoniae,573,High,Klebsiella infection (pneumonia sepsis),499232,Gorilla beringei,gammaproteobacteria,enterobacterales,enterobacteriaceae,klebsiella,CHORDATA,MAMMALIA,HOMINIDAE,PRIMATES,Isolation/Observation,CLOVER
B1,klebsiella pneumoniae,573,High,Klebsiella infection (pneumonia sepsis),9606,Homo sapiens,gammaproteobacteria,enterobacterales,enterobacteriaceae,klebsiella,NA,NA,NA,NA,PCR/Sequencing; Isolation/Observation,CLOVER
B1,klebsiella pneumoniae,573,High,Klebsiella infection (pneumonia sepsis),9716,Mirounga angustirostris,gammaproteobacteria,enterobacterales,enterobacteriaceae,klebsiella,CHORDATA,MAMMALIA,PHOCIDAE,CARNIVORA,Isolation/Observation,CLOVER
B1,klebsiella pneumoniae,573,High,Klebsiella infection (pneumonia sepsis),8128,Oreochromis niloticus,gammaproteobacteria,enterobacterales,enterobacteriaceae,klebsiella,CHORDATA,ACTINOPTERYGII,CICHLIDAE,CICHLIFORMES,PCR/Sequencing,CLOVER
B1,klebsiella pneumoniae,573,High,Klebsiella infection (pneumonia sepsis),36229,Papio ursinus,gammaproteobacteria,enterobacterales,enterobacteriaceae,klebsiella,CHORDATA,MAMMALIA,CERCOPITHECIDAE,PRIMATES,Isolation/Observation,CLOVER
B1,klebsiella pneumoniae,573,High,Klebsiella infection (pneumonia sepsis),9720,Phoca vitulina,gammaproteobacteria,enterobacterales,enterobacteriaceae,klebsiella,CHORDATA,MAMMALIA,PHOCIDAE,CARNIVORA,Isolation/Observation,CLOVER
B1,klebsiella pneumoniae,573,High,Klebsiella infection (pneumonia sepsis),34888,Phocarctos hookeri,gammaproteobacteria,enterobacterales,enterobacteriaceae,klebsiella,CHORDATA,MAMMALIA,OTARIIDAE,CARNIVORA,Isolation/Observation,CLOVER
B1,klebsiella pneumoniae,573,High,Klebsiella infection (pneumonia sepsis),285011,Pteroglossus viridis,gammaproteobacteria,enterobacterales,enterobacteriaceae,klebsiella,CHORDATA,AVES,RAMPHASTIDAE,PICIFORMES,Isolation/Observation,CLOVER
B1,klebsiella pneumoniae,573,High,Klebsiella infection (pneumonia sepsis),9521,Saimiri sciureus,gammaproteobacteria,enterobacterales,enterobacteriaceae,klebsiella,CHORDATA,MAMMALIA,CEBIDAE,PRIMATES,Isolation/Observation,CLOVER
B1,klebsiella pneumoniae,573,High,Klebsiella infection (pneumonia sepsis),9823,Sus scrofa,gammaproteobacteria,enterobacterales,enterobacteriaceae,klebsiella,CHORDATA,MAMMALIA,SUIDAE,ARTIODACTYLA,PCR/Sequencing,CLOVER
B1,klebsiella pneumoniae,573,High,Klebsiella infection (pneumonia sepsis),9643,Ursus americanus,gammaproteobacteria,enterobacterales,enterobacteriaceae,klebsiella,CHORDATA,MAMMALIA,URSIDAE,CARNIVORA,Isolation/Observation,CLOVER
B1,klebsiella pneumoniae,573,High,Klebsiella infection (pneumonia sepsis),9704,Zalophus californianus,gammaproteobacteria,enterobacterales,enterobacteriaceae,klebsiella,CHORDATA,MAMMALIA,OTARIIDAE,CARNIVORA,PCR/Sequencing; Isolation/Observation,CLOVER
B2,salmonella enterica,28901,High,Non-typhoidal salmonellosis,54769,Acanthis flammea,gammaproteobacteria,enterobacterales,enterobacteriaceae,salmonella,CHORDATA,AVES,FRINGILLIDAE,PASSERIFORMES,Isolation/Observation,CLOVER
B2,salmonella enterica,28901,High,Non-typhoidal salmonellosis,8605,Acanthophis antarcticus,gammaproteobacteria,enterobacterales,enterobacteriaceae,salmonella,CHORDATA,REPTILIA,ELAPIDAE,SQUAMATA,Isolation/Observation,CLOVER
B2,salmonella enterica,28901,High,Non-typhoidal salmonellosis,182253,Alouatta pigra,gammaproteobacteria,enterobacterales,enterobacteriaceae,salmonella,CHORDATA,MAMMALIA,ATELIDAE,PRIMATES,Isolation/Observation,CLOVER
B2,salmonella enterica,28901,High,Non-typhoidal salmonellosis,12930,Amazona aestiva,gammaproteobacteria,enterobacterales,enterobacteriaceae,salmonella,CHORDATA,AVES,PSITTACIDAE,PSITTACIFORMES,Isolation/Observation,CLOVER
B2,salmonella enterica,28901,High,Non-typhoidal salmonellosis,116113,Amphibolurus muricatus,gammaproteobacteria,enterobacterales,enterobacteriaceae,salmonella,CHORDATA,REPTILIA,AGAMIDAE,SQUAMATA,Isolation/Observation,CLOVER
B2,salmonella enterica,28901,High,Non-typhoidal salmonellosis,8843,Anser anser,gammaproteobacteria,enterobacterales,enterobacteriaceae,salmonella,CHORDATA,AVES,ANATIDAE,ANSERIFORMES,Isolation/Observation,CLOVER
B2,salmonella enterica,28901,High,Non-typhoidal salmonellosis,51888,Antaresia childreni,gammaproteobacteria,enterobacterales,enterobacteriaceae,salmonella,CHORDATA,REPTILIA,PYTHONIDAE,SQUAMATA,Isolation/Observation,CLOVER
B2,salmonella enterica,28901,High,Non-typhoidal salmonellosis,51891,Antaresia maculosa,gammaproteobacteria,enterobacterales,enterobacteriaceae,salmonella,CHORDATA,REPTILIA,PYTHONIDAE,SQUAMATA,Isolation/Observation,CLOVER
B2,salmonella enterica,28901,High,Non-typhoidal salmonellosis,9505,Aotus trivirgatus,gammaproteobacteria,enterobacterales,enterobacteriaceae,salmonella,CHORDATA,MAMMALIA,AOTIDAE,PRIMATES,Isolation/Observation,CLOVER
B2,salmonella enterica,28901,High,Non-typhoidal salmonellosis,113544,Arapaima gigas,gammaproteobacteria,enterobacterales,enterobacteriaceae,salmonella,CHORDATA,ACTINOPTERYGII,OSTEOGLOSSIDAE,OSTEOGLOSSIFORMES,Isolation/Observation,CLOVER
B2,salmonella enterica,28901,High,Non-typhoidal salmonellosis,585464,Ardea intermedia,gammaproteobacteria,enterobacterales,enterobacteriaceae,salmonella,CHORDATA,AVES,ARDEIDAE,PELECANIFORMES,Isolation/Observation,CLOVER
B2,salmonella enterica,28901,High,Non-typhoidal salmonellosis,29156,Austrelaps superbus,gammaproteobacteria,enterobacterales,enterobacteriaceae,salmonella,CHORDATA,REPTILIA,ELAPIDAE,SQUAMATA,Isolation/Observation,CLOVER
B2,salmonella enterica,28901,High,Non-typhoidal salmonellosis,96718,Bellatorias frerei,gammaproteobacteria,enterobacterales,enterobacteriaceae,salmonella,CHORDATA,REPTILIA,SCINCIDAE,SQUAMATA,Isolation/Observation,CLOVER
B2,salmonella enterica,28901,High,Non-typhoidal salmonellosis,8695,Bitis nasicornis,gammaproteobacteria,enterobacterales,enterobacteriaceae,salmonella,CHORDATA,REPTILIA,VIPERIDAE,SQUAMATA,Isolation/Observation,CLOVER
B2,salmonella enterica,28901,High,Non-typhoidal salmonellosis,8574,Boa constrictor,gammaproteobacteria,enterobacterales,enterobacteriaceae,salmonella,CHORDATA,REPTILIA,BOIDAE,SQUAMATA,Isolation/Observation,CLOVER
B2,salmonella enterica,28901,High,Non-typhoidal salmonellosis,292868,Boaedon olivaceus,gammaproteobacteria,enterobacterales,enterobacteriaceae,salmonella,CHORDATA,REPTILIA,LAMPROPHIIDAE,SQUAMATA,Isolation/Observation,CLOVER
B2,salmonella enterica,28901,High,Non-typhoidal salmonellosis,92519,Boiga irregularis,gammaproteobacteria,enterobacterales,enterobacteriaceae,salmonella,CHORDATA,REPTILIA,COLUBRIDAE,SQUAMATA,Isolation/Observation,CLOVER
B2,salmonella enterica,28901,High,Non-typhoidal salmonellosis,9913,Bos taurus,gammaproteobacteria,enterobacterales,enterobacteriaceae,salmonella,CHORDATA,MAMMALIA,BOVIDAE,ARTIODACTYLA,PCR/Sequencing; Isolation/Observation,CLOVER
B2,salmonella enterica,28901,High,Non-typhoidal salmonellosis,44725,Bothriechis schlegelii,gammaproteobacteria,enterobacterales,enterobacteriaceae,salmonella,CHORDATA,REPTILIA,VIPERIDAE,SQUAMATA,Isolation/Observation,CLOVER
B2,salmonella enterica,28901,High,Non-typhoidal salmonellosis,141274,Cacatua galerita,gammaproteobacteria,enterobacterales,enterobacteriaceae,salmonella,CHORDATA,AVES,CACATUIDAE,PSITTACIFORMES,Isolation/Observation,CLOVER
B2,salmonella enterica,28901,High,Non-typhoidal salmonellosis,34884,Callorhinus ursinus,gammaproteobacteria,enterobacterales,enterobacteriaceae,salmonella,CHORDATA,MAMMALIA,OTARIIDAE,CARNIVORA,Isolation/Observation,CLOVER
B2,salmonella enterica,28901,High,Non-typhoidal salmonellosis,9612,Canis lupus,gammaproteobacteria,enterobacterales,enterobacteriaceae,salmonella,CHORDATA,MAMMALIA,CANIDAE,CARNIVORA,PCR/Sequencing,CLOVER
B2,salmonella enterica,28901,High,Non-typhoidal salmonellosis,10141,Cavia porcellus,gammaproteobacteria,enterobacterales,enterobacteriaceae,salmonella,CHORDATA,MAMMALIA,CAVIIDAE,RODENTIA,Isolation/Observation,CLOVER
B2,salmonella enterica,28901,High,Non-typhoidal salmonellosis,179908,Chamaeleo calyptratus,gammaproteobacteria,enterobacterales,enterobacteriaceae,salmonella,CHORDATA,REPTILIA,CHAMAELEONIDAE,SQUAMATA,Isolation/Observation,CLOVER
B2,salmonella enterica,28901,High,Non-typhoidal salmonellosis,44492,Chelodina oblonga,gammaproteobacteria,enterobacterales,enterobacteriaceae,salmonella,CHORDATA,REPTILIA,CHELIDAE,TESTUDINES,Isolation/Observation,CLOVER
B2,salmonella enterica,28901,High,Non-typhoidal salmonellosis,103699,Chlamydosaurus kingii,gammaproteobacteria,enterobacterales,enterobacteriaceae,salmonella,CHORDATA,REPTILIA,AGAMIDAE,SQUAMATA,Isolation/Observation,CLOVER
B2,salmonella enterica,28901,High,Non-typhoidal salmonellosis,37601,Chloris chloris,gammaproteobacteria,enterobacterales,enterobacteriaceae,salmonella,CHORDATA,AVES,FRINGILLIDAE,PASSERIFORMES,Isolation/Observation,CLOVER
B2,salmonella enterica,28901,High,Non-typhoidal salmonellosis,85066,Corvus brachyrhynchos,gammaproteobacteria,enterobacterales,enterobacteriaceae,salmonella,CHORDATA,AVES,CORVIDAE,PASSERIFORMES,Isolation/Observation,CLOVER
B2,salmonella enterica,28901,High,Non-typhoidal salmonellosis,125876,Crotalus willardi,gammaproteobacteria,enterobacterales,enterobacteriaceae,salmonella,CHORDATA,REPTILIA,VIPERIDAE,SQUAMATA,Isolation/Observation,CLOVER
B2,salmonella enterica,28901,High,Non-typhoidal salmonellosis,57098,Cyclura cornuta,gammaproteobacteria,enterobacterales,enterobacteriaceae,salmonella,CHORDATA,REPTILIA,IGUANIDAE,SQUAMATA,Isolation/Observation,CLOVER
B2,salmonella enterica,28901,High,Non-typhoidal salmonellosis,118679,Cyclura cychlura,gammaproteobacteria,enterobacterales,enterobacteriaceae,salmonella,CHORDATA,REPTILIA,IGUANIDAE,SQUAMATA,Isolation/Observation,CLOVER
B2,salmonella enterica,28901,High,Non-typhoidal salmonellosis,13029,Cynoscion nebulosus,gammaproteobacteria,enterobacterales,enterobacteriaceae,salmonella,CHORDATA,ACTINOPTERYGII,SCIAENIDAE,PERCIFORMES,PCR/Sequencing,CLOVER
B2,salmonella enterica,28901,High,Non-typhoidal salmonellosis,1458430,Dendrelaphis punctulatus,gammaproteobacteria,enterobacterales,enterobacteriaceae,salmonella,CHORDATA,REPTILIA,COLUBRIDAE,SQUAMATA,Isolation/Observation,CLOVER
B2,salmonella enterica,28901,High,Non-typhoidal salmonellosis,176064,Eos cyanogenia,gammaproteobacteria,enterobacterales,enterobacteriaceae,salmonella,CHORDATA,AVES,PSITTACIDAE,PSITTACIFORMES,Isolation/Observation,CLOVER
B2,salmonella enterica,28901,High,Non-typhoidal salmonellosis,9796,Equus caballus,gammaproteobacteria,enterobacterales,enterobacteriaceae,salmonella,CHORDATA,MAMMALIA,EQUIDAE,PERISSODACTYLA,PCR/Sequencing; Isolation/Observation,CLOVER
B2,salmonella enterica,28901,High,Non-typhoidal salmonellosis,9365,Erinaceus europaeus,gammaproteobacteria,enterobacterales,enterobacteriaceae,salmonella,CHORDATA,MAMMALIA,ERINACEIDAE,EULIPOTYPHLA,Isolation/Observation,CLOVER
B2,salmonella enterica,28901,High,Non-typhoidal salmonellosis,481883,Eublepharis macularius,gammaproteobacteria,enterobacterales,enterobacteriaceae,salmonella,CHORDATA,REPTILIA,EUBLEPHARIDAE,SQUAMATA,Isolation/Observation,CLOVER
B2,salmonella enterica,28901,High,Non-typhoidal salmonellosis,204898,Eulamprus heatwolei,gammaproteobacteria,enterobacterales,enterobacteriaceae,salmonella,CHORDATA,REPTILIA,SCINCIDAE,SQUAMATA,Isolation/Observation,CLOVER
B2,salmonella enterica,28901,High,Non-typhoidal salmonellosis,74365,Euprepiophis mandarinus,gammaproteobacteria,enterobacterales,enterobacteriaceae,salmonella,CHORDATA,REPTILIA,COLUBRIDAE,SQUAMATA,Isolation/Observation,CLOVER
B2,salmonella enterica,28901,High,Non-typhoidal salmonellosis,100819,Falco tinnunculus,gammaproteobacteria,enterobacterales,enterobacteriaceae,salmonella,CHORDATA,AVES,FALCONIDAE,FALCONIFORMES,Isolation/Observation,CLOVER
B2,salmonella enterica,28901,High,Non-typhoidal salmonellosis,9685,Felis catus,gammaproteobacteria,enterobacterales,enterobacteriaceae,salmonella,CHORDATA,MAMMALIA,FELIDAE,CARNIVORA,Isolation/Observation,CLOVER
B2,salmonella enterica,28901,High,Non-typhoidal salmonellosis,9031,Gallus gallus,gammaproteobacteria,enterobacterales,enterobacteriaceae,salmonella,CHORDATA,AVES,PHASIANIDAE,GALLIFORMES,PCR/Sequencing; Isolation/Observation,CLOVER
B2,salmonella enterica,28901,High,Non-typhoidal salmonellosis,94190,Genetta genetta,gammaproteobacteria,enterobacterales,enterobacteriaceae,salmonella,CHORDATA,MAMMALIA,VIVERRIDAE,CARNIVORA,Isolation/Observation,CLOVER
B2,salmonella enterica,28901,High,Non-typhoidal salmonellosis,9593,Gorilla gorilla,gammaproteobacteria,enterobacterales,enterobacteriaceae,salmonella,CHORDATA,MAMMALIA,HOMINIDAE,PRIMATES,Isolation/Observation,CLOVER
B2,salmonella enterica,28901,High,Non-typhoidal salmonellosis,9700,Herpestes ichneumon,gammaproteobacteria,enterobacterales,enterobacteriaceae,salmonella,CHORDATA,MAMMALIA,HERPESTIDAE,CARNIVORA,Isolation/Observation,CLOVER
B2,salmonella enterica,28901,High,Non-typhoidal salmonellosis,121332,Heterodon nasicus,gammaproteobacteria,enterobacterales,enterobacteriaceae,salmonella,CHORDATA,REPTILIA,DIPSADIDAE,SQUAMATA,Isolation/Observation,CLOVER
B2,salmonella enterica,28901,High,Non-typhoidal salmonellosis,9606,Homo sapiens,gammaproteobacteria,enterobacterales,enterobacteriaceae,salmonella,NA,NA,NA,NA,PCR/Sequencing; Isolation/Observation,CLOVER
B2,salmonella enterica,28901,High,Non-typhoidal salmonellosis,83403,Hoplocephalus bungaroides,gammaproteobacteria,enterobacterales,enterobacteriaceae,salmonella,CHORDATA,REPTILIA,ELAPIDAE,SQUAMATA,Isolation/Observation,CLOVER
B2,salmonella enterica,28901,High,Non-typhoidal salmonellosis,8517,Iguana iguana,gammaproteobacteria,enterobacterales,enterobacteriaceae,salmonella,CHORDATA,REPTILIA,IGUANIDAE,SQUAMATA,Isolation/Observation,CLOVER
B2,salmonella enterica,28901,High,Non-typhoidal salmonellosis,163490,Lampropeltis alterna,gammaproteobacteria,enterobacterales,enterobacteriaceae,salmonella,CHORDATA,REPTILIA,COLUBRIDAE,SQUAMATA,Isolation/Observation,CLOVER
B2,salmonella enterica,28901,High,Non-typhoidal salmonellosis,140017,Lampropeltis triangulum,gammaproteobacteria,enterobacterales,enterobacteriaceae,salmonella,CHORDATA,REPTILIA,COLUBRIDAE,SQUAMATA,Isolation/Observation,CLOVER
B2,salmonella enterica,28901,High,Non-typhoidal salmonellosis,126713,Larus occidentalis,gammaproteobacteria,enterobacterales,enterobacteriaceae,salmonella,CHORDATA,AVES,LARIDAE,CHARADRIIFORMES,Isolation/Observation,CLOVER
B2,salmonella enterica,28901,High,Non-typhoidal salmonellosis,95110,Lialis burtonis,gammaproteobacteria,enterobacterales,enterobacteriaceae,salmonella,CHORDATA,REPTILIA,PYGOPODIDAE,SQUAMATA,Isolation/Observation,CLOVER
B2,salmonella enterica,28901,High,Non-typhoidal salmonellosis,51879,Lichanura trivirgata,gammaproteobacteria,enterobacterales,enterobacteriaceae,salmonella,CHORDATA,REPTILIA,BOIDAE,SQUAMATA,Isolation/Observation,CLOVER
B2,salmonella enterica,28901,High,Non-typhoidal salmonellosis,13125,Lynx lynx,gammaproteobacteria,enterobacterales,enterobacteriaceae,salmonella,CHORDATA,MAMMALIA,FELIDAE,CARNIVORA,Isolation/Observation,CLOVER
B2,salmonella enterica,28901,High,Non-typhoidal salmonellosis,9544,Macaca mulatta,gammaproteobacteria,enterobacterales,enterobacteriaceae,salmonella,CHORDATA,MAMMALIA,CERCOPITHECIDAE,PRIMATES,Isolation/Observation,CLOVER
B2,salmonella enterica,28901,High,Non-typhoidal salmonellosis,9316,Macropus fuliginosus,gammaproteobacteria,enterobacterales,enterobacteriaceae,salmonella,CHORDATA,MAMMALIA,MACROPODIDAE,DIPROTODONTIA,Isolation/Observation,CLOVER
B2,salmonella enterica,28901,High,Non-typhoidal salmonellosis,9103,Meleagris gallopavo,gammaproteobacteria,enterobacterales,enterobacteriaceae,salmonella,CHORDATA,AVES,PHASIANIDAE,GALLIFORMES,Isolation/Observation,CLOVER
B2,salmonella enterica,28901,High,Non-typhoidal salmonellosis,9662,Meles meles,gammaproteobacteria,enterobacterales,enterobacteriaceae,salmonella,CHORDATA,MAMMALIA,MUSTELIDAE,CARNIVORA,Isolation/Observation,CLOVER
B2,salmonella enterica,28901,High,Non-typhoidal salmonellosis,9716,Mirounga angustirostris,gammaproteobacteria,enterobacterales,enterobacteriaceae,salmonella,CHORDATA,MAMMALIA,PHOCIDAE,CARNIVORA,Isolation/Observation,CLOVER
B2,salmonella enterica,28901,High,Non-typhoidal salmonellosis,51896,Morelia spilota,gammaproteobacteria,enterobacterales,enterobacteriaceae,salmonella,CHORDATA,REPTILIA,PYTHONIDAE,SQUAMATA,Isolation/Observation,CLOVER
B2,salmonella enterica,28901,High,Non-typhoidal salmonellosis,10090,Mus musculus,gammaproteobacteria,enterobacterales,enterobacteriaceae,salmonella,CHORDATA,MAMMALIA,MURIDAE,RODENTIA,Isolation/Observation,CLOVER
B2,salmonella enterica,28901,High,Non-typhoidal salmonellosis,111176,Notechis scutatus,gammaproteobacteria,enterobacterales,enterobacteriaceae,salmonella,NA,NA,NA,NA,Isolation/Observation,CLOVER
B2,salmonella enterica,28901,High,Non-typhoidal salmonellosis,8663,Notechis scutatus,gammaproteobacteria,enterobacterales,enterobacteriaceae,salmonella,CHORDATA,REPTILIA,ELAPIDAE,SQUAMATA,Isolation/Observation,CLOVER
B2,salmonella enterica,28901,High,Non-typhoidal salmonellosis,13180,Nymphicus hollandicus,gammaproteobacteria,enterobacterales,enterobacteriaceae,salmonella,CHORDATA,AVES,CACATUIDAE,PSITTACIFORMES,Isolation/Observation,CLOVER
B2,salmonella enterica,28901,High,Non-typhoidal salmonellosis,9874,Odocoileus virginianus,gammaproteobacteria,enterobacterales,enterobacteriaceae,salmonella,CHORDATA,MAMMALIA,CERVIDAE,ARTIODACTYLA,Isolation/Observation,CLOVER
B2,salmonella enterica,28901,High,Non-typhoidal salmonellosis,9986,Oryctolagus cuniculus,gammaproteobacteria,enterobacterales,enterobacteriaceae,salmonella,CHORDATA,MAMMALIA,LEPORIDAE,LAGOMORPHA,PCR/Sequencing; Isolation/Observation,CLOVER
B2,salmonella enterica,28901,High,Non-typhoidal salmonellosis,9940,Ovis aries,gammaproteobacteria,enterobacterales,enterobacteriaceae,salmonella,CHORDATA,MAMMALIA,BOVIDAE,ARTIODACTYLA,Isolation/Observation,CLOVER
B2,salmonella enterica,28901,High,Non-typhoidal salmonellosis,111177,Oxyuranus microlepidotus,gammaproteobacteria,enterobacterales,enterobacteriaceae,salmonella,CHORDATA,REPTILIA,ELAPIDAE,SQUAMATA,Isolation/Observation,CLOVER
B2,salmonella enterica,28901,High,Non-typhoidal salmonellosis,8668,Oxyuranus scutellatus,gammaproteobacteria,enterobacterales,enterobacteriaceae,salmonella,CHORDATA,REPTILIA,ELAPIDAE,SQUAMATA,Isolation/Observation,CLOVER
B2,salmonella enterica,28901,High,Non-typhoidal salmonellosis,94885,Pantherophis guttatus,gammaproteobacteria,enterobacterales,enterobacteriaceae,salmonella,CHORDATA,REPTILIA,COLUBRIDAE,SQUAMATA,Isolation/Observation,CLOVER
B2,salmonella enterica,28901,High,Non-typhoidal salmonellosis,36229,Papio ursinus,gammaproteobacteria,enterobacterales,enterobacteriaceae,salmonella,CHORDATA,MAMMALIA,CERCOPITHECIDAE,PRIMATES,Isolation/Observation,CLOVER
B2,salmonella enterica,28901,High,Non-typhoidal salmonellosis,48849,Passer domesticus,gammaproteobacteria,enterobacterales,enterobacteriaceae,salmonella,CHORDATA,AVES,PASSERIDAE,PASSERIFORMES,Isolation/Observation,CLOVER
B2,salmonella enterica,28901,High,Non-typhoidal salmonellosis,8168,Perca fluviatilis,gammaproteobacteria,enterobacterales,enterobacteriaceae,salmonella,CHORDATA,ACTINOPTERYGII,PERCIDAE,PERCIFORMES,PCR/Sequencing,CLOVER
B2,salmonella enterica,28901,High,Non-typhoidal salmonellosis,88162,Phelsuma madagascariensis,gammaproteobacteria,enterobacterales,enterobacteriaceae,salmonella,CHORDATA,REPTILIA,GEKKONIDAE,SQUAMATA,Isolation/Observation,CLOVER
B2,salmonella enterica,28901,High,Non-typhoidal salmonellosis,9742,Phocoena phocoena,gammaproteobacteria,enterobacterales,enterobacteriaceae,salmonella,CHORDATA,MAMMALIA,PHOCOENIDAE,ARTIODACTYLA,PCR/Sequencing,CLOVER
B2,salmonella enterica,28901,High,Non-typhoidal salmonellosis,52200,Physignathus cocincinus,gammaproteobacteria,enterobacterales,enterobacteriaceae,salmonella,CHORDATA,REPTILIA,AGAMIDAE,SQUAMATA,Isolation/Observation,CLOVER
B2,salmonella enterica,28901,High,Non-typhoidal salmonellosis,103695,Pogona vitticeps,gammaproteobacteria,enterobacterales,enterobacteriaceae,salmonella,CHORDATA,REPTILIA,AGAMIDAE,SQUAMATA,Isolation/Observation,CLOVER
B2,salmonella enterica,28901,High,Non-typhoidal salmonellosis,9654,Procyon lotor,gammaproteobacteria,enterobacterales,enterobacteriaceae,salmonella,CHORDATA,MAMMALIA,PROCYONIDAE,CARNIVORA,Isolation/Observation,CLOVER
B2,salmonella enterica,28901,High,Non-typhoidal salmonellosis,8671,Pseudechis porphyriacus,gammaproteobacteria,enterobacterales,enterobacteriaceae,salmonella,CHORDATA,REPTILIA,ELAPIDAE,SQUAMATA,Isolation/Observation,CLOVER
B2,salmonella enterica,28901,High,Non-typhoidal salmonellosis,8673,Pseudonaja textilis,gammaproteobacteria,enterobacterales,enterobacteriaceae,salmonella,CHORDATA,REPTILIA,ELAPIDAE,SQUAMATA,Isolation/Observation,CLOVER
B2,salmonella enterica,28901,High,Non-typhoidal salmonellosis,37607,Pyrrhula pyrrhula,gammaproteobacteria,enterobacterales,enterobacteriaceae,salmonella,CHORDATA,AVES,FRINGILLIDAE,PASSERIFORMES,Isolation/Observation,CLOVER
B2,salmonella enterica,28901,High,Non-typhoidal salmonellosis,51750,Python molurus,gammaproteobacteria,enterobacterales,enterobacteriaceae,salmonella,CHORDATA,REPTILIA,PYTHONIDAE,SQUAMATA,Isolation/Observation,CLOVER
B2,salmonella enterica,28901,High,Non-typhoidal salmonellosis,51751,Python regius,gammaproteobacteria,enterobacterales,enterobacteriaceae,salmonella,CHORDATA,REPTILIA,PYTHONIDAE,SQUAMATA,Isolation/Observation,CLOVER
B2,salmonella enterica,28901,High,Non-typhoidal salmonellosis,34869,Rupicapra rupicapra,gammaproteobacteria,enterobacterales,enterobacteriaceae,salmonella,CHORDATA,MAMMALIA,BOVIDAE,ARTIODACTYLA,Isolation/Observation,CLOVER
B2,salmonella enterica,28901,High,Non-typhoidal salmonellosis,43778,Oedipomidas geoffroyi,gammaproteobacteria,enterobacterales,enterobacteriaceae,salmonella,NA,NA,NA,NA,Isolation/Observation,CLOVER
B2,salmonella enterica,28901,High,Non-typhoidal salmonellosis,13679,Scomberomorus cavalla,gammaproteobacteria,enterobacterales,enterobacteriaceae,salmonella,CHORDATA,ACTINOPTERYGII,SCOMBRIDAE,PERCIFORMES,PCR/Sequencing,CLOVER
B2,salmonella enterica,28901,High,Non-typhoidal salmonellosis,160760,Spinus spinus,gammaproteobacteria,enterobacterales,enterobacteriaceae,salmonella,CHORDATA,AVES,FRINGILLIDAE,PASSERIFORMES,Isolation/Observation,CLOVER
B2,salmonella enterica,28901,High,Non-typhoidal salmonellosis,111821,Strix aluco,gammaproteobacteria,enterobacterales,enterobacteriaceae,salmonella,CHORDATA,AVES,STRIGIDAE,STRIGIFORMES,Isolation/Observation,CLOVER
B2,salmonella enterica,28901,High,Non-typhoidal salmonellosis,9823,Sus scrofa,gammaproteobacteria,enterobacterales,enterobacteriaceae,salmonella,CHORDATA,MAMMALIA,SUIDAE,ARTIODACTYLA,PCR/Sequencing; Isolation/Observation,CLOVER
B2,salmonella enterica,28901,High,Non-typhoidal salmonellosis,86976,Testudo hermanni,gammaproteobacteria,enterobacterales,enterobacteriaceae,salmonella,CHORDATA,REPTILIA,TESTUDINIDAE,TESTUDINES,Isolation/Observation,CLOVER
B2,salmonella enterica,28901,High,Non-typhoidal salmonellosis,155307,Tiliqua nigrolutea,gammaproteobacteria,enterobacterales,enterobacteriaceae,salmonella,CHORDATA,REPTILIA,SCINCIDAE,SQUAMATA,Isolation/Observation,CLOVER
B2,salmonella enterica,28901,High,Non-typhoidal salmonellosis,8527,Tiliqua rugosa,gammaproteobacteria,enterobacterales,enterobacteriaceae,salmonella,CHORDATA,REPTILIA,SCINCIDAE,SQUAMATA,Isolation/Observation,CLOVER
B2,salmonella enterica,28901,High,Non-typhoidal salmonellosis,71010,Tiliqua scincoides,gammaproteobacteria,enterobacterales,enterobacteriaceae,salmonella,CHORDATA,REPTILIA,SCINCIDAE,SQUAMATA,Isolation/Observation,CLOVER
B2,salmonella enterica,28901,High,Non-typhoidal salmonellosis,176049,Trichoglossus haematodus,gammaproteobacteria,enterobacterales,enterobacteriaceae,salmonella,CHORDATA,AVES,PSITTACIDAE,PSITTACIFORMES,Isolation/Observation,CLOVER
B2,salmonella enterica,28901,High,Non-typhoidal salmonellosis,179930,Trioceros ellioti,gammaproteobacteria,enterobacterales,enterobacteriaceae,salmonella,CHORDATA,REPTILIA,CHAMAELEONIDAE,SQUAMATA,Isolation/Observation,CLOVER
B2,salmonella enterica,28901,High,Non-typhoidal salmonellosis,338354,Tropidophorus grayi,gammaproteobacteria,enterobacterales,enterobacteriaceae,salmonella,CHORDATA,REPTILIA,SCINCIDAE,SQUAMATA,Isolation/Observation,CLOVER
B2,salmonella enterica,28901,High,Non-typhoidal salmonellosis,62043,Varanus indicus,gammaproteobacteria,enterobacterales,enterobacteriaceae,salmonella,CHORDATA,REPTILIA,VARANIDAE,SQUAMATA,Isolation/Observation,CLOVER
B2,salmonella enterica,28901,High,Non-typhoidal salmonellosis,62044,Varanus mertensi,gammaproteobacteria,enterobacterales,enterobacteriaceae,salmonella,CHORDATA,REPTILIA,VARANIDAE,SQUAMATA,Isolation/Observation,CLOVER
B2,salmonella enterica,28901,High,Non-typhoidal salmonellosis,8559,Varanus varius,gammaproteobacteria,enterobacterales,enterobacteriaceae,salmonella,CHORDATA,REPTILIA,VARANIDAE,SQUAMATA,Isolation/Observation,CLOVER
B2,salmonella enterica,28901,High,Non-typhoidal salmonellosis,9627,Vulpes vulpes,gammaproteobacteria,enterobacterales,enterobacteriaceae,salmonella,CHORDATA,MAMMALIA,CANIDAE,CARNIVORA,Isolation/Observation,CLOVER
B3,shigella dysenteriae,622,High,Shigellosis (bacillary dysentery),9606,Homo sapiens,gammaproteobacteria,enterobacterales,enterobacteriaceae,shigella,NA,NA,NA,NA,PCR/Sequencing; Isolation/Observation,CLOVER
B3,shigella dysenteriae,622,High,Shigellosis (bacillary dysentery),9541,Macaca fascicularis,gammaproteobacteria,enterobacterales,enterobacteriaceae,shigella,CHORDATA,MAMMALIA,CERCOPITHECIDAE,PRIMATES,Isolation/Observation,CLOVER
B3,shigella dysenteriae,622,High,Shigellosis (bacillary dysentery),9598,Pan troglodytes,gammaproteobacteria,enterobacterales,enterobacteriaceae,shigella,CHORDATA,MAMMALIA,HOMINIDAE,PRIMATES,Isolation/Observation,CLOVER
B4,vibrio cholerae,666,High,Cholera,8839,Anas platyrhynchos,gammaproteobacteria,vibrionales,vibrionaceae,vibrio,CHORDATA,AVES,ANATIDAE,ANSERIFORMES,PCR/Sequencing,CLOVER
B4,vibrio cholerae,666,High,Cholera,7962,Cyprinus carpio,gammaproteobacteria,vibrionales,vibrionaceae,vibrio,CHORDATA,ACTINOPTERYGII,CYPRINIDAE,CYPRINIFORMES,PCR/Sequencing,CLOVER
B4,vibrio cholerae,666,High,Cholera,34882,Enhydra lutris,gammaproteobacteria,vibrionales,vibrionaceae,vibrio,CHORDATA,MAMMALIA,MUSTELIDAE,CARNIVORA,Isolation/Observation,CLOVER
B4,vibrio cholerae,666,High,Cholera,9606,Homo sapiens,gammaproteobacteria,vibrionales,vibrionaceae,vibrio,NA,NA,NA,NA,PCR/Sequencing; Isolation/Observation,CLOVER
B4,vibrio cholerae,666,High,Cholera,7998,Ictalurus punctatus,gammaproteobacteria,vibrionales,vibrionaceae,vibrio,CHORDATA,ACTINOPTERYGII,ICTALURIDAE,SILURIFORMES,PCR/Sequencing,CLOVER
B4,vibrio cholerae,666,High,Cholera,75329,Misgurnus anguillicaudatus,gammaproteobacteria,vibrionales,vibrionaceae,vibrio,CHORDATA,ACTINOPTERYGII,COBITIDAE,CYPRINIFORMES,PCR/Sequencing,CLOVER
B4,vibrio cholerae,666,High,Cholera,29088,Neomonachus schauinslandi,gammaproteobacteria,vibrionales,vibrionaceae,vibrio,CHORDATA,MAMMALIA,PHOCIDAE,CARNIVORA,Isolation/Observation,CLOVER
B4,vibrio cholerae,666,High,Cholera,206143,Pampus argenteus,gammaproteobacteria,vibrionales,vibrionaceae,vibrio,CHORDATA,ACTINOPTERYGII,STROMATEIDAE,PERCIFORMES,PCR/Sequencing,CLOVER
B4,vibrio cholerae,666,High,Cholera,119488,Siniperca chuatsi,gammaproteobacteria,vibrionales,vibrionaceae,vibrio,CHORDATA,ACTINOPTERYGII,SINIPERCIDAE,PERCIFORMES,PCR/Sequencing,CLOVER
B4,vibrio cholerae,666,High,Cholera,1234273,Tachysurus fulvidraco,gammaproteobacteria,vibrionales,vibrionaceae,vibrio,CHORDATA,ACTINOPTERYGII,BAGRIDAE,SILURIFORMES,PCR/Sequencing,CLOVER
B5,yersinia pestis,632,High,Plague,129246,Apodemus chevrieri,gammaproteobacteria,enterobacterales,yersiniaceae,yersinia,CHORDATA,MAMMALIA,MURIDAE,RODENTIA,Isolation/Observation,CLOVER
B5,yersinia pestis,632,High,Plague,37022,Cerradomys subflavus,gammaproteobacteria,enterobacterales,yersiniaceae,yersinia,CHORDATA,MAMMALIA,CRICETIDAE,RODENTIA,PCR/Sequencing,CLOVER
B5,yersinia pestis,632,High,Plague,45480,Cynomys ludovicianus,gammaproteobacteria,enterobacterales,yersiniaceae,yersinia,CHORDATA,MAMMALIA,SCIURIDAE,RODENTIA,Isolation/Observation,CLOVER
B5,yersinia pestis,632,High,Plague,259054,Eothenomys miletus,gammaproteobacteria,enterobacterales,yersiniaceae,yersinia,CHORDATA,MAMMALIA,CRICETIDAE,RODENTIA,Isolation/Observation,CLOVER
B5,yersinia pestis,632,High,Plague,9606,Homo sapiens,gammaproteobacteria,enterobacterales,yersiniaceae,yersinia,NA,NA,NA,NA,PCR/Sequencing; Isolation/Observation,CLOVER
B5,yersinia pestis,632,High,Plague,407171,Lasiopodomys brandtii,gammaproteobacteria,enterobacterales,yersiniaceae,yersinia,CHORDATA,MAMMALIA,CRICETIDAE,RODENTIA,Isolation/Observation,CLOVER
B5,yersinia pestis,632,High,Plague,61383,Lynx canadensis,gammaproteobacteria,enterobacterales,yersiniaceae,yersinia,CHORDATA,MAMMALIA,FELIDAE,CARNIVORA,Isolation/Observation,CLOVER
B5,yersinia pestis,632,High,Plague,93157,Marmota baibacina,gammaproteobacteria,enterobacterales,yersiniaceae,yersinia,CHORDATA,MAMMALIA,SCIURIDAE,RODENTIA,PCR/Sequencing; Isolation/Observation,CLOVER
B5,yersinia pestis,632,High,Plague,71802,Marmota caudata,gammaproteobacteria,enterobacterales,yersiniaceae,yersinia,CHORDATA,MAMMALIA,SCIURIDAE,RODENTIA,Isolation/Observation,CLOVER
B5,yersinia pestis,632,High,Plague,93163,Marmota himalayana,gammaproteobacteria,enterobacterales,yersiniaceae,yersinia,CHORDATA,MAMMALIA,SCIURIDAE,RODENTIA,Isolation/Observation,CLOVER
B5,yersinia pestis,632,High,Plague,93166,Marmota sibirica,gammaproteobacteria,enterobacterales,yersiniaceae,yersinia,CHORDATA,MAMMALIA,SCIURIDAE,RODENTIA,Isolation/Observation,CLOVER
B5,yersinia pestis,632,High,Plague,9662,Meles meles,gammaproteobacteria,enterobacterales,yersiniaceae,yersinia,CHORDATA,MAMMALIA,MUSTELIDAE,CARNIVORA,Isolation/Observation,CLOVER
B5,yersinia pestis,632,High,Plague,261754,Meriones meridianus,gammaproteobacteria,enterobacterales,yersiniaceae,yersinia,CHORDATA,MAMMALIA,MURIDAE,RODENTIA,Isolation/Observation,CLOVER
B5,yersinia pestis,632,High,Plague,10047,Meriones unguiculatus,gammaproteobacteria,enterobacterales,yersiniaceae,yersinia,CHORDATA,MAMMALIA,MURIDAE,RODENTIA,Isolation/Observation,CLOVER
B5,yersinia pestis,632,High,Plague,47230,Microtus arvalis,gammaproteobacteria,enterobacterales,yersiniaceae,yersinia,CHORDATA,MAMMALIA,CRICETIDAE,RODENTIA,Isolation/Observation,CLOVER
B5,yersinia pestis,632,High,Plague,77149,Mustela eversmanii,gammaproteobacteria,enterobacterales,yersiniaceae,yersinia,NA,NA,NA,NA,Isolation/Observation,CLOVER
B5,yersinia pestis,632,High,Plague,77151,Mustela nigripes,gammaproteobacteria,enterobacterales,yersiniaceae,yersinia,CHORDATA,MAMMALIA,MUSTELIDAE,CARNIVORA,Isolation/Observation,CLOVER
B5,yersinia pestis,632,High,Plague,30635,Necromys lasiurus,gammaproteobacteria,enterobacterales,yersiniaceae,yersinia,CHORDATA,MAMMALIA,CRICETIDAE,RODENTIA,PCR/Sequencing,CLOVER
B5,yersinia pestis,632,High,Plague,771787,Neodon fuscus,gammaproteobacteria,enterobacterales,yersiniaceae,yersinia,CHORDATA,MAMMALIA,CRICETIDAE,RODENTIA,Isolation/Observation,CLOVER
B5,yersinia pestis,632,High,Plague,130827,Ochotona dauurica,gammaproteobacteria,enterobacterales,yersiniaceae,yersinia,CHORDATA,MAMMALIA,OCHOTONIDAE,LAGOMORPHA,Isolation/Observation,CLOVER
B5,yersinia pestis,632,High,Plague,130839,Ochotona pallasi,gammaproteobacteria,enterobacterales,yersiniaceae,yersinia,NA,NA,NA,NA,Isolation/Observation,CLOVER
B5,yersinia pestis,632,High,Plague,9872,Odocoileus hemionus,gammaproteobacteria,enterobacterales,yersiniaceae,yersinia,CHORDATA,MAMMALIA,CERVIDAE,ARTIODACTYLA,Isolation/Observation,CLOVER
B5,yersinia pestis,632,High,Plague,38668,Onychomys leucogaster,gammaproteobacteria,enterobacterales,yersiniaceae,yersinia,CHORDATA,MAMMALIA,CRICETIDAE,RODENTIA,Isolation/Observation,CLOVER
B5,yersinia pestis,632,High,Plague,234626,Allactaga sibirica,gammaproteobacteria,enterobacterales,yersiniaceae,yersinia,NA,NA,NA,NA,Isolation/Observation,CLOVER
B5,yersinia pestis,632,High,Plague,9940,Ovis aries,gammaproteobacteria,enterobacterales,yersiniaceae,yersinia,CHORDATA,MAMMALIA,BOVIDAE,ARTIODACTYLA,Isolation/Observation,CLOVER
B5,yersinia pestis,632,High,Plague,59542,Pseudois nayaur,gammaproteobacteria,enterobacterales,yersiniaceae,yersinia,CHORDATA,MAMMALIA,BOVIDAE,ARTIODACTYLA,Isolation/Observation,CLOVER
B5,yersinia pestis,632,High,Plague,9696,Puma concolor,gammaproteobacteria,enterobacterales,yersiniaceae,yersinia,CHORDATA,MAMMALIA,FELIDAE,CARNIVORA,Isolation/Observation,CLOVER
B5,yersinia pestis,632,High,Plague,10116,Rattus norvegicus,gammaproteobacteria,enterobacterales,yersiniaceae,yersinia,CHORDATA,MAMMALIA,MURIDAE,RODENTIA,Isolation/Observation,CLOVER
B5,yersinia pestis,632,High,Plague,10117,Rattus rattus,gammaproteobacteria,enterobacterales,yersiniaceae,yersinia,CHORDATA,MAMMALIA,MURIDAE,RODENTIA,PCR/Sequencing; Isolation/Observation,CLOVER
B5,yersinia pestis,632,High,Plague,35732,Rattus tanezumi,gammaproteobacteria,enterobacterales,yersiniaceae,yersinia,CHORDATA,MAMMALIA,MURIDAE,RODENTIA,Isolation/Observation,CLOVER
B5,yersinia pestis,632,High,Plague,186474,Rhombomys opimus,gammaproteobacteria,enterobacterales,yersiniaceae,yersinia,CHORDATA,MAMMALIA,MURIDAE,RODENTIA,Isolation/Observation,CLOVER
B5,yersinia pestis,632,High,Plague,99830,Spermophilus alashanicus,gammaproteobacteria,enterobacterales,yersiniaceae,yersinia,CHORDATA,MAMMALIA,SCIURIDAE,RODENTIA,Isolation/Observation,CLOVER
B5,yersinia pestis,632,High,Plague,99837,Spermophilus dauricus,gammaproteobacteria,enterobacterales,yersiniaceae,yersinia,CHORDATA,MAMMALIA,SCIURIDAE,RODENTIA,Isolation/Observation,CLOVER
B5,yersinia pestis,632,High,Plague,9999,Urocitellus parryii,gammaproteobacteria,enterobacterales,yersiniaceae,yersinia,CHORDATA,MAMMALIA,SCIURIDAE,RODENTIA,Isolation/Observation,CLOVER
B5,yersinia pestis,632,High,Plague,55040,Urocyon cinereoargenteus,gammaproteobacteria,enterobacterales,yersiniaceae,yersinia,CHORDATA,MAMMALIA,CANIDAE,CARNIVORA,Isolation/Observation,CLOVER
B5,yersinia pestis,632,High,Plague,9643,Ursus americanus,gammaproteobacteria,enterobacterales,yersiniaceae,yersinia,CHORDATA,MAMMALIA,URSIDAE,CARNIVORA,Isolation/Observation,CLOVER
B5,yersinia pestis,632,High,Plague,9627,Vulpes vulpes,gammaproteobacteria,enterobacterales,yersiniaceae,yersinia,CHORDATA,MAMMALIA,CANIDAE,CARNIVORA,Isolation/Observation,CLOVER
