year_RCP_group,future_value,Gain,Type,MinMax,Year,RCP,disease
clim_down;max;2030;2.6,283,-73,clim_down,max,2030,2.6,bloodland lake
clim_down;max;2030;4.5,6,0,clim_down,max,2030,4.5,bloodland lake
clim_down;max;2030;6,53,-4,clim_down,max,2030,6,bloodland lake
clim_down;max;2030;8.5,877,-914,clim_down,max,2030,8.5,bloodland lake
clim_down;max;2050;2.6,3933,-1528,clim_down,max,2050,2.6,bloodland lake
clim_down;max;2050;4.5,189,-260,clim_down,max,2050,4.5,bloodland lake
clim_down;max;2050;6,901,-2758,clim_down,max,2050,6,bloodland lake
clim_down;max;2050;8.5,89,-93,clim_down,max,2050,8.5,bloodland lake
clim_down;max;2070;2.6,7656,-6419,clim_down,max,2070,2.6,bloodland lake
clim_down;max;2070;4.5,2279,-7606,clim_down,max,2070,4.5,bloodland lake
clim_down;max;2070;6,214,-677,clim_down,max,2070,6,bloodland lake
clim_down;max;2070;8.5,2449,-4905,clim_down,max,2070,8.5,bloodland lake
clim_down;max;2080;2.6,338,-255,clim_down,max,2080,2.6,bloodland lake
clim_down;max;2080;4.5,346,-143,clim_down,max,2080,4.5,bloodland lake
clim_down;max;2080;6,395,-1266,clim_down,max,2080,6,bloodland lake
clim_down;mean;2030;2.6,941,-166,clim_down,mean,2030,2.6,bloodland lake
clim_down;mean;2030;4.5,9,0,clim_down,mean,2030,4.5,bloodland lake
clim_down;mean;2030;6,83,-7,clim_down,mean,2030,6,bloodland lake
clim_down;mean;2030;8.5,1759,-1168,clim_down,mean,2030,8.5,bloodland lake
clim_down;mean;2050;2.6,5097,-1219,clim_down,mean,2050,2.6,bloodland lake
clim_down;mean;2050;4.5,325,-213,clim_down,mean,2050,4.5,bloodland lake
clim_down;mean;2050;6,1694,-2676,clim_down,mean,2050,6,bloodland lake
clim_down;mean;2050;8.5,435,-267,clim_down,mean,2050,8.5,bloodland lake
clim_down;mean;2070;2.6,12664,-6154,clim_down,mean,2070,2.6,bloodland lake
clim_down;mean;2070;4.5,4272,-8938,clim_down,mean,2070,4.5,bloodland lake
clim_down;mean;2070;6,444,-1284,clim_down,mean,2070,6,bloodland lake
clim_down;mean;2070;8.5,4851,-9119,clim_down,mean,2070,8.5,bloodland lake
clim_down;mean;2080;2.6,670,-260,clim_down,mean,2080,2.6,bloodland lake
clim_down;mean;2080;4.5,475,-128,clim_down,mean,2080,4.5,bloodland lake
clim_down;mean;2080;6,1199,-1846,clim_down,mean,2080,6,bloodland lake
clim_down;min;2030;2.6,1365,-2210,clim_down,min,2030,2.6,bloodland lake
clim_down;min;2030;4.5,19,-6,clim_down,min,2030,4.5,bloodland lake
clim_down;min;2030;6,116,-57,clim_down,min,2030,6,bloodland lake
clim_down;min;2030;8.5,2282,-3986,clim_down,min,2030,8.5,bloodland lake
clim_down;min;2050;2.6,6465,-2143,clim_down,min,2050,2.6,bloodland lake
clim_down;min;2050;4.5,454,-160,clim_down,min,2050,4.5,bloodland lake
clim_down;min;2050;6,2924,-2646,clim_down,min,2050,6,bloodland lake
clim_down;min;2050;8.5,854,-2111,clim_down,min,2050,8.5,bloodland lake
clim_down;min;2070;2.6,15650,-13526,clim_down,min,2070,2.6,bloodland lake
clim_down;min;2070;4.5,6332,-11904,clim_down,min,2070,4.5,bloodland lake
clim_down;min;2070;6,753,-5022,clim_down,min,2070,6,bloodland lake
clim_down;min;2070;8.5,7124,-18699,clim_down,min,2070,8.5,bloodland lake
clim_down;min;2080;2.6,818,-891,clim_down,min,2080,2.6,bloodland lake
clim_down;min;2080;4.5,818,-728,clim_down,min,2080,4.5,bloodland lake
clim_down;min;2080;6,1846,-5056,clim_down,min,2080,6,bloodland lake
clim_up;max;2030;2.6,43457,2208,clim_up,max,2030,2.6,bloodland lake
clim_up;max;2030;4.5,56842,2538,clim_up,max,2030,4.5,bloodland lake
clim_up;max;2030;6,53196,2431,clim_up,max,2030,6,bloodland lake
clim_up;max;2030;8.5,38870,1788,clim_up,max,2030,8.5,bloodland lake
clim_up;max;2050;2.6,12229,725,clim_up,max,2050,2.6,bloodland lake
clim_up;max;2050;4.5,55533,2668,clim_up,max,2050,4.5,bloodland lake
clim_up;max;2050;6,39366,2003,clim_up,max,2050,6,bloodland lake
clim_up;max;2050;8.5,53353,2481,clim_up,max,2050,8.5,bloodland lake
clim_up;max;2070;2.6,4682,227,clim_up,max,2070,2.6,bloodland lake
clim_up;max;2070;4.5,24310,1125,clim_up,max,2070,4.5,bloodland lake
clim_up;max;2070;6,48247,2145,clim_up,max,2070,6,bloodland lake
clim_up;max;2070;8.5,31868,1247,clim_up,max,2070,8.5,bloodland lake
clim_up;max;2080;2.6,42572,2096,clim_up,max,2080,2.6,bloodland lake
clim_up;max;2080;4.5,49450,2498,clim_up,max,2080,4.5,bloodland lake
clim_up;max;2080;6,45810,1956,clim_up,max,2080,6,bloodland lake
clim_up;mean;2030;2.6,55701,1692,clim_up,mean,2030,2.6,bloodland lake
clim_up;mean;2030;4.5,74587,2800,clim_up,mean,2030,4.5,bloodland lake
clim_up;mean;2030;6,69638,2249,clim_up,mean,2030,6,bloodland lake
clim_up;mean;2030;8.5,51001,1371,clim_up,mean,2030,8.5,bloodland lake
clim_up;mean;2050;2.6,20722,384,clim_up,mean,2050,2.6,bloodland lake
clim_up;mean;2050;4.5,73211,2796,clim_up,mean,2050,4.5,bloodland lake
clim_up;mean;2050;6,55678,2314,clim_up,mean,2050,6,bloodland lake
clim_up;mean;2050;8.5,66532,1939,clim_up,mean,2050,8.5,bloodland lake
clim_up;mean;2070;2.6,7370,62,clim_up,mean,2070,2.6,bloodland lake
clim_up;mean;2070;4.5,35495,909,clim_up,mean,2070,4.5,bloodland lake
clim_up;mean;2070;6,64066,2470,clim_up,mean,2070,6,bloodland lake
clim_up;mean;2070;8.5,39373,1056,clim_up,mean,2070,8.5,bloodland lake
clim_up;mean;2080;2.6,56477,1677,clim_up,mean,2080,2.6,bloodland lake
clim_up;mean;2080;4.5,64005,2329,clim_up,mean,2080,4.5,bloodland lake
clim_up;mean;2080;6,57284,1462,clim_up,mean,2080,6,bloodland lake
clim_up;min;2030;2.6,67159,1497,clim_up,min,2030,2.6,bloodland lake
clim_up;min;2030;4.5,94459,2576,clim_up,min,2030,4.5,bloodland lake
clim_up;min;2030;6,88133,2321,clim_up,min,2030,6,bloodland lake
clim_up;min;2030;8.5,64497,1515,clim_up,min,2030,8.5,bloodland lake
clim_up;min;2050;2.6,25936,835,clim_up,min,2050,2.6,bloodland lake
clim_up;min;2050;4.5,93022,2684,clim_up,min,2050,4.5,bloodland lake
clim_up;min;2050;6,73042,2178,clim_up,min,2050,6,bloodland lake
clim_up;min;2050;8.5,80387,1841,clim_up,min,2050,8.5,bloodland lake
clim_up;min;2070;2.6,8738,240,clim_up,min,2070,2.6,bloodland lake
clim_up;min;2070;4.5,49831,1355,clim_up,min,2070,4.5,bloodland lake
clim_up;min;2070;6,77372,1822,clim_up,min,2070,6,bloodland lake
clim_up;min;2070;8.5,46414,952,clim_up,min,2070,8.5,bloodland lake
clim_up;min;2080;2.6,69922,1890,clim_up,min,2080,2.6,bloodland lake
clim_up;min;2080;4.5,79910,2211,clim_up,min,2080,4.5,bloodland lake
clim_up;min;2080;6,67881,1296,clim_up,min,2080,6,bloodland lake
dummy;max;2030;2.6,57877,1964,dummy,max,2030,2.6,bloodland lake
dummy;max;2030;4.5,58449,2536,dummy,max,2030,4.5,bloodland lake
dummy;max;2030;6,58311,2398,dummy,max,2030,6,bloodland lake
dummy;max;2030;8.5,56106,193,dummy,max,2030,8.5,bloodland lake
dummy;max;2050;2.6,54221,-1692,dummy,max,2050,2.6,bloodland lake
dummy;max;2050;4.5,58231,2318,dummy,max,2050,4.5,bloodland lake
dummy;max;2050;6,55038,-875,dummy,max,2050,6,bloodland lake
dummy;max;2050;8.5,58209,2296,dummy,max,2050,8.5,bloodland lake
dummy;max;2070;2.6,47021,-8892,dummy,max,2070,2.6,bloodland lake
dummy;max;2070;4.5,48052,-7861,dummy,max,2070,4.5,bloodland lake
dummy;max;2070;6,57124,1211,dummy,max,2070,6,bloodland lake
dummy;max;2070;8.5,51455,-4458,dummy,max,2070,8.5,bloodland lake
dummy;max;2080;2.6,57476,1563,dummy,max,2080,2.6,bloodland lake
dummy;max;2080;4.5,58082,2169,dummy,max,2080,4.5,bloodland lake
dummy;max;2080;6,56381,468,dummy,max,2080,6,bloodland lake
dummy;mean;2030;2.6,75674,728,dummy,mean,2030,2.6,bloodland lake
dummy;mean;2030;4.5,77790,2844,dummy,mean,2030,4.5,bloodland lake
dummy;mean;2030;6,77434,2488,dummy,mean,2030,6,bloodland lake
dummy;mean;2030;8.5,73886,-1060,dummy,mean,2030,8.5,bloodland lake
dummy;mean;2050;2.6,73139,-1807,dummy,mean,2050,2.6,bloodland lake
dummy;mean;2050;4.5,77541,2595,dummy,mean,2050,4.5,bloodland lake
dummy;mean;2050;6,74568,-378,dummy,mean,2050,6,bloodland lake
dummy;mean;2050;8.5,76060,1114,dummy,mean,2050,8.5,bloodland lake
dummy;mean;2070;2.6,64363,-10583,dummy,mean,2070,2.6,bloodland lake
dummy;mean;2070;4.5,64996,-9950,dummy,mean,2070,4.5,bloodland lake
dummy;mean;2070;6,75778,832,dummy,mean,2070,6,bloodland lake
dummy;mean;2070;8.5,64128,-10818,dummy,mean,2070,8.5,bloodland lake
dummy;mean;2080;2.6,76271,1325,dummy,mean,2080,2.6,bloodland lake
dummy;mean;2080;4.5,77040,2094,dummy,mean,2080,4.5,bloodland lake
dummy;mean;2080;6,73590,-1356,dummy,mean,2080,6,bloodland lake
dummy;min;2030;2.6,96186,-1298,dummy,min,2030,2.6,bloodland lake
dummy;min;2030;4.5,100112,2628,dummy,min,2030,4.5,bloodland lake
dummy;min;2030;6,99782,2298,dummy,min,2030,6,bloodland lake
dummy;min;2030;8.5,94533,-2951,dummy,min,2030,8.5,bloodland lake
dummy;min;2050;2.6,95486,-1998,dummy,min,2050,2.6,bloodland lake
dummy;min;2050;4.5,100036,2552,dummy,min,2050,4.5,bloodland lake
dummy;min;2050;6,96818,-666,dummy,min,2050,6,bloodland lake
dummy;min;2050;8.5,96783,-701,dummy,min,2050,8.5,bloodland lake
dummy;min;2070;2.6,82636,-14848,dummy,min,2070,2.6,bloodland lake
dummy;min;2070;4.5,86252,-11232,dummy,min,2070,4.5,bloodland lake
dummy;min;2070;6,93669,-3815,dummy,min,2070,6,bloodland lake
dummy;min;2070;8.5,78763,-18721,dummy,min,2070,8.5,bloodland lake
dummy;min;2080;2.6,98380,896,dummy,min,2080,2.6,bloodland lake
dummy;min;2080;4.5,98549,1065,dummy,min,2080,4.5,bloodland lake
dummy;min;2080;6,93025,-4459,dummy,min,2080,6,bloodland lake
lu_down;max;2030;2.6,6422,262,lu_down,max,2030,2.6,bloodland lake
lu_down;max;2030;4.5,9961,780,lu_down,max,2030,4.5,bloodland lake
lu_down;max;2030;6,446,105,lu_down,max,2030,6,bloodland lake
lu_down;max;2030;8.5,8619,226,lu_down,max,2030,8.5,bloodland lake
lu_down;max;2050;2.6,8079,-337,lu_down,max,2050,2.6,bloodland lake
lu_down;max;2050;4.5,16229,1174,lu_down,max,2050,4.5,bloodland lake
lu_down;max;2050;6,921,71,lu_down,max,2050,6,bloodland lake
lu_down;max;2050;8.5,14379,707,lu_down,max,2050,8.5,bloodland lake
lu_down;max;2070;2.6,8491,-1112,lu_down,max,2070,2.6,bloodland lake
lu_down;max;2070;4.5,15574,-169,lu_down,max,2070,4.5,bloodland lake
lu_down;max;2070;6,6242,247,lu_down,max,2070,6,bloodland lake
lu_down;max;2070;8.5,17996,-724,lu_down,max,2070,8.5,bloodland lake
lu_down;max;2080;2.6,10701,51,lu_down,max,2080,2.6,bloodland lake
lu_down;max;2080;4.5,17236,1133,lu_down,max,2080,4.5,bloodland lake
lu_down;max;2080;6,11977,-49,lu_down,max,2080,6,bloodland lake
lu_down;mean;2030;2.6,8165,86,lu_down,mean,2030,2.6,bloodland lake
lu_down;mean;2030;4.5,16068,1190,lu_down,mean,2030,4.5,bloodland lake
lu_down;mean;2030;6,743,101,lu_down,mean,2030,6,bloodland lake
lu_down;mean;2030;8.5,10474,-207,lu_down,mean,2030,8.5,bloodland lake
lu_down;mean;2050;2.6,10786,-483,lu_down,mean,2050,2.6,bloodland lake
lu_down;mean;2050;4.5,24994,1543,lu_down,mean,2050,4.5,bloodland lake
lu_down;mean;2050;6,1307,21,lu_down,mean,2050,6,bloodland lake
lu_down;mean;2050;8.5,17811,408,lu_down,mean,2050,8.5,bloodland lake
lu_down;mean;2070;2.6,10963,-1746,lu_down,mean,2070,2.6,bloodland lake
lu_down;mean;2070;4.5,24516,-945,lu_down,mean,2070,4.5,bloodland lake
lu_down;mean;2070;6,7586,-54,lu_down,mean,2070,6,bloodland lake
lu_down;mean;2070;8.5,21685,-1715,lu_down,mean,2070,8.5,bloodland lake
lu_down;mean;2080;2.6,13958,-116,lu_down,mean,2080,2.6,bloodland lake
lu_down;mean;2080;4.5,28693,1415,lu_down,mean,2080,4.5,bloodland lake
lu_down;mean;2080;6,14145,-1020,lu_down,mean,2080,6,bloodland lake
lu_down;min;2030;2.6,10178,-110,lu_down,min,2030,2.6,bloodland lake
lu_down;min;2030;4.5,21492,676,lu_down,min,2030,4.5,bloodland lake
lu_down;min;2030;6,1317,121,lu_down,min,2030,6,bloodland lake
lu_down;min;2030;8.5,13263,-640,lu_down,min,2030,8.5,bloodland lake
lu_down;min;2050;2.6,14461,-591,lu_down,min,2050,2.6,bloodland lake
lu_down;min;2050;4.5,34066,1035,lu_down,min,2050,4.5,bloodland lake
lu_down;min;2050;6,2170,-94,lu_down,min,2050,6,bloodland lake
lu_down;min;2050;8.5,22308,328,lu_down,min,2050,8.5,bloodland lake
lu_down;min;2070;2.6,13985,-2474,lu_down,min,2070,2.6,bloodland lake
lu_down;min;2070;4.5,35423,-1074,lu_down,min,2070,4.5,bloodland lake
lu_down;min;2070;6,9823,-552,lu_down,min,2070,6,bloodland lake
lu_down;min;2070;8.5,26534,-2836,lu_down,min,2070,8.5,bloodland lake
lu_down;min;2080;2.6,18328,-96,lu_down,min,2080,2.6,bloodland lake
lu_down;min;2080;4.5,40783,734,lu_down,min,2080,4.5,bloodland lake
lu_down;min;2080;6,17693,-2065,lu_down,min,2080,6,bloodland lake
lu_up;max;2030;2.6,579,0,lu_up,max,2030,2.6,bloodland lake
lu_up;max;2030;4.5,17,6,lu_up,max,2030,4.5,bloodland lake
lu_up;max;2030;6,6949,68,lu_up,max,2030,6,bloodland lake
lu_up;max;2030;8.5,732,17,lu_up,max,2030,8.5,bloodland lake
lu_up;max;2050;2.6,955,-1,lu_up,max,2050,2.6,bloodland lake
lu_up;max;2050;4.5,1,1,lu_up,max,2050,4.5,bloodland lake
lu_up;max;2050;6,8066,59,lu_up,max,2050,6,bloodland lake
lu_up;max;2050;8.5,1421,27,lu_up,max,2050,8.5,bloodland lake
lu_up;max;2070;2.6,1956,-444,lu_up,max,2070,2.6,bloodland lake
lu_up;max;2070;6,5626,59,lu_up,max,2070,6,bloodland lake
lu_up;max;2070;8.5,1111,-415,lu_up,max,2070,8.5,bloodland lake
lu_up;max;2080;2.6,3491,78,lu_up,max,2080,2.6,bloodland lake
lu_up;max;2080;6,1965,37,lu_up,max,2080,6,bloodland lake
lu_up;mean;2030;2.6,770,22,lu_up,mean,2030,2.6,bloodland lake
lu_up;mean;2030;4.5,36,6,lu_up,mean,2030,4.5,bloodland lake
lu_up;mean;2030;6,13408,581,lu_up,mean,2030,6,bloodland lake
lu_up;mean;2030;8.5,1171,-42,lu_up,mean,2030,8.5,bloodland lake
lu_up;mean;2050;2.6,1297,6,lu_up,mean,2050,2.6,bloodland lake
lu_up;mean;2050;4.5,3,1,lu_up,mean,2050,4.5,bloodland lake
lu_up;mean;2050;6,16379,660,lu_up,mean,2050,6,bloodland lake
lu_up;mean;2050;8.5,2245,-29,lu_up,mean,2050,8.5,bloodland lake
lu_up;mean;2070;2.6,3153,-850,lu_up,mean,2070,2.6,bloodland lake
lu_up;mean;2070;6,11521,586,lu_up,mean,2070,6,bloodland lake
lu_up;mean;2070;8.5,1559,-970,lu_up,mean,2070,8.5,bloodland lake
lu_up;mean;2080;2.6,5437,164,lu_up,mean,2080,2.6,bloodland lake
lu_up;mean;2080;4.5,1,0,lu_up,mean,2080,4.5,bloodland lake
lu_up;mean;2080;6,3979,-29,lu_up,mean,2080,6,bloodland lake
lu_up;min;2030;2.6,886,17,lu_up,min,2030,2.6,bloodland lake
lu_up;min;2030;4.5,47,6,lu_up,min,2030,4.5,bloodland lake
lu_up;min;2030;6,21257,721,lu_up,min,2030,6,bloodland lake
lu_up;min;2030;8.5,1659,-61,lu_up,min,2030,8.5,bloodland lake
lu_up;min;2050;2.6,1501,7,lu_up,min,2050,2.6,bloodland lake
lu_up;min;2050;4.5,3,1,lu_up,min,2050,4.5,bloodland lake
lu_up;min;2050;6,25867,690,lu_up,min,2050,6,bloodland lake
lu_up;min;2050;8.5,3041,-175,lu_up,min,2050,8.5,bloodland lake
lu_up;min;2070;2.6,4213,-833,lu_up,min,2070,2.6,bloodland lake
lu_up;min;2070;6,17378,-183,lu_up,min,2070,6,bloodland lake
lu_up;min;2070;8.5,2019,-1636,lu_up,min,2070,8.5,bloodland lake
lu_up;min;2080;2.6,6745,180,lu_up,min,2080,2.6,bloodland lake
lu_up;min;2080;4.5,1,0,lu_up,min,2080,4.5,bloodland lake
lu_up;min;2080;6,6305,-27,lu_up,min,2080,6,bloodland lake
people_in_povertySSP1;max;2030;2.6,-15979.5837775045,-2941.43849940706,people_in_povertySSP1,max,2030,2.6,bloodland lake
people_in_povertySSP1;max;2030;4.5,-18176.5919302206,-5138.44665212317,people_in_povertySSP1,max,2030,4.5,bloodland lake
people_in_povertySSP1;max;2030;6,-18120.8962534178,-5082.75097532038,people_in_povertySSP1,max,2030,6,bloodland lake
people_in_povertySSP1;max;2030;8.5,-14524.9493306376,-1486.80405254019,people_in_povertySSP1,max,2030,8.5,bloodland lake
people_in_povertySSP1;max;2050;2.6,-26038.6674600225,-1607.63933141592,people_in_povertySSP1,max,2050,2.6,bloodland lake
people_in_povertySSP1;max;2050;4.5,-34596.8020170925,-10165.773888486,people_in_povertySSP1,max,2050,4.5,bloodland lake
people_in_povertySSP1;max;2050;6,-30456.7433058997,-6025.71517729313,people_in_povertySSP1,max,2050,6,bloodland lake
people_in_povertySSP1;max;2050;8.5,-34527.984075586,-10096.9559469794,people_in_povertySSP1,max,2050,8.5,bloodland lake
people_in_povertySSP1;max;2070;2.6,-20127.6236812933,12731.0432092972,people_in_povertySSP1,max,2070,2.6,bloodland lake
people_in_povertySSP1;max;2070;4.5,-32744.1695335046,114.49735708586,people_in_povertySSP1,max,2070,4.5,bloodland lake
people_in_povertySSP1;max;2070;6,-43223.239945267,-10364.5730546765,people_in_povertySSP1,max,2070,6,bloodland lake
people_in_povertySSP1;max;2070;8.5,-25864.3552637647,6994.31162682573,people_in_povertySSP1,max,2070,8.5,bloodland lake
people_in_povertySSP1;max;2080;2.6,-47655.7419242637,-11899.8475670774,people_in_povertySSP1,max,2080,2.6,bloodland lake
people_in_povertySSP1;max;2080;4.5,-51362.8908577382,-15606.9965005519,people_in_povertySSP1,max,2080,4.5,bloodland lake
people_in_povertySSP1;max;2080;6,-43871.1314813265,-8115.23712414016,people_in_povertySSP1,max,2080,6,bloodland lake
people_in_povertySSP1;mean;2030;2.6,-27285.5449282,-2607.86613213027,people_in_povertySSP1,mean,2030,2.6,bloodland lake
people_in_povertySSP1;mean;2030;4.5,-29428.6471372095,-4750.96834113977,people_in_povertySSP1,mean,2030,4.5,bloodland lake
people_in_povertySSP1;mean;2030;6,-29343.3855246471,-4665.70672857744,people_in_povertySSP1,mean,2030,6,bloodland lake
people_in_povertySSP1;mean;2030;8.5,-25615.0127313967,-937.333935326999,people_in_povertySSP1,mean,2030,8.5,bloodland lake
people_in_povertySSP1;mean;2050;2.6,-47906.2966591268,-1400.63703598981,people_in_povertySSP1,mean,2050,2.6,bloodland lake
people_in_povertySSP1;mean;2050;4.5,-55805.7289570065,-9300.06933386953,people_in_povertySSP1,mean,2050,4.5,bloodland lake
people_in_povertySSP1;mean;2050;6,-54390.1951438483,-7884.53552071135,people_in_povertySSP1,mean,2050,6,bloodland lake
people_in_povertySSP1;mean;2050;8.5,-54259.792750917,-7754.13312778009,people_in_povertySSP1,mean,2050,8.5,bloodland lake
people_in_povertySSP1;mean;2070;2.6,-39428.5362328665,23432.8342938608,people_in_povertySSP1,mean,2070,2.6,bloodland lake
people_in_povertySSP1;mean;2070;4.5,-57729.155897676,5132.21462905131,people_in_povertySSP1,mean,2070,4.5,bloodland lake
people_in_povertySSP1;mean;2070;6,-73845.4626458418,-10984.0921191145,people_in_povertySSP1,mean,2070,6,bloodland lake
people_in_povertySSP1;mean;2070;8.5,-41740.3697785024,21121.0007482249,people_in_povertySSP1,mean,2070,8.5,bloodland lake
people_in_povertySSP1;mean;2080;2.6,-81583.6402441169,-13039.6517457231,people_in_povertySSP1,mean,2080,2.6,bloodland lake
people_in_povertySSP1;mean;2080;4.5,-82377.2692026152,-13833.2807042213,people_in_povertySSP1,mean,2080,4.5,bloodland lake
people_in_povertySSP1;mean;2080;6,-73894.506400296,-5350.51790190217,people_in_povertySSP1,mean,2080,6,bloodland lake
people_in_povertySSP1;min;2030;2.6,-44842.4404247421,-2148.30858830863,people_in_povertySSP1,min,2030,2.6,bloodland lake
people_in_povertySSP1;min;2030;4.5,-48434.2331484951,-5740.10131206165,people_in_povertySSP1,min,2030,4.5,bloodland lake
people_in_povertySSP1;min;2030;6,-48368.468613905,-5674.33677747154,people_in_povertySSP1,min,2030,6,bloodland lake
people_in_povertySSP1;min;2030;8.5,-46376.9926751702,-3682.8608387368,people_in_povertySSP1,min,2030,8.5,bloodland lake
people_in_povertySSP1;min;2050;2.6,-86239.0621194852,-5271.24999126239,people_in_povertySSP1,min,2050,2.6,bloodland lake
people_in_povertySSP1;min;2050;4.5,-92252.1172077767,-11284.3050795539,people_in_povertySSP1,min,2050,4.5,bloodland lake
people_in_povertySSP1;min;2050;6,-90868.2911673332,-9900.47903911033,people_in_povertySSP1,min,2050,6,bloodland lake
people_in_povertySSP1;min;2050;8.5,-89053.3040300897,-8085.49190186684,people_in_povertySSP1,min,2050,8.5,bloodland lake
people_in_povertySSP1;min;2070;2.6,-71180.0601119073,38848.7877127425,people_in_povertySSP1,min,2070,2.6,bloodland lake
people_in_povertySSP1;min;2070;4.5,-110297.171460804,-268.323636153757,people_in_povertySSP1,min,2070,4.5,bloodland lake
people_in_povertySSP1;min;2070;6,-108417.210675311,1611.6371493388,people_in_povertySSP1,min,2070,6,bloodland lake
people_in_povertySSP1;min;2070;8.5,-71689.2831007833,38339.5647238666,people_in_povertySSP1,min,2070,8.5,bloodland lake
people_in_povertySSP1;min;2080;2.6,-136289.122254757,-16057.7096211842,people_in_povertySSP1,min,2080,2.6,bloodland lake
people_in_povertySSP1;min;2080;4.5,-135870.220699401,-15638.8080658282,people_in_povertySSP1,min,2080,4.5,bloodland lake
people_in_povertySSP1;min;2080;6,-119802.402683469,429.009950103442,people_in_povertySSP1,min,2080,6,bloodland lake
people_in_povertySSP2;max;2030;2.6,-6372.64113825535,-999.734472481648,people_in_povertySSP2,max,2030,2.6,bloodland lake
people_in_povertySSP2;max;2030;4.5,-7064.48938879089,-1691.58272301719,people_in_povertySSP2,max,2030,4.5,bloodland lake
people_in_povertySSP2;max;2030;6,-7045.90570926074,-1672.99904348703,people_in_povertySSP2,max,2030,6,bloodland lake
people_in_povertySSP2;max;2030;8.5,-5880.61556659024,-507.708900816542,people_in_povertySSP2,max,2030,8.5,bloodland lake
people_in_povertySSP2;max;2050;2.6,-12419.1001976201,-678.269127469042,people_in_povertySSP2,max,2050,2.6,bloodland lake
people_in_povertySSP2;max;2050;4.5,-15862.945448479,-4122.11437832794,people_in_povertySSP2,max,2050,4.5,bloodland lake
people_in_povertySSP2;max;2050;6,-14217.249147006,-2476.41807685496,people_in_povertySSP2,max,2050,6,bloodland lake
people_in_povertySSP2;max;2050;8.5,-15828.0651330391,-4087.23406288806,people_in_povertySSP2,max,2050,8.5,bloodland lake
people_in_povertySSP2;max;2070;2.6,-11304.4274263224,6661.96993244822,people_in_povertySSP2,max,2070,2.6,bloodland lake
people_in_povertySSP2;max;2070;4.5,-17817.2566044188,149.140754351749,people_in_povertySSP2,max,2070,4.5,bloodland lake
people_in_povertySSP2;max;2070;6,-22965.2763271762,-4998.87896840563,people_in_povertySSP2,max,2070,6,bloodland lake
people_in_povertySSP2;max;2070;8.5,-14313.2478715941,3653.1494871765,people_in_povertySSP2,max,2070,8.5,bloodland lake
people_in_povertySSP2;max;2080;2.6,-27211.9671547181,-6262.41118768601,people_in_povertySSP2,max,2080,2.6,bloodland lake
people_in_povertySSP2;max;2080;4.5,-29108.3738628561,-8158.81789582402,people_in_povertySSP2,max,2080,4.5,bloodland lake
people_in_povertySSP2;max;2080;6,-25236.5203297319,-4286.96436269976,people_in_povertySSP2,max,2080,6,bloodland lake
people_in_povertySSP2;mean;2030;2.6,-10747.0407140489,-801.000010886683,people_in_povertySSP2,mean,2030,2.6,bloodland lake
people_in_povertySSP2;mean;2030;4.5,-11556.9773600227,-1610.93665686042,people_in_povertySSP2,mean,2030,4.5,bloodland lake
people_in_povertySSP2;mean;2030;6,-11517.6376264711,-1571.59692330882,people_in_povertySSP2,mean,2030,6,bloodland lake
people_in_povertySSP2;mean;2030;8.5,-10199.6067087381,-253.566005575814,people_in_povertySSP2,mean,2030,8.5,bloodland lake
people_in_povertySSP2;mean;2050;2.6,-22524.2034803926,-580.635980055224,people_in_povertySSP2,mean,2050,2.6,bloodland lake
people_in_povertySSP2;mean;2050;4.5,-25786.3923498753,-3842.82484953793,people_in_povertySSP2,mean,2050,4.5,bloodland lake
people_in_povertySSP2;mean;2050;6,-25194.3039666299,-3250.73646629253,people_in_povertySSP2,mean,2050,6,bloodland lake
people_in_povertySSP2;mean;2050;8.5,-25037.3313256461,-3093.76382530871,people_in_povertySSP2,mean,2050,8.5,bloodland lake
people_in_povertySSP2;mean;2070;2.6,-21627.7163356852,12232.8740216764,people_in_povertySSP2,mean,2070,2.6,bloodland lake
people_in_povertySSP2;mean;2070;4.5,-31248.8870674084,2611.7032899532,people_in_povertySSP2,mean,2070,4.5,bloodland lake
people_in_povertySSP2;mean;2070;6,-39125.0704158373,-5264.48005847573,people_in_povertySSP2,mean,2070,6,bloodland lake
people_in_povertySSP2;mean;2070;8.5,-22646.0239678996,11214.566389462,people_in_povertySSP2,mean,2070,8.5,bloodland lake
people_in_povertySSP2;mean;2080;2.6,-46473.2092719336,-6843.34611199852,people_in_povertySSP2,mean,2080,2.6,bloodland lake
people_in_povertySSP2;mean;2080;4.5,-46916.4989552471,-7286.63579531203,people_in_povertySSP2,mean,2080,4.5,bloodland lake
people_in_povertySSP2;mean;2080;6,-42272.1078040764,-2642.24464414134,people_in_povertySSP2,mean,2080,6,bloodland lake
people_in_povertySSP2;min;2030;2.6,-17332.5315094789,-546.33181761199,people_in_povertySSP2,min,2030,2.6,bloodland lake
people_in_povertySSP2;min;2030;4.5,-18699.5763831529,-1913.37669128601,people_in_povertySSP2,min,2030,4.5,bloodland lake
people_in_povertySSP2;min;2030;6,-18668.1257638156,-1881.92607194866,people_in_povertySSP2,min,2030,6,bloodland lake
people_in_povertySSP2;min;2030;8.5,-17840.6534518961,-1054.45376002921,people_in_povertySSP2,min,2030,8.5,bloodland lake
people_in_povertySSP2;min;2050;2.6,-39552.3193733461,-2100.21415480178,people_in_povertySSP2,min,2050,2.6,bloodland lake
people_in_povertySSP2;min;2050;4.5,-42063.7722731589,-4611.66705461453,people_in_povertySSP2,min,2050,4.5,bloodland lake
people_in_povertySSP2;min;2050;6,-41464.012406352,-4011.90718780764,people_in_povertySSP2,min,2050,6,bloodland lake
people_in_povertySSP2;min;2050;8.5,-40567.9900767214,-3115.88485817705,people_in_povertySSP2,min,2050,8.5,bloodland lake
people_in_povertySSP2;min;2070;2.6,-38113.333861049,20215.8471522683,people_in_povertySSP2,min,2070,2.6,bloodland lake
people_in_povertySSP2;min;2070;4.5,-58154.8194477059,174.361565611333,people_in_povertySSP2,min,2070,4.5,bloodland lake
people_in_povertySSP2;min;2070;6,-56981.6244273695,1347.55658594773,people_in_povertySSP2,min,2070,6,bloodland lake
people_in_povertySSP2;min;2070;8.5,-37844.6427740007,20484.5382393165,people_in_povertySSP2,min,2070,8.5,bloodland lake
people_in_povertySSP2;min;2080;2.6,-76902.138485115,-8358.62999842022,people_in_povertySSP2,min,2080,2.6,bloodland lake
people_in_povertySSP2;min;2080;4.5,-76695.5371865539,-8152.02869985909,people_in_povertySSP2,min,2080,4.5,bloodland lake
people_in_povertySSP2;min;2080;6,-67901.7125850895,641.795901605321,people_in_povertySSP2,min,2080,6,bloodland lake
people_in_povertySSP3;max;2030;2.6,6969.91444702198,1813.73919348394,people_in_povertySSP3,max,2030,2.6,bloodland lake
people_in_povertySSP3;max;2030;4.5,8494.93540822459,3338.76015468655,people_in_povertySSP3,max,2030,4.5,bloodland lake
people_in_povertySSP3;max;2030;6,8459.74405397969,3303.56880044165,people_in_povertySSP3,max,2030,6,bloodland lake
people_in_povertySSP3;max;2030;8.5,6061.4469428853,905.271689347266,people_in_povertySSP3,max,2030,8.5,bloodland lake
people_in_povertySSP3;max;2050;2.6,7881.33434642523,803.573640805608,people_in_povertySSP3,max,2050,2.6,bloodland lake
people_in_povertySSP3;max;2050;4.5,12793.1836087267,5715.42290310712,people_in_povertySSP3,max,2050,4.5,bloodland lake
people_in_povertySSP3;max;2050;6,10345.1301051686,3267.36939954903,people_in_povertySSP3,max,2050,6,bloodland lake
people_in_povertySSP3;max;2050;8.5,12779.954662229,5702.1939566094,people_in_povertySSP3,max,2050,8.5,bloodland lake
people_in_povertySSP3;max;2070;2.6,3258.42811049266,-4163.14048846017,people_in_povertySSP3,max,2070,2.6,bloodland lake
people_in_povertySSP3;max;2070;4.5,7730.04559714363,308.476998190802,people_in_povertySSP3,max,2070,4.5,bloodland lake
people_in_povertySSP3;max;2070;6,12564.9745725972,5143.40597364435,people_in_povertySSP3,max,2070,6,bloodland lake
people_in_povertySSP3;max;2070;8.5,5082.22297055773,-2339.3456283951,people_in_povertySSP3,max,2070,8.5,bloodland lake
people_in_povertySSP3;max;2080;2.6,12600.8256175551,5544.91475684219,people_in_povertySSP3,max,2080,2.6,bloodland lake
people_in_povertySSP3;max;2080;4.5,14578.2832898643,7522.37242915133,people_in_povertySSP3,max,2080,4.5,bloodland lake
people_in_povertySSP3;max;2080;6,10763.8849215004,3707.97406078749,people_in_povertySSP3,max,2080,6,bloodland lake
people_in_povertySSP3;mean;2030;2.6,12336.945612223,1868.64055548499,people_in_povertySSP3,mean,2030,2.6,bloodland lake
people_in_povertySSP3;mean;2030;4.5,13413.1970268812,2944.89197014315,people_in_povertySSP3,mean,2030,4.5,bloodland lake
people_in_povertySSP3;mean;2030;6,13392.6680085903,2924.36295185229,people_in_povertySSP3,mean,2030,6,bloodland lake
people_in_povertySSP3;mean;2030;8.5,11239.8290439258,771.523987187779,people_in_povertySSP3,mean,2030,8.5,bloodland lake
people_in_povertySSP3;mean;2050;2.6,15782.3380387179,738.178673000666,people_in_povertySSP3,mean,2050,2.6,bloodland lake
people_in_povertySSP3;mean;2050;4.5,20021.1290358091,4976.96967009186,people_in_povertySSP3,mean,2050,4.5,bloodland lake
people_in_povertySSP3;mean;2050;6,19288.6112262523,4244.45186053506,people_in_povertySSP3,mean,2050,6,bloodland lake
people_in_povertySSP3;mean;2050;8.5,19586.9937465849,4542.83438086762,people_in_povertySSP3,mean,2050,8.5,bloodland lake
people_in_povertySSP3;mean;2070;2.6,8637.86584092356,-7865.69684113344,people_in_povertySSP3,mean,2070,2.6,bloodland lake
people_in_povertySSP3;mean;2070;4.5,14482.5498206833,-2021.01286137365,people_in_povertySSP3,mean,2070,4.5,bloodland lake
people_in_povertySSP3;mean;2070;6,22104.3784385328,5600.81575647582,people_in_povertySSP3,mean,2070,6,bloodland lake
people_in_povertySSP3;mean;2070;8.5,10172.9521504135,-6330.61053164348,people_in_povertySSP3,mean,2070,8.5,bloodland lake
people_in_povertySSP3;mean;2080;2.6,22266.1499606843,6170.55400968637,people_in_povertySSP3,mean,2080,2.6,bloodland lake
people_in_povertySSP3;mean;2080;4.5,22523.4131511493,6427.81720015134,people_in_povertySSP3,mean,2080,4.5,bloodland lake
people_in_povertySSP3;mean;2080;6,19331.1333027154,3235.53735171747,people_in_povertySSP3,mean,2080,6,bloodland lake
people_in_povertySSP3;min;2030;2.6,21316.0596178565,1896.30715323454,people_in_povertySSP3,min,2030,2.6,bloodland lake
people_in_povertySSP3;min;2030;4.5,23091.5763048825,3671.82384026051,people_in_povertySSP3,min,2030,4.5,bloodland lake
people_in_povertySSP3;min;2030;6,23079.3929866628,3659.64052204089,people_in_povertySSP3,min,2030,6,bloodland lake
people_in_povertySSP3;min;2030;8.5,22308.4194088318,2888.66694420987,people_in_povertySSP3,min,2030,8.5,bloodland lake
people_in_povertySSP3;min;2050;2.6,32112.9399353707,3131.97636427923,people_in_povertySSP3,min,2050,2.6,bloodland lake
people_in_povertySSP3;min;2050;4.5,35241.7199837758,6260.75641268438,people_in_povertySSP3,min,2050,4.5,bloodland lake
people_in_povertySSP3;min;2050;6,34603.9688040157,5623.00523292424,people_in_povertySSP3,min,2050,6,bloodland lake
people_in_povertySSP3;min;2050;8.5,34139.6096300223,5158.64605893086,people_in_povertySSP3,min,2050,8.5,bloodland lake
people_in_povertySSP3;min;2070;2.6,19588.5390556304,-13325.7279083232,people_in_povertySSP3,min,2070,2.6,bloodland lake
people_in_povertySSP3;min;2070;4.5,34361.3681606688,1447.10119671511,people_in_povertySSP3,min,2070,4.5,bloodland lake
people_in_povertySSP3;min;2070;6,34492.9611597465,1578.69419579283,people_in_povertySSP3,min,2070,6,bloodland lake
people_in_povertySSP3;min;2070;8.5,21987.6621947811,-10926.6047691726,people_in_povertySSP3,min,2070,8.5,bloodland lake
people_in_povertySSP3;min;2080;2.6,40671.5657725332,7965.67941091049,people_in_povertySSP3,min,2080,2.6,bloodland lake
people_in_povertySSP3;min;2080;4.5,40415.4645973818,7709.57823575908,people_in_povertySSP3,min,2080,4.5,bloodland lake
people_in_povertySSP3;min;2080;6,34334.6498590546,1628.76349743191,people_in_povertySSP3,min,2080,6,bloodland lake
people_in_povertySSP4;max;2030;2.6,-5882.27369106157,-876.57647561936,people_in_povertySSP4,max,2030,2.6,bloodland lake
people_in_povertySSP4;max;2030;4.5,-6471.78646029977,-1466.08924485756,people_in_povertySSP4,max,2030,4.5,bloodland lake
people_in_povertySSP4;max;2030;6,-6455.5202534181,-1449.82303797589,people_in_povertySSP4,max,2030,6,bloodland lake
people_in_povertySSP4;max;2030;8.5,-5452.50340394747,-446.806188505256,people_in_povertySSP4,max,2030,8.5,bloodland lake
people_in_povertySSP4;max;2050;2.6,-11863.7439563149,-627.284827375952,people_in_povertySSP4,max,2050,2.6,bloodland lake
people_in_povertySSP4;max;2050;4.5,-14998.2616531412,-3761.80252420226,people_in_povertySSP4,max,2050,4.5,bloodland lake
people_in_povertySSP4;max;2050;6,-13506.6351893941,-2270.17606045522,people_in_povertySSP4,max,2050,6,bloodland lake
people_in_povertySSP4;max;2050;8.5,-14964.2838323991,-3727.82470346022,people_in_povertySSP4,max,2050,8.5,bloodland lake
people_in_povertySSP4;max;2070;2.6,-10914.6381061378,6313.34921786043,people_in_povertySSP4,max,2070,2.6,bloodland lake
people_in_povertySSP4;max;2070;4.5,-17067.1982927242,160.78903127406,people_in_povertySSP4,max,2070,4.5,bloodland lake
people_in_povertySSP4;max;2070;6,-21861.4364542763,-4633.44913027806,people_in_povertySSP4,max,2070,6,bloodland lake
people_in_povertySSP4;max;2070;8.5,-13769.8836268906,3458.10369710765,people_in_povertySSP4,max,2070,8.5,bloodland lake
people_in_povertySSP4;max;2080;2.6,-25775.1883686358,-5798.65590345837,people_in_povertySSP4,max,2080,2.6,bloodland lake
people_in_povertySSP4;max;2080;4.5,-27516.0333046202,-7539.50083944278,people_in_povertySSP4,max,2080,4.5,bloodland lake
people_in_povertySSP4;max;2080;6,-23950.5007222361,-3973.96825705876,people_in_povertySSP4,max,2080,6,bloodland lake
people_in_povertySSP4;mean;2030;2.6,-9876.99051822936,-676.393910880546,people_in_povertySSP4,mean,2030,2.6,bloodland lake
people_in_povertySSP4;mean;2030;4.5,-10611.5102458579,-1410.91363850906,people_in_povertySSP4,mean,2030,4.5,bloodland lake
people_in_povertySSP4;mean;2030;6,-10573.7056158255,-1373.10900847672,people_in_povertySSP4,mean,2030,6,bloodland lake
people_in_povertySSP4;mean;2030;8.5,-9403.92976382866,-203.333156479841,people_in_povertySSP4,mean,2030,8.5,bloodland lake
people_in_povertySSP4;mean;2050;2.6,-21427.0725495242,-534.223538483708,people_in_povertySSP4,mean,2050,2.6,bloodland lake
people_in_povertySSP4;mean;2050;4.5,-24419.2305277912,-3526.38151675071,people_in_povertySSP4,mean,2050,4.5,bloodland lake
people_in_povertySSP4;mean;2050;6,-23874.6006207942,-2981.75160975379,people_in_povertySSP4,mean,2050,6,bloodland lake
people_in_povertySSP4;mean;2050;8.5,-23701.5929323407,-2808.74392130021,people_in_povertySSP4,mean,2050,8.5,bloodland lake
people_in_povertySSP4;mean;2070;2.6,-20753.081564914,11577.557516418,people_in_povertySSP4,mean,2070,2.6,bloodland lake
people_in_povertySSP4;mean;2070;4.5,-29877.3936617442,2453.2454195877,people_in_povertySSP4,mean,2070,4.5,bloodland lake
people_in_povertySSP4;mean;2070;6,-37200.1129633849,-4869.47388205303,people_in_povertySSP4,mean,2070,6,bloodland lake
people_in_povertySSP4;mean;2070;8.5,-21672.1994616663,10658.4396196656,people_in_povertySSP4,mean,2070,8.5,bloodland lake
people_in_povertySSP4;mean;2080;2.6,-43975.9842787923,-6330.84337192102,people_in_povertySSP4,mean,2080,2.6,bloodland lake
people_in_povertySSP4;mean;2080;4.5,-44393.1937249788,-6748.0528181075,people_in_povertySSP4,mean,2080,4.5,bloodland lake
people_in_povertySSP4;mean;2080;6,-40048.163324764,-2403.02241789271,people_in_povertySSP4,mean,2080,6,bloodland lake
people_in_povertySSP4;min;2030;2.6,-15834.526932661,-420.792490156611,people_in_povertySSP4,min,2030,2.6,bloodland lake
people_in_povertySSP4;min;2030;4.5,-17076.722222781,-1662.98778027669,people_in_povertySSP4,min,2030,4.5,bloodland lake
people_in_povertySSP4;min;2030;6,-17046.1495416467,-1632.41509914231,people_in_povertySSP4,min,2030,6,bloodland lake
people_in_povertySSP4;min;2030;8.5,-16274.2965613444,-860.562118840027,people_in_povertySSP4,min,2030,8.5,bloodland lake
people_in_povertySSP4;min;2050;2.6,-37369.6439145401,-1901.685684721,people_in_povertySSP4,min,2050,2.6,bloodland lake
people_in_povertySSP4;min;2050;4.5,-39680.5295171457,-4212.57128732655,people_in_povertySSP4,min,2050,4.5,bloodland lake
people_in_povertySSP4;min;2050;6,-39122.598028805,-3654.63979898585,people_in_povertySSP4,min,2050,6,bloodland lake
people_in_povertySSP4;min;2050;8.5,-38262.0246191317,-2794.06638931255,people_in_povertySSP4,min,2050,8.5,bloodland lake
people_in_povertySSP4;min;2070;2.6,-36341.6976374187,19115.8258940399,people_in_povertySSP4,min,2070,2.6,bloodland lake
people_in_povertySSP4;min;2070;4.5,-55209.2664189966,248.257112461979,people_in_povertySSP4,min,2070,4.5,bloodland lake
people_in_povertySSP4;min;2070;6,-54054.4321712862,1403.0913601724,people_in_povertySSP4,min,2070,6,bloodland lake
people_in_povertySSP4;min;2070;8.5,-35953.7609889036,19503.762542555,people_in_povertySSP4,min,2070,8.5,bloodland lake
people_in_povertySSP4;min;2080;2.6,-72571.6903791572,-7708.87639519158,people_in_povertySSP4,min,2080,2.6,bloodland lake
people_in_povertySSP4;min;2080;4.5,-72384.166929667,-7521.35294570145,people_in_povertySSP4,min,2080,4.5,bloodland lake
people_in_povertySSP4;min;2080;6,-64159.7012209999,703.112762965691,people_in_povertySSP4,min,2080,6,bloodland lake
people_in_povertySSP5;max;2030;2.6,-5078.96222144014,-821.042740635647,people_in_povertySSP5,max,2030,2.6,bloodland lake
people_in_povertySSP5;max;2030;4.5,-5656.10250114032,-1398.18302033582,people_in_povertySSP5,max,2030,4.5,bloodland lake
people_in_povertySSP5;max;2030;6,-5640.85650453825,-1382.93702373376,people_in_povertySSP5,max,2030,6,bloodland lake
people_in_povertySSP5;max;2030;8.5,-4672.70135683768,-414.781876033179,people_in_povertySSP5,max,2030,8.5,bloodland lake
people_in_povertySSP5;max;2050;2.6,-10184.2616389923,-568.272958873853,people_in_povertySSP5,max,2050,2.6,bloodland lake
people_in_povertySSP5;max;2050;4.5,-13105.0271107804,-3489.03843066193,people_in_povertySSP5,max,2050,4.5,bloodland lake
people_in_povertySSP5;max;2050;6,-11706.9527863083,-2090.96410618977,people_in_povertySSP5,max,2050,6,bloodland lake
people_in_povertySSP5;max;2050;8.5,-13076.7691824499,-3460.78050233137,people_in_povertySSP5,max,2050,8.5,bloodland lake
people_in_povertySSP5;max;2070;2.6,-10159.4135883298,6085.63138723726,people_in_povertySSP5,max,2070,2.6,bloodland lake
people_in_povertySSP5;max;2070;4.5,-16120.4124537354,124.632521831631,people_in_povertySSP5,max,2070,4.5,bloodland lake
people_in_povertySSP5;max;2070;6,-20881.2478009449,-4636.20282537784,people_in_povertySSP5,max,2070,6,bloodland lake
people_in_povertySSP5;max;2070;8.5,-12900.4770411464,3344.56793442066,people_in_povertySSP5,max,2070,8.5,bloodland lake
people_in_povertySSP5;max;2080;2.6,-26210.3041252687,-6134.59511686991,people_in_povertySSP5,max,2080,2.6,bloodland lake
people_in_povertySSP5;max;2080;4.5,-28080.0595227455,-8004.35051434674,people_in_povertySSP5,max,2080,4.5,bloodland lake
people_in_povertySSP5;max;2080;6,-24271.6564884666,-4195.94748006788,people_in_povertySSP5,max,2080,6,bloodland lake
people_in_povertySSP5;mean;2030;2.6,-8606.69570888098,-670.199656238811,people_in_povertySSP5,mean,2030,2.6,bloodland lake
people_in_povertySSP5;mean;2030;4.5,-9262.45364351161,-1325.95759086945,people_in_povertySSP5,mean,2030,4.5,bloodland lake
people_in_povertySSP5;mean;2030;6,-9231.75646916978,-1295.26041652762,people_in_povertySSP5,mean,2030,6,bloodland lake
people_in_povertySSP5;mean;2030;8.5,-8151.69239833741,-215.196345695244,people_in_povertySSP5,mean,2030,8.5,bloodland lake
people_in_povertySSP5;mean;2050;2.6,-18564.7411725079,-488.308780402313,people_in_povertySSP5,mean,2050,2.6,bloodland lake
people_in_povertySSP5;mean;2050;4.5,-21320.4052117579,-3243.97281965231,people_in_povertySSP5,mean,2050,4.5,bloodland lake
people_in_povertySSP5;mean;2050;6,-20822.3127452412,-2745.88035313564,people_in_povertySSP5,mean,2050,6,bloodland lake
people_in_povertySSP5;mean;2050;8.5,-20703.9619716879,-2627.52957958234,people_in_povertySSP5,mean,2050,8.5,bloodland lake
people_in_povertySSP5;mean;2070;2.6,-19549.0933201438,11200.1476785252,people_in_povertySSP5,mean,2070,2.6,bloodland lake
people_in_povertySSP5;mean;2070;4.5,-28345.1176424045,2404.12335626446,people_in_povertySSP5,mean,2070,4.5,bloodland lake
people_in_povertySSP5;mean;2070;6,-35641.5937613692,-4892.35276270022,people_in_povertySSP5,mean,2070,6,bloodland lake
people_in_povertySSP5;mean;2070;8.5,-20507.3669530512,10241.8740456178,people_in_povertySSP5,mean,2070,8.5,bloodland lake
people_in_povertySSP5;mean;2080;2.6,-44821.2884333576,-6709.76650065123,people_in_povertySSP5,mean,2080,2.6,bloodland lake
people_in_povertySSP5;mean;2080;4.5,-45250.4614223469,-7138.9394896405,people_in_povertySSP5,mean,2080,4.5,bloodland lake
people_in_povertySSP5;mean;2080;6,-40728.9427703765,-2617.42083767007,people_in_povertySSP5,mean,2080,6,bloodland lake
people_in_povertySSP5;min;2030;2.6,-13951.2257610831,-482.159723947722,people_in_povertySSP5,min,2030,2.6,bloodland lake
people_in_povertySSP5;min;2030;4.5,-15057.7868792915,-1588.72084215613,people_in_povertySSP5,min,2030,4.5,bloodland lake
people_in_povertySSP5;min;2030;6,-15033.54201022,-1564.47597308464,people_in_povertySSP5,min,2030,6,bloodland lake
people_in_povertySSP5;min;2030;8.5,-14373.8379890767,-904.771951941349,people_in_povertySSP5,min,2030,8.5,bloodland lake
people_in_povertySSP5;min;2050;2.6,-32790.8376319357,-1798.49879796254,people_in_povertySSP5,min,2050,2.6,bloodland lake
people_in_povertySSP5;min;2050;4.5,-34909.5155539163,-3917.17671994315,people_in_povertySSP5,min,2050,4.5,bloodland lake
people_in_povertySSP5;min;2050;6,-34409.6587607894,-3417.31992681622,people_in_povertySSP5,min,2050,6,bloodland lake
people_in_povertySSP5;min;2050;8.5,-33667.9263729874,-2675.58753901427,people_in_povertySSP5,min,2050,8.5,bloodland lake
people_in_povertySSP5;min;2070;2.6,-34637.1746883998,18526.1757704082,people_in_povertySSP5,min,2070,2.6,bloodland lake
people_in_povertySSP5;min;2070;4.5,-53073.3008738868,90.0495849211948,people_in_povertySSP5,min,2070,4.5,bloodland lake
people_in_povertySSP5;min;2070;6,-52021.2321302529,1142.11832855509,people_in_povertySSP5,min,2070,6,bloodland lake
people_in_povertySSP5;min;2070;8.5,-34485.8009036763,18677.5495551317,people_in_povertySSP5,min,2070,8.5,bloodland lake
people_in_povertySSP5;min;2080;2.6,-74343.2167158336,-8219.26486146318,people_in_povertySSP5,min,2080,2.6,bloodland lake
people_in_povertySSP5;min;2080;4.5,-74138.3370599152,-8014.38520554478,people_in_povertySSP5,min,2080,4.5,bloodland lake
people_in_povertySSP5;min;2080;6,-65573.6926727506,550.259181619767,people_in_povertySSP5,min,2080,6,bloodland lake
peopleSSP1;max;2030;2.6,1274909,329100.777777778,peopleSSP1,max,2030,2.6,bloodland lake
peopleSSP1;max;2030;4.5,1551299.88888889,605491.666666667,peopleSSP1,max,2030,4.5,bloodland lake
peopleSSP1;max;2030;6,1544907.77777778,599099.555555555,peopleSSP1,max,2030,6,bloodland lake
peopleSSP1;max;2030;8.5,1110871.22222222,165063.000000001,peopleSSP1,max,2030,8.5,bloodland lake
peopleSSP1;max;2050;2.6,1847980.22222222,168034.444444444,peopleSSP1,max,2050,2.6,bloodland lake
peopleSSP1;max;2050;4.5,2842955.88888889,1163010.11111111,peopleSSP1,max,2050,4.5,bloodland lake
peopleSSP1;max;2050;6,2348329.11111111,668383.333333333,peopleSSP1,max,2050,6,bloodland lake
peopleSSP1;max;2050;8.5,2839467.66666666,1159521.88888889,peopleSSP1,max,2050,8.5,bloodland lake
peopleSSP1;max;2070;2.6,1157687.88888889,-1075304.22222222,peopleSSP1,max,2070,2.6,bloodland lake
peopleSSP1;max;2070;4.5,2286380,53387.8888888885,peopleSSP1,max,2070,4.5,bloodland lake
peopleSSP1;max;2070;6,3409108.44444444,1176116.33333333,peopleSSP1,max,2070,6,bloodland lake
peopleSSP1;max;2070;8.5,1637617,-595375.111111112,peopleSSP1,max,2070,8.5,bloodland lake
peopleSSP1;max;2080;2.6,3735675.11111111,1346250.66666667,peopleSSP1,max,2080,2.6,bloodland lake
peopleSSP1;max;2080;4.5,4197459.77777778,1808035.33333334,peopleSSP1,max,2080,4.5,bloodland lake
peopleSSP1;max;2080;6,3294741.77777778,905317.333333333,peopleSSP1,max,2080,6,bloodland lake
peopleSSP1;mean;2030;2.6,2248619.11111111,338610.888888889,peopleSSP1,mean,2030,2.6,bloodland lake
peopleSSP1;mean;2030;4.5,2443982.55555556,533974.333333333,peopleSSP1,mean,2030,4.5,bloodland lake
peopleSSP1;mean;2030;6,2440127.55555556,530119.333333333,peopleSSP1,mean,2030,6,bloodland lake
peopleSSP1;mean;2030;8.5,2050371.77777778,140363.555555556,peopleSSP1,mean,2030,8.5,bloodland lake
peopleSSP1;mean;2050;2.6,3593984.55555555,152727.222222222,peopleSSP1,mean,2050,2.6,bloodland lake
peopleSSP1;mean;2050;4.5,4461468.44444444,1020211.11111111,peopleSSP1,mean,2050,4.5,bloodland lake
peopleSSP1;mean;2050;6,4310051.33333333,868793.999999998,peopleSSP1,mean,2050,6,bloodland lake
peopleSSP1;mean;2050;8.5,4359240.88888889,917983.555555554,peopleSSP1,mean,2050,8.5,bloodland lake
peopleSSP1;mean;2070;2.6,2630157,-1998883.77777778,peopleSSP1,mean,2070,2.6,bloodland lake
peopleSSP1;mean;2070;4.5,4143513.66666667,-485527.111111111,peopleSSP1,mean,2070,4.5,bloodland lake
peopleSSP1;mean;2070;6,5899096.44444445,1270055.66666667,peopleSSP1,mean,2070,6,bloodland lake
peopleSSP1;mean;2070;8.5,2961075.11111111,-1667965.66666667,peopleSSP1,mean,2070,8.5,bloodland lake
peopleSSP1;mean;2080;2.6,6479562.33333334,1489893.44444445,peopleSSP1,mean,2080,2.6,bloodland lake
peopleSSP1;mean;2080;4.5,6549402.22222222,1559733.33333334,peopleSSP1,mean,2080,4.5,bloodland lake
peopleSSP1;mean;2080;6,5730211.55555556,740542.666666668,peopleSSP1,mean,2080,6,bloodland lake
peopleSSP1;min;2030;2.6,3875579.44444445,341248.88888889,peopleSSP1,min,2030,2.6,bloodland lake
peopleSSP1;min;2030;4.5,4197297.88888889,662967.333333334,peopleSSP1,min,2030,4.5,bloodland lake
peopleSSP1;min;2030;6,4194912.55555556,660582,peopleSSP1,min,2030,6,bloodland lake
peopleSSP1;min;2030;8.5,4054423.11111111,520092.555555556,peopleSSP1,min,2030,8.5,bloodland lake
peopleSSP1;min;2050;2.6,7073534.55555555,625071,peopleSSP1,min,2050,2.6,bloodland lake
peopleSSP1;min;2050;4.5,7716529.77777777,1268066.22222222,peopleSSP1,min,2050,4.5,bloodland lake
peopleSSP1;min;2050;6,7581407.11111111,1132943.55555556,peopleSSP1,min,2050,6,bloodland lake
peopleSSP1;min;2050;8.5,7472072.44444444,1023608.88888889,peopleSSP1,min,2050,8.5,bloodland lake
peopleSSP1;min;2070;2.6,5403825.88888889,-3359999.88888889,peopleSSP1,min,2070,2.6,bloodland lake
peopleSSP1;min;2070;4.5,9008071.11111111,244245.333333332,peopleSSP1,min,2070,4.5,bloodland lake
peopleSSP1;min;2070;6,8984305.55555556,220479.777777778,peopleSSP1,min,2070,6,bloodland lake
peopleSSP1;min;2070;8.5,5825448.22222222,-2938377.55555556,peopleSSP1,min,2070,8.5,bloodland lake
peopleSSP1;min;2080;2.6,11392166.5555556,1887493,peopleSSP1,min,2080,2.6,bloodland lake
peopleSSP1;min;2080;4.5,11334069.2222222,1829395.66666667,peopleSSP1,min,2080,4.5,bloodland lake
peopleSSP1;min;2080;6,9780015.66666667,275342.111111112,peopleSSP1,min,2080,6,bloodland lake
peopleSSP2;max;2030;2.6,1188187,314436.777777778,peopleSSP2,max,2030,2.6,bloodland lake
peopleSSP2;max;2030;4.5,1453587.55555556,579837.333333334,peopleSSP2,max,2030,4.5,bloodland lake
peopleSSP2;max;2030;6,1447452.22222222,573702.000000001,peopleSSP2,max,2030,6,bloodland lake
peopleSSP2;max;2030;8.5,1031378.77777778,157628.555555556,peopleSSP2,max,2030,8.5,bloodland lake
peopleSSP2;max;2050;2.6,1608083.22222222,153904.888888889,peopleSSP2,max,2050,2.6,bloodland lake
peopleSSP2;max;2050;4.5,2530225.55555556,1076047.22222222,peopleSSP2,max,2050,4.5,bloodland lake
peopleSSP2;max;2050;6,2071495.22222222,617316.888888889,peopleSSP2,max,2050,6,bloodland lake
peopleSSP2;max;2050;8.5,2527263,1073084.66666667,peopleSSP2,max,2050,8.5,bloodland lake
peopleSSP2;max;2070;2.6,950669.666666667,-950913.888888889,peopleSSP2,max,2070,2.6,bloodland lake
peopleSSP2;max;2070;4.5,1956808.77777778,55225.2222222225,peopleSSP2,max,2070,4.5,bloodland lake
peopleSSP2;max;2070;6,2979195.33333333,1077611.77777778,peopleSSP2,max,2070,6,bloodland lake
peopleSSP2;max;2070;8.5,1374176.44444444,-527407.111111111,peopleSSP2,max,2070,8.5,bloodland lake
peopleSSP2;max;2080;2.6,3231682,1224799.33333333,peopleSSP2,max,2080,2.6,bloodland lake
peopleSSP2;max;2080;4.5,3655971.88888889,1649089.22222222,peopleSSP2,max,2080,4.5,bloodland lake
peopleSSP2;max;2080;6,2829521.22222222,822638.555555556,peopleSSP2,max,2080,6,bloodland lake
peopleSSP2;mean;2030;2.6,2102559.66666667,326036.777777778,peopleSSP2,mean,2030,2.6,bloodland lake
peopleSSP2;mean;2030;4.5,2286621.88888889,510099.000000001,peopleSSP2,mean,2030,4.5,bloodland lake
peopleSSP2;mean;2030;6,2283243.77777778,506720.88888889,peopleSSP2,mean,2030,6,bloodland lake
peopleSSP2;mean;2030;8.5,1912655.66666667,136132.777777778,peopleSSP2,mean,2030,8.5,bloodland lake
peopleSSP2;mean;2050;2.6,3158478.33333333,140450.666666667,peopleSSP2,mean,2050,2.6,bloodland lake
peopleSSP2;mean;2050;4.5,3958152.77777778,940125.111111112,peopleSSP2,mean,2050,4.5,bloodland lake
peopleSSP2;mean;2050;6,3819430.88888889,801403.222222224,peopleSSP2,mean,2050,6,bloodland lake
peopleSSP2;mean;2050;8.5,3869961,851933.333333335,peopleSSP2,mean,2050,8.5,bloodland lake
peopleSSP2;mean;2070;2.6,2232578.77777778,-1771403.88888889,peopleSSP2,mean,2070,2.6,bloodland lake
peopleSSP2;mean;2070;4.5,3567758.33333333,-436224.333333333,peopleSSP2,mean,2070,4.5,bloodland lake
peopleSSP2;mean;2070;6,5169680.88888889,1165698.22222222,peopleSSP2,mean,2070,6,bloodland lake
peopleSSP2;mean;2070;8.5,2541989.22222222,-1461993.44444444,peopleSSP2,mean,2070,8.5,bloodland lake
peopleSSP2;mean;2080;2.6,5622126.77777778,1356925.88888889,peopleSSP2,mean,2080,2.6,bloodland lake
peopleSSP2;mean;2080;4.5,5683728.66666667,1418527.77777778,peopleSSP2,mean,2080,4.5,bloodland lake
peopleSSP2;mean;2080;6,4951685.66666667,686484.777777778,peopleSSP2,mean,2080,6,bloodland lake
peopleSSP2;min;2030;2.6,3637709.44444445,331439.444444446,peopleSSP2,min,2030,2.6,bloodland lake
peopleSSP2;min;2030;4.5,3940723.77777778,634453.777777779,peopleSSP2,min,2030,4.5,bloodland lake
peopleSSP2;min;2030;6,3938724.33333334,632454.333333334,peopleSSP2,min,2030,6,bloodland lake
peopleSSP2;min;2030;8.5,3809115.88888889,502845.88888889,peopleSSP2,min,2030,8.5,bloodland lake
peopleSSP2;min;2050;2.6,6299531.55555555,580854.666666668,peopleSSP2,min,2050,2.6,bloodland lake
peopleSSP2;min;2050;4.5,6890781.44444444,1172104.55555556,peopleSSP2,min,2050,4.5,bloodland lake
peopleSSP2;min;2050;6,6768105.88888889,1049429,peopleSSP2,min,2050,6,bloodland lake
peopleSSP2;min;2050;8.5,6674879.22222222,956202.333333335,peopleSSP2,min,2050,8.5,bloodland lake
peopleSSP2;min;2070;2.6,4696646.44444444,-2982973.55555556,peopleSSP2,min,2070,2.6,bloodland lake
peopleSSP2;min;2070;4.5,7924915.33333333,245295.333333333,peopleSSP2,min,2070,4.5,bloodland lake
peopleSSP2;min;2070;6,7919566.44444444,239946.444444443,peopleSSP2,min,2070,6,bloodland lake
peopleSSP2;min;2070;8.5,5117087.77777778,-2562532.22222222,peopleSSP2,min,2070,8.5,bloodland lake
peopleSSP2;min;2080;2.6,9968631.66666667,1725196.88888889,peopleSSP2,min,2080,2.6,bloodland lake
peopleSSP2;min;2080;4.5,9914616.88888889,1671182.11111111,peopleSSP2,min,2080,4.5,bloodland lake
peopleSSP2;min;2080;6,8525067.44444445,281632.666666668,peopleSSP2,min,2080,6,bloodland lake
peopleSSP3;max;2030;2.6,387750.888888888,181336.666666667,peopleSSP3,max,2030,2.6,bloodland lake
peopleSSP3;max;2030;4.5,558445.555555555,352031.333333335,peopleSSP3,max,2030,4.5,bloodland lake
peopleSSP3;max;2030;6,554837.333333333,348423.111111113,peopleSSP3,max,2030,6,bloodland lake
peopleSSP3;max;2030;8.5,295597.999999999,89183.7777777785,peopleSSP3,max,2030,8.5,bloodland lake
peopleSSP3;max;2050;2.6,-301843.777777778,43278.3333333334,peopleSSP3,max,2050,2.6,bloodland lake
peopleSSP3;max;2050;4.5,52606,397728.111111112,peopleSSP3,max,2050,4.5,bloodland lake
peopleSSP3;max;2050;6,-132878.555555556,212243.555555556,peopleSSP3,max,2050,6,bloodland lake
peopleSSP3;max;2050;8.5,54885.5555555555,400007.666666667,peopleSSP3,max,2050,8.5,bloodland lake
peopleSSP3;max;2070;2.6,-911151.222222223,191644.333333333,peopleSSP3,max,2070,2.6,bloodland lake
peopleSSP3;max;2070;4.5,-1037516.22222222,65279.3333333338,peopleSSP3,max,2070,4.5,bloodland lake
peopleSSP3;max;2070;6,-937269.111111111,165526.444444445,peopleSSP3,max,2070,6,bloodland lake
peopleSSP3;max;2070;8.5,-1006901.55555556,95894.0000000002,peopleSSP3,max,2070,8.5,bloodland lake
peopleSSP3;max;2080;2.6,-1464517.55555555,59906.7777777789,peopleSSP3,max,2080,2.6,bloodland lake
peopleSSP3;max;2080;4.5,-1401527.88888889,122896.444444447,peopleSSP3,max,2080,4.5,bloodland lake
peopleSSP3;max;2080;6,-1496610.11111111,27814.222222223,peopleSSP3,max,2080,6,bloodland lake
peopleSSP3;mean;2030;2.6,753040.222222222,214704.777777779,peopleSSP3,mean,2030,2.6,bloodland lake
peopleSSP3;mean;2030;4.5,834449.222222222,296113.77777778,peopleSSP3,mean,2030,4.5,bloodland lake
peopleSSP3;mean;2030;6,835833.888888889,297498.444444446,peopleSSP3,mean,2030,6,bloodland lake
peopleSSP3;mean;2030;8.5,636095.11111111,97759.6666666672,peopleSSP3,mean,2030,8.5,bloodland lake
peopleSSP3;mean;2050;2.6,-304230.444444445,45146.888888889,peopleSSP3,mean,2050,2.6,bloodland lake
peopleSSP3;mean;2050;4.5,-34664.666666667,314712.666666667,peopleSSP3,mean,2050,4.5,bloodland lake
peopleSSP3;mean;2050;6,-77670.0000000009,271707.333333333,peopleSSP3,mean,2050,6,bloodland lake
peopleSSP3;mean;2050;8.5,-10192.666666667,339184.666666667,peopleSSP3,mean,2050,8.5,bloodland lake
peopleSSP3;mean;2070;2.6,-1372477.88888889,316115.333333335,peopleSSP3,mean,2070,2.6,bloodland lake
peopleSSP3;mean;2070;4.5,-1673905.22222222,14688.0000000009,peopleSSP3,mean,2070,4.5,bloodland lake
peopleSSP3;mean;2070;6,-1485761,202832.222222223,peopleSSP3,mean,2070,6,bloodland lake
peopleSSP3;mean;2070;8.5,-1264380.44444444,424212.777777779,peopleSSP3,mean,2070,8.5,bloodland lake
peopleSSP3;mean;2080;2.6,-2386201.33333333,82317.5555555574,peopleSSP3,mean,2080,2.6,bloodland lake
peopleSSP3;mean;2080;4.5,-2402211,66307.8888888909,peopleSSP3,mean,2080,4.5,bloodland lake
peopleSSP3;mean;2080;6,-2309385.55555555,159133.333333334,peopleSSP3,mean,2080,6,bloodland lake
peopleSSP3;min;2030;2.6,1453841.66666667,250965.77777778,peopleSSP3,min,2030,2.6,bloodland lake
peopleSSP3;min;2030;4.5,1584507.55555556,381631.666666668,peopleSSP3,min,2030,4.5,bloodland lake
peopleSSP3;min;2030;6,1586339.33333333,383463.444444445,peopleSSP3,min,2030,6,bloodland lake
peopleSSP3;min;2030;8.5,1558127.44444444,355251.555555557,peopleSSP3,min,2030,8.5,bloodland lake
peopleSSP3;min;2050;2.6,176199.222222223,239302.666666668,peopleSSP3,min,2050,2.6,bloodland lake
peopleSSP3;min;2050;4.5,362310.666666668,425414.111111112,peopleSSP3,min,2050,4.5,bloodland lake
peopleSSP3;min;2050;6,335586.111111112,398689.555555557,peopleSSP3,min,2050,6,bloodland lake
peopleSSP3;min;2050;8.5,373089.777777779,436193.222222224,peopleSSP3,min,2050,8.5,bloodland lake
peopleSSP3;min;2070;2.6,-1746589.77777778,471880.555555556,peopleSSP3,min,2070,2.6,bloodland lake
peopleSSP3;min;2070;4.5,-1973767.77777778,244702.555555557,peopleSSP3,min,2070,4.5,bloodland lake
peopleSSP3;min;2070;6,-1808380.22222222,410090.111111112,peopleSSP3,min,2070,6,bloodland lake
peopleSSP3;min;2070;8.5,-1345155,873315.333333335,peopleSSP3,min,2070,8.5,bloodland lake
peopleSSP3;min;2080;2.6,-3371607.22222222,165816.333333334,peopleSSP3,min,2080,2.6,bloodland lake
peopleSSP3;min;2080;4.5,-3384537.33333333,152886.222222224,peopleSSP3,min,2080,4.5,bloodland lake
peopleSSP3;min;2080;6,-3214535.22222222,322888.333333334,peopleSSP3,min,2080,6,bloodland lake
peopleSSP4;max;2030;2.6,943688.111111112,273641.222222222,peopleSSP4,max,2030,2.6,bloodland lake
peopleSSP4;max;2030;4.5,1179892.88888889,509846.000000002,peopleSSP4,max,2030,4.5,bloodland lake
peopleSSP4;max;2030;6,1174548.22222222,504501.333333335,peopleSSP4,max,2030,6,bloodland lake
peopleSSP4;max;2030;8.5,806682.444444445,136635.555555556,peopleSSP4,max,2030,8.5,bloodland lake
peopleSSP4;max;2050;2.6,962016.333333334,116288.666666667,peopleSSP4,max,2050,2.6,bloodland lake
peopleSSP4;max;2050;4.5,1691376.77777778,845649.111111114,peopleSSP4,max,2050,4.5,bloodland lake
peopleSSP4;max;2050;6,1325111.55555556,479383.88888889,peopleSSP4,max,2050,6,bloodland lake
peopleSSP4;max;2050;8.5,1690258,844530.333333336,peopleSSP4,max,2050,8.5,bloodland lake
peopleSSP4;max;2070;2.6,208583.333333333,-499749.222222222,peopleSSP4,max,2070,2.6,bloodland lake
peopleSSP4;max;2070;4.5,768071.555555555,59739.0000000005,peopleSSP4,max,2070,4.5,bloodland lake
peopleSSP4;max;2070;6,1429279.66666667,720947.111111112,peopleSSP4,max,2070,6,bloodland lake
peopleSSP4;max;2070;8.5,426991.333333332,-281341.222222222,peopleSSP4,max,2070,8.5,bloodland lake
peopleSSP4;max;2080;2.6,1234767.66666667,738032.888888889,peopleSSP4,max,2080,2.6,bloodland lake
peopleSSP4;max;2080;4.5,1508980.22222222,1012245.44444445,peopleSSP4,max,2080,4.5,bloodland lake
peopleSSP4;max;2080;6,986953.333333333,490218.555555556,peopleSSP4,max,2080,6,bloodland lake
peopleSSP4;mean;2030;2.6,1690939,291650.333333334,peopleSSP4,mean,2030,2.6,bloodland lake
peopleSSP4;mean;2030;4.5,1843702.33333333,444413.666666668,peopleSSP4,mean,2030,4.5,bloodland lake
peopleSSP4;mean;2030;6,1841780.33333333,442491.666666668,peopleSSP4,mean,2030,6,bloodland lake
peopleSSP4;mean;2030;8.5,1523524.66666667,124236.000000001,peopleSSP4,mean,2030,8.5,bloodland lake
peopleSSP4;mean;2050;2.6,1985180.77777778,107965.666666667,peopleSSP4,mean,2050,2.6,bloodland lake
peopleSSP4;mean;2050;4.5,2604893.22222222,727678.111111113,peopleSSP4,mean,2050,4.5,bloodland lake
peopleSSP4;mean;2050;6,2498385.55555556,621170.444444446,peopleSSP4,mean,2050,6,bloodland lake
peopleSSP4;mean;2050;8.5,2555026.77777778,677811.666666669,peopleSSP4,mean,2050,8.5,bloodland lake
peopleSSP4;mean;2070;2.6,800373.111111111,-947666.444444443,peopleSSP4,mean,2070,2.6,bloodland lake
peopleSSP4;mean;2070;4.5,1489073.66666667,-258965.888888889,peopleSSP4,mean,2070,4.5,bloodland lake
peopleSSP4;mean;2070;6,2537612.88888889,789573.333333335,peopleSSP4,mean,2070,6,bloodland lake
peopleSSP4;mean;2070;8.5,1031985.77777778,-716053.777777778,peopleSSP4,mean,2070,8.5,bloodland lake
peopleSSP4;mean;2080;2.6,2220607.66666667,824552.444444445,peopleSSP4,mean,2080,2.6,bloodland lake
peopleSSP4;mean;2080;4.5,2249365.55555556,853310.333333334,peopleSSP4,mean,2080,4.5,bloodland lake
peopleSSP4;mean;2080;6,1864227.33333333,468172.111111112,peopleSSP4,mean,2080,6,bloodland lake
peopleSSP4;min;2030;2.6,2971155.22222222,306317.555555557,peopleSSP4,min,2030,2.6,bloodland lake
peopleSSP4;min;2030;4.5,3221600,556762.333333334,peopleSSP4,min,2030,4.5,bloodland lake
peopleSSP4;min;2030;6,3220784.88888889,555947.222222222,peopleSSP4,min,2030,6,bloodland lake
peopleSSP4;min;2030;8.5,3122155.11111111,457317.444444445,peopleSSP4,min,2030,8.5,bloodland lake
peopleSSP4;min;2050;2.6,4222786.88888889,464647.000000001,peopleSSP4,min,2050,2.6,bloodland lake
peopleSSP4;min;2050;4.5,4676499.22222223,918359.333333335,peopleSSP4,min,2050,4.5,bloodland lake
peopleSSP4;min;2050;6,4586152.88888889,828013.000000003,peopleSSP4,min,2050,6,bloodland lake
peopleSSP4;min;2050;8.5,4537507.77777778,779367.888888891,peopleSSP4,min,2050,8.5,bloodland lake
peopleSSP4;min;2070;2.6,2144469.88888889,-1619814,peopleSSP4,min,2070,2.6,bloodland lake
peopleSSP4;min;2070;4.5,4012405.33333333,248121.444444444,peopleSSP4,min,2070,4.5,bloodland lake
peopleSSP4;min;2070;6,4076034.88888889,311751.000000002,peopleSSP4,min,2070,6,bloodland lake
peopleSSP4;min;2070;8.5,2562104.77777778,-1202179.11111111,peopleSSP4,min,2070,8.5,bloodland lake
peopleSSP4;min;2080;2.6,4316073.55555555,1076019.22222222,peopleSSP4,min,2080,2.6,bloodland lake
peopleSSP4;min;2080;4.5,4278874.11111111,1038819.77777778,peopleSSP4,min,2080,4.5,bloodland lake
peopleSSP4;min;2080;6,3544812.88888889,304758.555555556,peopleSSP4,min,2080,6,bloodland lake
peopleSSP5;max;2030;2.6,2004283.33333333,448106,peopleSSP5,max,2030,2.6,bloodland lake
peopleSSP5;max;2030;4.5,2364332.44444445,808155.111111113,peopleSSP5,max,2030,4.5,bloodland lake
peopleSSP5;max;2030;6,2355672.88888889,799495.555555557,peopleSSP5,max,2030,6,bloodland lake
peopleSSP5;max;2030;8.5,1782270.88888889,226093.555555556,peopleSSP5,max,2030,8.5,bloodland lake
peopleSSP5;max;2050;2.6,3721457.22222222,273059.777777778,peopleSSP5,max,2050,2.6,bloodland lake
peopleSSP5;max;2050;4.5,5250817.66666667,1802420.22222222,peopleSSP5,max,2050,4.5,bloodland lake
peopleSSP5;max;2050;6,4500334.22222222,1051936.77777778,peopleSSP5,max,2050,6,bloodland lake
peopleSSP5;max;2050;8.5,5241970.77777778,1793573.33333333,peopleSSP5,max,2050,8.5,bloodland lake
peopleSSP5;max;2070;2.6,3297331.77777778,-2332487.11111111,peopleSSP5,max,2070,2.6,bloodland lake
peopleSSP5;max;2070;4.5,5662337.66666667,32518.777777778,peopleSSP5,max,2070,4.5,bloodland lake
peopleSSP5;max;2070;6,7767128,2137309.11111111,peopleSSP5,max,2070,6,bloodland lake
peopleSSP5;max;2070;8.5,4351423.55555556,-1278395.33333333,peopleSSP5,max,2070,8.5,bloodland lake
peopleSSP5;max;2080;2.6,9306711.33333333,2639871.55555556,peopleSSP5,max,2080,2.6,bloodland lake
peopleSSP5;max;2080;4.5,10160241.4444444,3493401.66666667,peopleSSP5,max,2080,4.5,bloodland lake
peopleSSP5;max;2080;6,8457873.33333333,1791033.55555556,peopleSSP5,max,2080,6,bloodland lake
peopleSSP5;mean;2030;2.6,3474694.77777778,437027.111111112,peopleSSP5,mean,2030,2.6,bloodland lake
peopleSSP5;mean;2030;4.5,3762439.88888889,724772.222222224,peopleSSP5,mean,2030,4.5,bloodland lake
peopleSSP5;mean;2030;6,3754233.22222222,716565.555555557,peopleSSP5,mean,2030,6,bloodland lake
peopleSSP5;mean;2030;8.5,3211588.88888889,173921.222222223,peopleSSP5,mean,2030,8.5,bloodland lake
peopleSSP5;mean;2050;2.6,6975906.66666667,242799.444444444,peopleSSP5,mean,2050,2.6,bloodland lake
peopleSSP5;mean;2050;4.5,8345165.33333333,1612058.11111111,peopleSSP5,mean,2050,4.5,bloodland lake
peopleSSP5;mean;2050;6,8102902.77777778,1369795.55555556,peopleSSP5,mean,2050,6,bloodland lake
peopleSSP5;mean;2050;8.5,8132227.66666667,1399120.44444444,peopleSSP5,mean,2050,8.5,bloodland lake
peopleSSP5;mean;2070;2.6,6712191.11111111,-4286972.77777778,peopleSSP5,mean,2070,2.6,bloodland lake
peopleSSP5;mean;2070;4.5,10024171.7777778,-974992.111111112,peopleSSP5,mean,2070,4.5,bloodland lake
peopleSSP5;mean;2070;6,13278488,2279324.11111111,peopleSSP5,mean,2070,6,bloodland lake
peopleSSP5;mean;2070;8.5,7246897.33333333,-3752266.55555555,peopleSSP5,mean,2070,8.5,bloodland lake
peopleSSP5;mean;2080;2.6,15935662.4444444,2900123,peopleSSP5,mean,2080,2.6,bloodland lake
peopleSSP5;mean;2080;4.5,16096033,3060493.55555555,peopleSSP5,mean,2080,4.5,bloodland lake
peopleSSP5;mean;2080;6,14337707,1302167.55555556,peopleSSP5,mean,2080,6,bloodland lake
peopleSSP5;min;2030;2.6,5852569.55555556,410302.000000001,peopleSSP5,min,2030,2.6,bloodland lake
peopleSSP5;min;2030;4.5,6329797.77777778,887530.222222224,peopleSSP5,min,2030,4.5,bloodland lake
peopleSSP5;min;2030;6,6323907.55555556,881640.000000002,peopleSSP5,min,2030,6,bloodland lake
peopleSSP5;min;2030;8.5,6091254.55555556,648987.000000002,peopleSSP5,min,2030,8.5,bloodland lake
peopleSSP5;min;2050;2.6,13013789.7777778,944026.222222224,peopleSSP5,min,2050,2.6,bloodland lake
peopleSSP5;min;2050;4.5,14041204.7777778,1971441.22222222,peopleSSP5,min,2050,4.5,bloodland lake
peopleSSP5;min;2050;6,13813812.1111111,1744048.55555556,peopleSSP5,min,2050,6,bloodland lake
peopleSSP5;min;2050;8.5,13575932.5555556,1506169,peopleSSP5,min,2050,8.5,bloodland lake
peopleSSP5;min;2070;2.6,12593912.1111111,-7136659.55555556,peopleSSP5,min,2070,2.6,bloodland lake
peopleSSP5;min;2070;4.5,19937495.6666667,206924.000000004,peopleSSP5,min,2070,4.5,bloodland lake
peopleSSP5;min;2070;6,19711754.1111111,-18817.5555555522,peopleSSP5,min,2070,6,bloodland lake
peopleSSP5;min;2070;8.5,12980853.8888889,-6749717.77777778,peopleSSP5,min,2070,8.5,bloodland lake
peopleSSP5;min;2080;2.6,27000832.1111111,3595974.22222222,peopleSSP5,min,2080,2.6,bloodland lake
peopleSSP5;min;2080;4.5,26898925.4444444,3494067.55555556,peopleSSP5,min,2080,4.5,bloodland lake
peopleSSP5;min;2080;6,23570895.7777778,166037.888888888,peopleSSP5,min,2080,6,bloodland lake
