year_RCP_group,future_value,Gain,Type,MinMax,Year,RCP
clim_down;max;2030;2.6,777,-2215,clim_down,max,2030,2.6
clim_down;max;2030;4.5,4803,-6588,clim_down,max,2030,4.5
clim_down;max;2030;6,4158,-3644,clim_down,max,2030,6
clim_down;max;2030;8.5,4245,-7962,clim_down,max,2030,8.5
clim_down;max;2050;2.6,3704,-5348,clim_down,max,2050,2.6
clim_down;max;2050;4.5,48,-3,clim_down,max,2050,4.5
clim_down;max;2050;6,1315,-2337,clim_down,max,2050,6
clim_down;max;2050;8.5,2957,-5347,clim_down,max,2050,8.5
clim_down;max;2070;2.6,1846,-5150,clim_down,max,2070,2.6
clim_down;max;2070;4.5,4752,-3733,clim_down,max,2070,4.5
clim_down;max;2070;6,5723,-6640,clim_down,max,2070,6
clim_down;max;2070;8.5,2122,-5529,clim_down,max,2070,8.5
clim_down;max;2080;2.6,4138,-4239,clim_down,max,2080,2.6
clim_down;max;2080;4.5,4071,-1771,clim_down,max,2080,4.5
clim_down;max;2080;6,2159,-3520,clim_down,max,2080,6
clim_down;max;2080;8.5,2458,-8782,clim_down,max,2080,8.5
clim_down;mean;2030;2.6,11245,-739,clim_down,mean,2030,2.6
clim_down;mean;2030;4.5,25290,-1419,clim_down,mean,2030,4.5
clim_down;mean;2030;6,16926,-562,clim_down,mean,2030,6
clim_down;mean;2030;8.5,27051,-1929,clim_down,mean,2030,8.5
clim_down;mean;2050;2.6,25037,-2589,clim_down,mean,2050,2.6
clim_down;mean;2050;4.5,58,-26,clim_down,mean,2050,4.5
clim_down;mean;2050;6,17583,-179,clim_down,mean,2050,6
clim_down;mean;2050;8.5,17122,-13624,clim_down,mean,2050,8.5
clim_down;mean;2070;2.6,22104,-4509,clim_down,mean,2070,2.6
clim_down;mean;2070;4.5,31244,-1723,clim_down,mean,2070,4.5
clim_down;mean;2070;6,25150,-758,clim_down,mean,2070,6
clim_down;mean;2070;8.5,15896,-12842,clim_down,mean,2070,8.5
clim_down;mean;2080;2.6,24592,-1835,clim_down,mean,2080,2.6
clim_down;mean;2080;4.5,19282,-740,clim_down,mean,2080,4.5
clim_down;mean;2080;6,20748,-1658,clim_down,mean,2080,6
clim_down;mean;2080;8.5,21264,-16147,clim_down,mean,2080,8.5
clim_down;min;2030;2.6,15953,-66,clim_down,min,2030,2.6
clim_down;min;2030;4.5,30038,-153,clim_down,min,2030,4.5
clim_down;min;2030;6,20451,-233,clim_down,min,2030,6
clim_down;min;2030;8.5,36526,-341,clim_down,min,2030,8.5
clim_down;min;2050;2.6,32278,-136,clim_down,min,2050,2.6
clim_down;min;2050;4.5,109,-12,clim_down,min,2050,4.5
clim_down;min;2050;6,20117,-51,clim_down,min,2050,6
clim_down;min;2050;8.5,36052,-228,clim_down,min,2050,8.5
clim_down;min;2070;2.6,31328,-96,clim_down,min,2070,2.6
clim_down;min;2070;4.5,41199,-229,clim_down,min,2070,4.5
clim_down;min;2070;6,31069,-348,clim_down,min,2070,6
clim_down;min;2070;8.5,37040,-216,clim_down,min,2070,8.5
clim_down;min;2080;2.6,33194,-233,clim_down,min,2080,2.6
clim_down;min;2080;4.5,25547,-56,clim_down,min,2080,4.5
clim_down;min;2080;6,26073,-91,clim_down,min,2080,6
clim_down;min;2080;8.5,48152,-324,clim_down,min,2080,8.5
clim_up;max;2030;2.6,1685,-49,clim_up,max,2030,2.6
clim_up;max;2030;4.5,1617,81,clim_up,max,2030,4.5
clim_up;max;2030;6,1074,-225,clim_up,max,2030,6
clim_up;max;2030;8.5,9,-155,clim_up,max,2030,8.5
clim_up;max;2050;2.6,994,-48,clim_up,max,2050,2.6
clim_up;max;2050;4.5,58259,-2586,clim_up,max,2050,4.5
clim_up;max;2050;6,6874,117,clim_up,max,2050,6
clim_up;max;2050;8.5,2322,-98,clim_up,max,2050,8.5
clim_up;max;2070;2.6,1931,3,clim_up,max,2070,2.6
clim_up;max;2070;4.5,2088,188,clim_up,max,2070,4.5
clim_up;max;2070;6,214,1,clim_up,max,2070,6
clim_up;max;2070;8.5,4533,-74,clim_up,max,2070,8.5
clim_up;max;2080;2.6,1418,-36,clim_up,max,2080,2.6
clim_up;max;2080;4.5,1698,130,clim_up,max,2080,4.5
clim_up;max;2080;6,3923,353,clim_up,max,2080,6
clim_up;max;2080;8.5,3624,-100,clim_up,max,2080,8.5
clim_up;mean;2030;2.6,12706,191,clim_up,mean,2030,2.6
clim_up;mean;2030;4.5,10480,352,clim_up,mean,2030,4.5
clim_up;mean;2030;6,43577,4665,clim_up,mean,2030,6
clim_up;mean;2030;8.5,36455,2056,clim_up,mean,2030,8.5
clim_up;mean;2050;2.6,8457,816,clim_up,mean,2050,2.6
clim_up;mean;2050;4.5,189333,-137,clim_up,mean,2050,4.5
clim_up;mean;2050;6,14758,158,clim_up,mean,2050,6
clim_up;mean;2050;8.5,9349,-10,clim_up,mean,2050,8.5
clim_up;mean;2070;2.6,4850,12,clim_up,mean,2070,2.6
clim_up;mean;2070;4.5,8462,459,clim_up,mean,2070,4.5
clim_up;mean;2070;6,38702,4655,clim_up,mean,2070,6
clim_up;mean;2070;8.5,17278,-250,clim_up,mean,2070,8.5
clim_up;mean;2080;2.6,8288,99,clim_up,mean,2080,2.6
clim_up;mean;2080;4.5,12681,743,clim_up,mean,2080,4.5
clim_up;mean;2080;6,17269,512,clim_up,mean,2080,6
clim_up;mean;2080;8.5,16910,-301,clim_up,mean,2080,8.5
clim_up;min;2030;2.6,14391,6,clim_up,min,2030,2.6
clim_up;min;2030;4.5,11457,45,clim_up,min,2030,4.5
clim_up;min;2030;6,47451,224,clim_up,min,2030,6
clim_up;min;2030;8.5,42544,111,clim_up,min,2030,8.5
clim_up;min;2050;2.6,9554,0,clim_up,min,2050,2.6
clim_up;min;2050;4.5,261171,218,clim_up,min,2050,4.5
clim_up;min;2050;6,16859,1,clim_up,min,2050,6
clim_up;min;2050;8.5,10555,-5,clim_up,min,2050,8.5
clim_up;min;2070;2.6,5209,-3,clim_up,min,2070,2.6
clim_up;min;2070;4.5,9342,8,clim_up,min,2070,4.5
clim_up;min;2070;6,41859,222,clim_up,min,2070,6
clim_up;min;2070;8.5,19578,-46,clim_up,min,2070,8.5
clim_up;min;2080;2.6,9780,0,clim_up,min,2080,2.6
clim_up;min;2080;4.5,13885,21,clim_up,min,2080,4.5
clim_up;min;2080;6,19561,24,clim_up,min,2080,6
clim_up;min;2080;8.5,19604,-51,clim_up,min,2080,8.5
dummy;max;2030;2.6,60413,-9512,dummy,max,2030,2.6
dummy;max;2030;4.5,57666,-12259,dummy,max,2030,4.5
dummy;max;2030;6,63426,-6499,dummy,max,2030,6
dummy;max;2030;8.5,39217,-30708,dummy,max,2030,8.5
dummy;max;2050;2.6,57466,-12459,dummy,max,2050,2.6
dummy;max;2050;4.5,66931,-2994,dummy,max,2050,4.5
dummy;max;2050;6,67877,-2048,dummy,max,2050,6
dummy;max;2050;8.5,51312,-18613,dummy,max,2050,8.5
dummy;max;2070;2.6,57537,-12388,dummy,max,2070,2.6
dummy;max;2070;4.5,59801,-10124,dummy,max,2070,4.5
dummy;max;2070;6,58490,-11435,dummy,max,2070,6
dummy;max;2070;8.5,44480,-25445,dummy,max,2070,8.5
dummy;max;2080;2.6,54826,-15099,dummy,max,2080,2.6
dummy;max;2080;4.5,65043,-4882,dummy,max,2080,4.5
dummy;max;2080;6,63455,-6470,dummy,max,2080,6
dummy;max;2080;8.5,33697,-36228,dummy,max,2080,8.5
dummy;mean;2030;2.6,202387,-4524,dummy,mean,2030,2.6
dummy;mean;2030;4.5,205770,-1141,dummy,mean,2030,4.5
dummy;mean;2030;6,211707,4796,dummy,mean,2030,6
dummy;mean;2030;8.5,198977,-7934,dummy,mean,2030,8.5
dummy;mean;2050;2.6,199773,-7138,dummy,mean,2050,2.6
dummy;mean;2050;4.5,206515,-396,dummy,mean,2050,4.5
dummy;mean;2050;6,210534,3623,dummy,mean,2050,6
dummy;mean;2050;8.5,174329,-32582,dummy,mean,2050,8.5
dummy;mean;2070;2.6,194126,-12785,dummy,mean,2070,2.6
dummy;mean;2070;4.5,204591,-2320,dummy,mean,2070,4.5
dummy;mean;2070;6,211648,4737,dummy,mean,2070,6
dummy;mean;2070;8.5,167829,-39082,dummy,mean,2070,8.5
dummy;mean;2080;2.6,196733,-10178,dummy,mean,2080,2.6
dummy;mean;2080;4.5,207211,300,dummy,mean,2080,4.5
dummy;mean;2080;6,208573,1662,dummy,mean,2080,6
dummy;mean;2080;8.5,162408,-44503,dummy,mean,2080,8.5
dummy;min;2030;2.6,283147,-160,dummy,min,2030,2.6
dummy;min;2030;4.5,283197,-110,dummy,min,2030,4.5
dummy;min;2030;6,283076,-231,dummy,min,2030,6
dummy;min;2030;8.5,282619,-688,dummy,min,2030,8.5
dummy;min;2050;2.6,283047,-260,dummy,min,2050,2.6
dummy;min;2050;4.5,283389,82,dummy,min,2050,4.5
dummy;min;2050;6,283138,-169,dummy,min,2050,6
dummy;min;2050;8.5,282642,-665,dummy,min,2050,8.5
dummy;min;2070;2.6,283047,-260,dummy,min,2070,2.6
dummy;min;2070;4.5,283071,-236,dummy,min,2070,4.5
dummy;min;2070;6,282959,-348,dummy,min,2070,6
dummy;min;2070;8.5,282638,-669,dummy,min,2070,8.5
dummy;min;2080;2.6,282937,-370,dummy,min,2080,2.6
dummy;min;2080;4.5,283249,-58,dummy,min,2080,4.5
dummy;min;2080;6,283130,-177,dummy,min,2080,6
dummy;min;2080;8.5,282473,-834,dummy,min,2080,8.5
lu_down;max;2030;2.6,8,0,lu_down,max,2030,2.6
lu_down;max;2030;8.5,926,-841,lu_down,max,2030,8.5
lu_down;max;2050;2.6,178,0,lu_down,max,2050,2.6
lu_down;max;2050;4.5,1259,0,lu_down,max,2050,4.5
lu_down;max;2050;8.5,3780,-2563,lu_down,max,2050,8.5
lu_down;max;2070;2.6,183,0,lu_down,max,2070,2.6
lu_down;max;2070;4.5,16,0,lu_down,max,2070,4.5
lu_down;max;2070;6,96,0,lu_down,max,2070,6
lu_down;max;2070;8.5,3273,-5649,lu_down,max,2070,8.5
lu_down;max;2080;2.6,199,0,lu_down,max,2080,2.6
lu_down;max;2080;4.5,18,0,lu_down,max,2080,4.5
lu_down;max;2080;6,284,0,lu_down,max,2080,6
lu_down;max;2080;8.5,2656,-8113,lu_down,max,2080,8.5
lu_down;mean;2030;2.6,8,0,lu_down,mean,2030,2.6
lu_down;mean;2030;8.5,1769,-12,lu_down,mean,2030,8.5
lu_down;mean;2050;2.6,178,0,lu_down,mean,2050,2.6
lu_down;mean;2050;4.5,1259,-2,lu_down,mean,2050,4.5
lu_down;mean;2050;8.5,6314,-31,lu_down,mean,2050,8.5
lu_down;mean;2070;2.6,183,0,lu_down,mean,2070,2.6
lu_down;mean;2070;4.5,16,0,lu_down,mean,2070,4.5
lu_down;mean;2070;6,96,-8,lu_down,mean,2070,6
lu_down;mean;2070;8.5,8893,-31,lu_down,mean,2070,8.5
lu_down;mean;2080;2.6,199,0,lu_down,mean,2080,2.6
lu_down;mean;2080;4.5,18,0,lu_down,mean,2080,4.5
lu_down;mean;2080;6,284,0,lu_down,mean,2080,6
lu_down;mean;2080;8.5,10740,-35,lu_down,mean,2080,8.5
lu_down;min;2030;2.6,83,-19,lu_down,min,2030,2.6
lu_down;min;2030;4.5,5,2,lu_down,min,2030,4.5
lu_down;min;2030;6,239,-20,lu_down,min,2030,6
lu_down;min;2030;8.5,2093,-244,lu_down,min,2030,8.5
lu_down;min;2050;2.6,246,-41,lu_down,min,2050,2.6
lu_down;min;2050;4.5,1730,50,lu_down,min,2050,4.5
lu_down;min;2050;6,46,-7,lu_down,min,2050,6
lu_down;min;2050;8.5,6478,-111,lu_down,min,2050,8.5
lu_down;min;2070;2.6,261,-50,lu_down,min,2070,2.6
lu_down;min;2070;4.5,19,1,lu_down,min,2070,4.5
lu_down;min;2070;6,327,-72,lu_down,min,2070,6
lu_down;min;2070;8.5,9117,-146,lu_down,min,2070,8.5
lu_down;min;2080;2.6,276,-53,lu_down,min,2080,2.6
lu_down;min;2080;4.5,20,0,lu_down,min,2080,4.5
lu_down;min;2080;6,410,-11,lu_down,min,2080,6
lu_down;min;2080;8.5,10957,-189,lu_down,min,2080,8.5
lu_up;max;2030;2.6,68,0,lu_up,max,2030,2.6
lu_up;max;2030;4.5,962,13,lu_up,max,2030,4.5
lu_up;max;2030;6,2557,11,lu_up,max,2030,6
lu_up;max;2030;8.5,67,0,lu_up,max,2030,8.5
lu_up;max;2050;2.6,69,0,lu_up,max,2050,2.6
lu_up;max;2050;4.5,3489,23,lu_up,max,2050,4.5
lu_up;max;2050;6,3696,11,lu_up,max,2050,6
lu_up;max;2050;8.5,67,0,lu_up,max,2050,8.5
lu_up;max;2070;2.6,70,0,lu_up,max,2070,2.6
lu_up;max;2070;4.5,1070,12,lu_up,max,2070,4.5
lu_up;max;2070;6,2736,11,lu_up,max,2070,6
lu_up;max;2070;8.5,67,0,lu_up,max,2070,8.5
lu_up;max;2080;2.6,70,0,lu_up,max,2080,2.6
lu_up;max;2080;4.5,1030,15,lu_up,max,2080,4.5
lu_up;max;2080;6,2125,11,lu_up,max,2080,6
lu_up;max;2080;8.5,67,0,lu_up,max,2080,8.5
lu_up;mean;2030;2.6,1054,0,lu_up,mean,2030,2.6
lu_up;mean;2030;4.5,5823,4,lu_up,mean,2030,4.5
lu_up;mean;2030;6,4169,0,lu_up,mean,2030,6
lu_up;mean;2030;8.5,1035,0,lu_up,mean,2030,8.5
lu_up;mean;2050;2.6,2253,0,lu_up,mean,2050,2.6
lu_up;mean;2050;4.5,21064,260,lu_up,mean,2050,4.5
lu_up;mean;2050;6,5856,0,lu_up,mean,2050,6
lu_up;mean;2050;8.5,1088,53,lu_up,mean,2050,8.5
lu_up;mean;2070;2.6,2333,0,lu_up,mean,2070,2.6
lu_up;mean;2070;4.5,7059,0,lu_up,mean,2070,4.5
lu_up;mean;2070;6,4790,0,lu_up,mean,2070,6
lu_up;mean;2070;8.5,1087,52,lu_up,mean,2070,8.5
lu_up;mean;2080;2.6,2333,0,lu_up,mean,2080,2.6
lu_up;mean;2080;4.5,6345,0,lu_up,mean,2080,4.5
lu_up;mean;2080;6,4103,0,lu_up,mean,2080,6
lu_up;mean;2080;8.5,1084,49,lu_up,mean,2080,8.5
lu_up;min;2030;2.6,1104,2,lu_up,min,2030,2.6
lu_up;min;2030;4.5,5983,-42,lu_up,min,2030,4.5
lu_up;min;2030;6,4365,129,lu_up,min,2030,6
lu_up;min;2030;8.5,1124,51,lu_up,min,2030,8.5
lu_up;min;2050;2.6,2366,-2,lu_up,min,2050,2.6
lu_up;min;2050;4.5,54064,17,lu_up,min,2050,4.5
lu_up;min;2050;6,5943,-3,lu_up,min,2050,6
lu_up;min;2050;8.5,1108,-1,lu_up,min,2050,8.5
lu_up;min;2070;2.6,35875,-2,lu_up,min,2070,2.6
lu_up;min;2070;4.5,40846,0,lu_up,min,2070,4.5
lu_up;min;2070;6,4972,124,lu_up,min,2070,6
lu_up;min;2070;8.5,1103,-11,lu_up,min,2070,8.5
lu_up;min;2080;2.6,35878,-7,lu_up,min,2080,2.6
lu_up;min;2080;4.5,40134,9,lu_up,min,2080,4.5
lu_up;min;2080;6,4174,8,lu_up,min,2080,6
lu_up;min;2080;8.5,1104,-12,lu_up,min,2080,8.5
people_in_povertySSP1;max;2030;2.6,6491.63557672018,-5017.64547715304,people_in_povertySSP1,max,2030,2.6
people_in_povertySSP1;max;2030;4.5,6380.50480337191,-5128.77625050131,people_in_povertySSP1,max,2030,4.5
people_in_povertySSP1;max;2030;6,-6347.80375673591,-17857.0848106091,people_in_povertySSP1,max,2030,6
people_in_povertySSP1;max;2030;8.5,-1354.76020446108,-12864.0412583343,people_in_povertySSP1,max,2030,8.5
people_in_povertySSP1;max;2050;2.6,-7397.38518519814,-3490.51333337258,people_in_povertySSP1,max,2050,2.6
people_in_povertySSP1;max;2050;4.5,-8424.82894580126,-4517.9570939757,people_in_povertySSP1,max,2050,4.5
people_in_povertySSP1;max;2050;6,-6416.70829889706,-2509.83644707151,people_in_povertySSP1,max,2050,6
people_in_povertySSP1;max;2050;8.5,-11036.1998083869,-7129.32795656132,people_in_povertySSP1,max,2050,8.5
people_in_povertySSP1;max;2070;2.6,-32285.1602668714,8517.48368240897,people_in_povertySSP1,max,2070,2.6
people_in_povertySSP1;max;2070;4.5,-39980.7116658799,821.932283400543,people_in_povertySSP1,max,2070,4.5
people_in_povertySSP1;max;2070;6,-15659.3099345114,25143.334014769,people_in_povertySSP1,max,2070,6
people_in_povertySSP1;max;2070;8.5,-35726.0796282916,5076.56432098879,people_in_povertySSP1,max,2070,8.5
people_in_povertySSP1;max;2080;2.6,-33269.8928117752,29740.2544781522,people_in_povertySSP1,max,2080,2.6
people_in_povertySSP1;max;2080;4.5,-59590.8982769211,3419.24901300632,people_in_povertySSP1,max,2080,4.5
people_in_povertySSP1;max;2080;6,-53189.9134065306,9820.23388339677,people_in_povertySSP1,max,2080,6
people_in_povertySSP1;max;2080;8.5,-39755.718751697,23254.4285382304,people_in_povertySSP1,max,2080,8.5
people_in_povertySSP1;mean;2030;2.6,39258.7046622409,-13586.201788639,people_in_povertySSP1,mean,2030,2.6
people_in_povertySSP1;mean;2030;4.5,51952.2965113315,-892.609939548434,people_in_povertySSP1,mean,2030,4.5
people_in_povertySSP1;mean;2030;6,53745.043001514,900.13655063411,people_in_povertySSP1,mean,2030,6
people_in_povertySSP1;mean;2030;8.5,21221.3631278618,-31623.5433230181,people_in_povertySSP1,mean,2030,8.5
people_in_povertySSP1;mean;2050;2.6,-19001.4799372738,-11693.4712017152,people_in_povertySSP1,mean,2050,2.6
people_in_povertySSP1;mean;2050;4.5,-4866.90399345292,2441.10474210564,people_in_povertySSP1,mean,2050,4.5
people_in_povertySSP1;mean;2050;6,-12258.5664630818,-4950.55772752328,people_in_povertySSP1,mean,2050,6
people_in_povertySSP1;mean;2050;8.5,4253.75174970975,11561.7604852683,people_in_povertySSP1,mean,2050,8.5
people_in_povertySSP1;mean;2070;2.6,-151043.947228713,12279.3684763924,people_in_povertySSP1,mean,2070,2.6
people_in_povertySSP1;mean;2070;4.5,-161942.636169992,1380.6795351136,people_in_povertySSP1,mean,2070,4.5
people_in_povertySSP1;mean;2070;6,-163677.298093292,-353.98238818589,people_in_povertySSP1,mean,2070,6
people_in_povertySSP1;mean;2070;8.5,-118633.43230716,44689.8833979461,people_in_povertySSP1,mean,2070,8.5
people_in_povertySSP1;mean;2080;2.6,-245107.230385534,14680.205759179,people_in_povertySSP1,mean,2080,2.6
people_in_povertySSP1;mean;2080;4.5,-262189.661792448,-2402.22564773526,people_in_povertySSP1,mean,2080,4.5
people_in_povertySSP1;mean;2080;6,-263962.319665329,-4174.88352061575,people_in_povertySSP1,mean,2080,6
people_in_povertySSP1;mean;2080;8.5,-186456.939948965,73330.4961957484,people_in_povertySSP1,mean,2080,8.5
people_in_povertySSP1;min;2030;2.6,108147.714845034,-201.673316962813,people_in_povertySSP1,min,2030,2.6
people_in_povertySSP1;min;2030;4.5,107772.452240798,-576.935921198296,people_in_povertySSP1,min,2030,4.5
people_in_povertySSP1;min;2030;6,107283.85585253,-1065.53230946629,people_in_povertySSP1,min,2030,6
people_in_povertySSP1;min;2030;8.5,106216.752499977,-2132.63566201906,people_in_povertySSP1,min,2030,8.5
people_in_povertySSP1;min;2050;2.6,33015.4116225884,-1289.02919618681,people_in_povertySSP1,min,2050,2.6
people_in_povertySSP1;min;2050;4.5,34750.4806787423,446.039859967117,people_in_povertySSP1,min,2050,4.5
people_in_povertySSP1;min;2050;6,34234.4217286251,-70.0190901501192,people_in_povertySSP1,min,2050,6
people_in_povertySSP1;min;2050;8.5,32740.117408347,-1564.32341042819,people_in_povertySSP1,min,2050,8.5
people_in_povertySSP1;min;2070;2.6,-204376.770072234,-77.9183194120124,people_in_povertySSP1,min,2070,2.6
people_in_povertySSP1;min;2070;4.5,-204358.339996981,-59.48824415938,people_in_povertySSP1,min,2070,4.5
people_in_povertySSP1;min;2070;6,-202062.437370786,2236.41438203593,people_in_povertySSP1,min,2070,6
people_in_povertySSP1;min;2070;8.5,-203629.530639674,669.321113147802,people_in_povertySSP1,min,2070,8.5
people_in_povertySSP1;min;2080;2.6,-353968.922156577,1940.21194664156,people_in_povertySSP1,min,2080,2.6
people_in_povertySSP1;min;2080;4.5,-355665.195373159,243.938730059192,people_in_povertySSP1,min,2080,4.5
people_in_povertySSP1;min;2080;6,-354762.213782943,1146.92032027559,people_in_povertySSP1,min,2080,6
people_in_povertySSP1;min;2080;8.5,-352663.21921523,3245.91488798801,people_in_povertySSP1,min,2080,8.5
people_in_povertySSP2;max;2030;2.6,47451.7229695918,-35920.1879289313,people_in_povertySSP2,max,2030,2.6
people_in_povertySSP2;max;2030;4.5,44902.6971769611,-38469.2137215621,people_in_povertySSP2,max,2030,4.5
people_in_povertySSP2;max;2030;6,3034.2393546265,-80337.6715438966,people_in_povertySSP2,max,2030,6
people_in_povertySSP2;max;2030;8.5,-12.7653893600267,-83384.6762878831,people_in_povertySSP2,max,2030,8.5
people_in_povertySSP2;max;2050;2.6,45512.5938028435,-124804.567737598,people_in_povertySSP2,max,2050,2.6
people_in_povertySSP2;max;2050;4.5,88434.0868310697,-81883.0747093713,people_in_povertySSP2,max,2050,4.5
people_in_povertySSP2;max;2050;6,143152.454740385,-27164.7068000558,people_in_povertySSP2,max,2050,6
people_in_povertySSP2;max;2050;8.5,73715.2402851472,-96601.9212552938,people_in_povertySSP2,max,2050,8.5
people_in_povertySSP2;max;2070;2.6,61371.2128084913,-175992.425406546,people_in_povertySSP2,max,2070,2.6
people_in_povertySSP2;max;2070;4.5,94625.6259058975,-142738.01230914,people_in_povertySSP2,max,2070,4.5
people_in_povertySSP2;max;2070;6,-4904.92015045439,-242268.558365492,people_in_povertySSP2,max,2070,6
people_in_povertySSP2;max;2070;8.5,43587.0913793688,-193776.546835669,people_in_povertySSP2,max,2070,8.5
people_in_povertySSP2;max;2080;2.6,45484.0841254731,-216419.374964443,people_in_povertySSP2,max,2080,2.6
people_in_povertySSP2;max;2080;4.5,208469.524138492,-53433.9349514238,people_in_povertySSP2,max,2080,4.5
people_in_povertySSP2;max;2080;6,104474.33174155,-157429.127348366,people_in_povertySSP2,max,2080,6
people_in_povertySSP2;max;2080;8.5,27576.4240709386,-234327.035018977,people_in_povertySSP2,max,2080,8.5
people_in_povertySSP2;mean;2030;2.6,378640.891387255,-43984.3438887222,people_in_povertySSP2,mean,2030,2.6
people_in_povertySSP2;mean;2030;4.5,418478.071707962,-4147.16356801515,people_in_povertySSP2,mean,2030,4.5
people_in_povertySSP2;mean;2030;6,429762.396697997,7137.16142201977,people_in_povertySSP2,mean,2030,6
people_in_povertySSP2;mean;2030;8.5,304928.585035043,-117696.650240934,people_in_povertySSP2,mean,2030,8.5
people_in_povertySSP2;mean;2050;2.6,815953.577755308,-88378.7146165668,people_in_povertySSP2,mean,2050,2.6
people_in_povertySSP2;mean;2050;4.5,945721.629790302,41389.3374184271,people_in_povertySSP2,mean,2050,4.5
people_in_povertySSP2;mean;2050;6,913697.699123387,9365.40675151255,people_in_povertySSP2,mean,2050,6
people_in_povertySSP2;mean;2050;8.5,712921.648979643,-191410.643392232,people_in_povertySSP2,mean,2050,8.5
people_in_povertySSP2;mean;2070;2.6,1161947.37215437,-152066.594203381,people_in_povertySSP2,mean,2070,2.6
people_in_povertySSP2;mean;2070;4.5,1279274.00368183,-34739.9626759223,people_in_povertySSP2,mean,2070,4.5
people_in_povertySSP2;mean;2070;6,1343141.33175281,29127.365395058,people_in_povertySSP2,mean,2070,6
people_in_povertySSP2;mean;2070;8.5,1025717.018877,-288296.947480748,people_in_povertySSP2,mean,2070,8.5
people_in_povertySSP2;mean;2080;2.6,1331946.71668666,-146982.657820482,people_in_povertySSP2,mean,2080,2.6
people_in_povertySSP2;mean;2080;4.5,1480481.16035321,1551.78584606806,people_in_povertySSP2,mean,2080,4.5
people_in_povertySSP2;mean;2080;6,1418323.95620996,-60605.4182971797,people_in_povertySSP2,mean,2080,6
people_in_povertySSP2;mean;2080;8.5,1077120.93141633,-401808.443090812,people_in_povertySSP2,mean,2080,8.5
people_in_povertySSP2;min;2030;2.6,677896.301884279,-1141.32585255115,people_in_povertySSP2,min,2030,2.6
people_in_povertySSP2;min;2030;4.5,676847.925705947,-2189.70203088387,people_in_povertySSP2,min,2030,4.5
people_in_povertySSP2;min;2030;6,674320.49824489,-4717.12949193991,people_in_povertySSP2,min,2030,6
people_in_povertySSP2;min;2030;8.5,669135.634221684,-9901.99351514631,people_in_povertySSP2,min,2030,8.5
people_in_povertySSP2;min;2050;2.6,1455879.90722229,-8866.63160134712,people_in_povertySSP2,min,2050,2.6
people_in_povertySSP2;min;2050;4.5,1463562.84180567,-1183.69701796514,people_in_povertySSP2,min,2050,4.5
people_in_povertySSP2;min;2050;6,1463558.247699,-1188.29112463444,people_in_povertySSP2,min,2050,6
people_in_povertySSP2;min;2050;8.5,1450636.15796884,-14110.3808547922,people_in_povertySSP2,min,2050,8.5
people_in_povertySSP2;min;2070;2.6,2122884.69258206,-14610.5110474546,people_in_povertySSP2,min,2070,2.6
people_in_povertySSP2;min;2070;4.5,2127439.12658788,-10056.0770416334,people_in_povertySSP2,min,2070,4.5
people_in_povertySSP2;min;2070;6,2120865.80711029,-16629.3965192265,people_in_povertySSP2,min,2070,6
people_in_povertySSP2;min;2070;8.5,2121671.03527496,-15824.1683545588,people_in_povertySSP2,min,2070,8.5
people_in_povertySSP2;min;2080;2.6,2398647.74454901,-12110.823372181,people_in_povertySSP2,min,2080,2.6
people_in_povertySSP2;min;2080;4.5,2400695.78136695,-10062.7865542429,people_in_povertySSP2,min,2080,4.5
people_in_povertySSP2;min;2080;6,2400381.15515481,-10377.4127663835,people_in_povertySSP2,min,2080,6
people_in_povertySSP2;min;2080;8.5,2389631.42054389,-21127.1473772978,people_in_povertySSP2,min,2080,8.5
people_in_povertySSP3;max;2030;2.6,120419.763506972,-90847.3065763747,people_in_povertySSP3,max,2030,2.6
people_in_povertySSP3;max;2030;4.5,115447.14592725,-95819.9241560968,people_in_povertySSP3,max,2030,4.5
people_in_povertySSP3;max;2030;6,20278.3076901245,-190988.762393222,people_in_povertySSP3,max,2030,6
people_in_povertySSP3;max;2030;8.5,2324.75236921973,-208942.317714127,people_in_povertySSP3,max,2030,8.5
people_in_povertySSP3;max;2050;2.6,176112.108374948,-407903.311348815,people_in_povertySSP3,max,2050,2.6
people_in_povertySSP3;max;2050;4.5,322025.741590814,-261989.678132949,people_in_povertySSP3,max,2050,4.5
people_in_povertySSP3;max;2050;6,505082.012671436,-78933.4070523261,people_in_povertySSP3,max,2050,6
people_in_povertySSP3;max;2050;8.5,282540.04724763,-301475.372476133,people_in_povertySSP3,max,2050,8.5
people_in_povertySSP3;max;2070;2.6,391451.80289564,-725052.08761646,people_in_povertySSP3,max,2070,2.6
people_in_povertySSP3;max;2070;4.5,577992.480373372,-538511.410138729,people_in_povertySSP3,max,2070,4.5
people_in_povertySSP3;max;2070;6,52928.5312456612,-1063575.35926644,people_in_povertySSP3,max,2070,6
people_in_povertySSP3;max;2070;8.5,345159.197269237,-771344.693242863,people_in_povertySSP3,max,2070,8.5
people_in_povertySSP3;max;2080;2.6,390974.981951741,-1045824.08395192,people_in_povertySSP3,max,2080,2.6
people_in_povertySSP3;max;2080;4.5,1222317.52061885,-214481.545284806,people_in_povertySSP3,max,2080,4.5
people_in_povertySSP3;max;2080;6,742475.292873714,-694323.773029943,people_in_povertySSP3,max,2080,6
people_in_povertySSP3;max;2080;8.5,336923.488712433,-1099875.57719122,people_in_povertySSP3,max,2080,8.5
people_in_povertySSP3;mean;2030;2.6,978019.745178997,-93495.2917705808,people_in_povertySSP3,mean,2030,2.6
people_in_povertySSP3;mean;2030;4.5,1061681.82347837,-9833.21347120986,people_in_povertySSP3,mean,2030,4.5
people_in_povertySSP3;mean;2030;6,1091113.76863537,19598.7316857923,people_in_povertySSP3,mean,2030,6
people_in_povertySSP3;mean;2030;8.5,803032.733986778,-268482.3029628,people_in_povertySSP3,mean,2030,8.5
people_in_povertySSP3;mean;2050;2.6,2792184.535772,-263358.638329767,people_in_povertySSP3,mean,2050,2.6
people_in_povertySSP3;mean;2050;4.5,3188824.94994275,133281.775840986,people_in_povertySSP3,mean,2050,4.5
people_in_povertySSP3;mean;2050;6,3102789.7452696,47246.5711678323,people_in_povertySSP3,mean,2050,6
people_in_povertySSP3;mean;2050;8.5,2377377.8644092,-678165.309692565,people_in_povertySSP3,mean,2050,8.5
people_in_povertySSP3;mean;2070;2.6,5319331.14414171,-665927.678055897,people_in_povertySSP3,mean,2070,2.6
people_in_povertySSP3;mean;2070;4.5,5837963.5248449,-147295.297352706,people_in_povertySSP3,mean,2070,4.5
people_in_povertySSP3;mean;2070;6,6124042.65173939,138783.829541785,people_in_povertySSP3,mean,2070,6
people_in_povertySSP3;mean;2070;8.5,4616644.36623456,-1368614.45596304,people_in_povertySSP3,mean,2070,8.5
people_in_povertySSP3;mean;2080;2.6,7057088.91702213,-717758.098630071,people_in_povertySSP3,mean,2080,2.6
people_in_povertySSP3;mean;2080;4.5,7800208.15386115,25361.1382089499,people_in_povertySSP3,mean,2080,4.5
people_in_povertySSP3;mean;2080;6,7550100.84139486,-224746.174257344,people_in_povertySSP3,mean,2080,6
people_in_povertySSP3;mean;2080;8.5,5610703.69427003,-2164143.32138217,people_in_povertySSP3,mean,2080,8.5
people_in_povertySSP3;min;2030;2.6,1682363.60226987,-2735.47554876329,people_in_povertySSP3,min,2030,2.6
people_in_povertySSP3;min;2030;4.5,1680381.14703425,-4717.93078438379,people_in_povertySSP3,min,2030,4.5
people_in_povertySSP3;min;2030;6,1674435.24778575,-10663.8300328746,people_in_povertySSP3,min,2030,6
people_in_povertySSP3;min;2030;8.5,1662077.16242001,-23021.9153986212,people_in_povertySSP3,min,2030,8.5
people_in_povertySSP3;min;2050;2.6,4831991.10331323,-24757.0273625422,people_in_povertySSP3,min,2050,2.6
people_in_povertySSP3;min;2050;4.5,4851976.54464039,-4771.58603538387,people_in_povertySSP3,min,2050,4.5
people_in_povertySSP3;min;2050;6,4853139.28500456,-3608.84567121323,people_in_povertySSP3,min,2050,6
people_in_povertySSP3;min;2050;8.5,4814351.96412772,-42396.1665480509,people_in_povertySSP3,min,2050,8.5
people_in_povertySSP3;min;2070;2.6,9530369.50486548,-51922.764524281,people_in_povertySSP3,min,2070,2.6
people_in_povertySSP3;min;2070;4.5,9548944.83715504,-33347.4322347175,people_in_povertySSP3,min,2070,4.5
people_in_povertySSP3;min;2070;6,9514616.70763105,-67675.5617587101,people_in_povertySSP3,min,2070,6
people_in_povertySSP3;min;2070;8.5,9521010.68093003,-61281.5884597227,people_in_povertySSP3,min,2070,8.5
people_in_povertySSP3;min;2080;2.6,12426079.4700512,-54697.9429253191,people_in_povertySSP3,min,2080,2.6
people_in_povertySSP3;min;2080;4.5,12446453.4446283,-34323.9683482349,people_in_povertySSP3,min,2080,4.5
people_in_povertySSP3;min;2080;6,12438305.0650475,-42472.3479290698,people_in_povertySSP3,min,2080,6
people_in_povertySSP3;min;2080;8.5,12381047.2097336,-99730.2032429762,people_in_povertySSP3,min,2080,8.5
people_in_povertySSP4;max;2030;2.6,294999.966505196,-227964.891915956,people_in_povertySSP4,max,2030,2.6
people_in_povertySSP4;max;2030;4.5,299631.267929493,-223333.590491659,people_in_povertySSP4,max,2030,4.5
people_in_povertySSP4;max;2030;6,54113.7528688178,-468851.105552335,people_in_povertySSP4,max,2030,6
people_in_povertySSP4;max;2030;8.5,6373.19743983785,-516591.660981315,people_in_povertySSP4,max,2030,8.5
people_in_povertySSP4;max;2050;2.6,544256.335243103,-1324466.16120474,people_in_povertySSP4,max,2050,2.6
people_in_povertySSP4;max;2050;4.5,980508.314050938,-888214.1823969,people_in_povertySSP4,max,2050,4.5
people_in_povertySSP4;max;2050;6,1652407.01761368,-216315.47883416,people_in_povertySSP4,max,2050,6
people_in_povertySSP4;max;2050;8.5,917653.688692697,-951068.807755142,people_in_povertySSP4,max,2050,8.5
people_in_povertySSP4;max;2070;2.6,1555309.8120258,-2948579.17907624,people_in_povertySSP4,max,2070,2.6
people_in_povertySSP4;max;2070;4.5,2399734.76214924,-2104154.2289528,people_in_povertySSP4,max,2070,4.5
people_in_povertySSP4;max;2070;6,266538.026734073,-4237350.96436797,people_in_povertySSP4,max,2070,6
people_in_povertySSP4;max;2070;8.5,1441798.90408891,-3062090.08701313,people_in_povertySSP4,max,2070,8.5
people_in_povertySSP4;max;2080;2.6,1789199.05099737,-4634490.15540555,people_in_povertySSP4,max,2080,2.6
people_in_povertySSP4;max;2080;4.5,5784985.3158524,-638703.890550519,people_in_povertySSP4,max,2080,4.5
people_in_povertySSP4;max;2080;6,3263068.44677805,-3160620.75962488,people_in_povertySSP4,max,2080,6
people_in_povertySSP4;max;2080;8.5,1543344.21885692,-4880344.98754601,people_in_povertySSP4,max,2080,8.5
people_in_povertySSP4;mean;2030;2.6,2494145.45563985,-194647.766205861,people_in_povertySSP4,mean,2030,2.6
people_in_povertySSP4;mean;2030;4.5,2662425.46556836,-26367.7562773512,people_in_povertySSP4,mean,2030,4.5
people_in_povertySSP4;mean;2030;6,2724927.19373809,36133.9718923778,people_in_povertySSP4,mean,2030,6
people_in_povertySSP4;mean;2030;8.5,1978446.18647595,-710347.035369753,people_in_povertySSP4,mean,2030,8.5
people_in_povertySSP4;mean;2050;2.6,9061923.87850953,-841966.703687899,people_in_povertySSP4,mean,2050,2.6
people_in_povertySSP4;mean;2050;4.5,10321356.708688,417466.126490532,people_in_povertySSP4,mean,2050,4.5
people_in_povertySSP4;mean;2050;6,10071838.7510641,167948.168866618,people_in_povertySSP4,mean,2050,6
people_in_povertySSP4;mean;2050;8.5,7640976.45275247,-2262914.12944496,people_in_povertySSP4,mean,2050,8.5
people_in_povertySSP4;mean;2070;2.6,21723142.5714123,-2656879.64515574,people_in_povertySSP4,mean,2070,2.6
people_in_povertySSP4;mean;2070;4.5,23760254.751184,-619767.465383962,people_in_povertySSP4,mean,2070,4.5
people_in_povertySSP4;mean;2070;6,24837932.9240389,457910.707470883,people_in_povertySSP4,mean,2070,6
people_in_povertySSP4;mean;2070;8.5,18702731.2758932,-5677290.94067483,people_in_povertySSP4,mean,2070,8.5
people_in_povertySSP4;mean;2080;2.6,31834039.6512073,-3170366.80919098,people_in_povertySSP4,mean,2080,2.6
people_in_povertySSP4;mean;2080;4.5,35062184.8758706,57778.4154723659,people_in_povertySSP4,mean,2080,4.5
people_in_povertySSP4;mean;2080;6,33874135.2307184,-1130271.22967982,people_in_povertySSP4,mean,2080,6
people_in_povertySSP4;mean;2080;8.5,25225747.9645742,-9778658.49582411,people_in_povertySSP4,mean,2080,8.5
people_in_povertySSP4;min;2030;2.6,4226529.59695294,-6554.02978807874,people_in_povertySSP4,min,2030,2.6
people_in_povertySSP4;min;2030;4.5,4221969.22346956,-11114.4032714637,people_in_povertySSP4,min,2030,4.5
people_in_povertySSP4;min;2030;6,4204256.9921048,-28826.6346362187,people_in_povertySSP4,min,2030,6
people_in_povertySSP4;min;2030;8.5,4173099.60681148,-59984.019929538,people_in_povertySSP4,min,2030,8.5
people_in_povertySSP4;min;2050;2.6,15667652.7716954,-99381.0467517599,people_in_povertySSP4,min,2050,2.6
people_in_povertySSP4;min;2050;4.5,15751786.2352994,-15247.5831477772,people_in_povertySSP4,min,2050,4.5
people_in_povertySSP4;min;2050;6,15751385.1443558,-15648.674091382,people_in_povertySSP4,min,2050,6
people_in_povertySSP4;min;2050;8.5,15620678.2095931,-146355.608854054,people_in_povertySSP4,min,2050,8.5
people_in_povertySSP4;min;2070;2.6,38850315.4557088,-259673.805318378,people_in_povertySSP4,min,2070,2.6
people_in_povertySSP4;min;2070;4.5,38924757.739839,-185231.521188125,people_in_povertySSP4,min,2070,4.5
people_in_povertySSP4;min;2070;6,38790199.4311312,-319789.829895981,people_in_povertySSP4,min,2070,6
people_in_povertySSP4;min;2070;8.5,38803021.4018866,-306967.859140605,people_in_povertySSP4,min,2070,8.5
people_in_povertySSP4;min;2080;2.6,56021313.483163,-273989.225663312,people_in_povertySSP4,min,2080,2.6
people_in_povertySSP4;min;2080;4.5,56053271.57331,-242031.135516293,people_in_povertySSP4,min,2080,4.5
people_in_povertySSP4;min;2080;6,56008008.4844516,-287294.224374637,people_in_povertySSP4,min,2080,6
people_in_povertySSP4;min;2080;8.5,55745775.9610545,-549526.747771785,people_in_povertySSP4,min,2080,8.5
people_in_povertySSP5;max;2030;2.6,4380.48760578556,-4024.61386654765,people_in_povertySSP5,max,2030,2.6
people_in_povertySSP5;max;2030;4.5,4779.47536231049,-3625.62611002272,people_in_povertySSP5,max,2030,4.5
people_in_povertySSP5;max;2030;6,-6703.02617797105,-15108.1276503043,people_in_povertySSP5,max,2030,6
people_in_povertySSP5;max;2030;8.5,-1360.01146564366,-9765.11293797688,people_in_povertySSP5,max,2030,8.5
people_in_povertySSP5;max;2050;2.6,-9706.35302763889,320.367293893729,people_in_povertySSP5,max,2050,2.6
people_in_povertySSP5;max;2050;4.5,-11515.1027605294,-1488.38243899675,people_in_povertySSP5,max,2050,4.5
people_in_povertySSP5;max;2050;6,-12360.565572659,-2333.84525112634,people_in_povertySSP5,max,2050,6
people_in_povertySSP5;max;2050;8.5,-15539.6810623178,-5512.96074078521,people_in_povertySSP5,max,2050,8.5
people_in_povertySSP5;max;2070;2.6,-36247.2413621088,11958.8089506032,people_in_povertySSP5,max,2070,2.6
people_in_povertySSP5;max;2070;4.5,-44706.6119796726,3499.43833303945,people_in_povertySSP5,max,2070,4.5
people_in_povertySSP5;max;2070;6,-15634.1853554785,32571.8649572335,people_in_povertySSP5,max,2070,6
people_in_povertySSP5;max;2070;8.5,-39940.3516940278,8265.69861868425,people_in_povertySSP5,max,2070,8.5
people_in_povertySSP5;max;2080;2.6,-36268.4460777838,34077.950967395,people_in_povertySSP5,max,2080,2.6
people_in_povertySSP5;max;2080;4.5,-66466.725028992,3879.67201618676,people_in_povertySSP5,max,2080,4.5
people_in_povertySSP5;max;2080;6,-57752.4157704921,12593.9812746867,people_in_povertySSP5,max,2080,6
people_in_povertySSP5;max;2080;8.5,-42844.6026739881,27501.7943711906,people_in_povertySSP5,max,2080,8.5
people_in_povertySSP5;mean;2030;2.6,28070.2639216507,-13011.1227044612,people_in_povertySSP5,mean,2030,2.6
people_in_povertySSP5;mean;2030;4.5,40350.5410433622,-730.845582749651,people_in_povertySSP5,mean,2030,4.5
people_in_povertySSP5;mean;2030;6,41961.4304760971,880.043849985297,people_in_povertySSP5,mean,2030,6
people_in_povertySSP5;mean;2030;8.5,12394.616954939,-28686.7696711728,people_in_povertySSP5,mean,2030,8.5
people_in_povertySSP5;mean;2050;2.6,-40561.155944846,-9676.71710982258,people_in_povertySSP5,mean,2050,2.6
people_in_povertySSP5;mean;2050;4.5,-29398.7320225423,1485.70681248103,people_in_povertySSP5,mean,2050,4.5
people_in_povertySSP5;mean;2050;6,-36352.9698740986,-5468.53103907522,people_in_povertySSP5,mean,2050,6
people_in_povertySSP5;mean;2050;8.5,-15553.4538544406,15330.9849805828,people_in_povertySSP5,mean,2050,8.5
people_in_povertySSP5;mean;2070;2.6,-178384.707780507,15589.3912794871,people_in_povertySSP5,mean,2070,2.6
people_in_povertySSP5;mean;2070;4.5,-191764.10154137,2209.99751862415,people_in_povertySSP5,mean,2070,4.5
people_in_povertySSP5;mean;2070;6,-194702.258788481,-728.159728486906,people_in_povertySSP5,mean,2070,6
people_in_povertySSP5;mean;2070;8.5,-144598.01569543,49376.0833645636,people_in_povertySSP5,mean,2070,8.5
people_in_povertySSP5;mean;2080;2.6,-273912.31512997,18173.6720581309,people_in_povertySSP5,mean,2080,2.6
people_in_povertySSP5;mean;2080;4.5,-294517.572271989,-2431.58508388739,people_in_povertySSP5,mean,2080,4.5
people_in_povertySSP5;mean;2080;6,-295294.880674603,-3208.893486502,people_in_povertySSP5,mean,2080,6
people_in_povertySSP5;mean;2080;8.5,-211965.688977684,80120.2982104176,people_in_povertySSP5,mean,2080,8.5
people_in_povertySSP5;min;2030;2.6,90226.7458248396,-173.928615452693,people_in_povertySSP5,min,2030,2.6
people_in_povertySSP5;min;2030;4.5,89881.4298825707,-519.244557721628,people_in_povertySSP5,min,2030,4.5
people_in_povertySSP5;min;2030;6,89499.2840808224,-901.390359469879,people_in_povertySSP5,min,2030,6
people_in_povertySSP5;min;2030;8.5,88568.9661518279,-1831.70828846438,people_in_povertySSP5,min,2030,8.5
people_in_povertySSP5;min;2050;2.6,-4228.70371309053,-1002.24848630268,people_in_povertySSP5,min,2050,2.6
people_in_povertySSP5;min;2050;4.5,-2715.6544104345,510.800816353354,people_in_povertySSP5,min,2050,4.5
people_in_povertySSP5;min;2050;6,-3255.08099119549,-28.6257644076386,people_in_povertySSP5,min,2050,6
people_in_povertySSP5;min;2050;8.5,-4439.66142444184,-1213.20619765399,people_in_povertySSP5,min,2050,8.5
people_in_povertySSP5;min;2070;2.6,-254147.055239657,351.757080679236,people_in_povertySSP5,min,2070,2.6
people_in_povertySSP5;min;2070;4.5,-254262.481437618,236.330882717797,people_in_povertySSP5,min,2070,4.5
people_in_povertySSP5;min;2070;6,-251714.976177179,2783.83614315675,people_in_povertySSP5,min,2070,6
people_in_povertySSP5;min;2070;8.5,-253412.774059893,1086.03826044255,people_in_povertySSP5,min,2070,8.5
people_in_povertySSP5;min;2080;2.6,-406778.319548273,2271.65093674482,people_in_povertySSP5,min,2080,2.6
people_in_povertySSP5;min;2080;4.5,-408516.59394298,533.376542037877,people_in_povertySSP5,min,2080,4.5
people_in_povertySSP5;min;2080;6,-407582.423384035,1467.54710098344,people_in_povertySSP5,min,2080,6
people_in_povertySSP5;min;2080;8.5,-405242.722393135,3807.24809188308,people_in_povertySSP5,min,2080,8.5
peopleSSP1;max;2030;2.6,6574041.88888888,-6154810.66666666,peopleSSP1,max,2030,2.6
peopleSSP1;max;2030;4.5,7351185.66666666,-5377666.88888889,peopleSSP1,max,2030,4.5
peopleSSP1;max;2030;6,3054751.88888889,-9674100.66666666,peopleSSP1,max,2030,6
peopleSSP1;max;2030;8.5,637210.666666667,-12091641.8888889,peopleSSP1,max,2030,8.5
peopleSSP1;max;2050;2.6,6336527,-17453402.8888889,peopleSSP1,max,2050,2.6
peopleSSP1;max;2050;4.5,13998509.4444444,-9791420.44444445,peopleSSP1,max,2050,4.5
peopleSSP1;max;2050;6,19803699.7777778,-3986230.11111112,peopleSSP1,max,2050,6
peopleSSP1;max;2050;8.5,9482580.8888889,-14307349,peopleSSP1,max,2050,8.5
peopleSSP1;max;2070;2.6,7972678.33333334,-22495117.4444444,peopleSSP1,max,2070,2.6
peopleSSP1;max;2070;4.5,14811669.6666667,-15656126.1111111,peopleSSP1,max,2070,4.5
peopleSSP1;max;2070;6,5167304,-25300491.7777778,peopleSSP1,max,2070,6
peopleSSP1;max;2070;8.5,5953835,-24513960.7777778,peopleSSP1,max,2070,8.5
peopleSSP1;max;2080;2.6,6151566.77777777,-25893992.2222222,peopleSSP1,max,2080,2.6
peopleSSP1;max;2080;4.5,27639311.7777778,-4406247.22222222,peopleSSP1,max,2080,4.5
peopleSSP1;max;2080;6,13409326.5555556,-18636232.4444444,peopleSSP1,max,2080,6
peopleSSP1;max;2080;8.5,3823009.88888889,-28222549.1111111,peopleSSP1,max,2080,8.5
peopleSSP1;mean;2030;2.6,77973284,-4951841.99999999,peopleSSP1,mean,2030,2.6
peopleSSP1;mean;2030;4.5,82429521.6666667,-495604.333333328,peopleSSP1,mean,2030,4.5
peopleSSP1;mean;2030;6,84307025,1381899,peopleSSP1,mean,2030,6
peopleSSP1;mean;2030;8.5,66511931.3333333,-16413194.6666666,peopleSSP1,mean,2030,8.5
peopleSSP1;mean;2050;2.6,145195577.666667,-12306718.8888889,peopleSSP1,mean,2050,2.6
peopleSSP1;mean;2050;4.5,162161644.333333,4659347.77777776,peopleSSP1,mean,2050,4.5
peopleSSP1;mean;2050;6,160364019.666667,2861723.11111113,peopleSSP1,mean,2050,6
peopleSSP1;mean;2050;8.5,114803942.888889,-42698353.6666667,peopleSSP1,mean,2050,8.5
peopleSSP1;mean;2070;2.6,177915727.444444,-25820772.8888889,peopleSSP1,mean,2070,2.6
peopleSSP1;mean;2070;4.5,200209215.666667,-3527284.66666666,peopleSSP1,mean,2070,4.5
peopleSSP1;mean;2070;6,207839511.222222,4103010.8888889,peopleSSP1,mean,2070,6
peopleSSP1;mean;2070;8.5,144199336.444444,-59537163.8888889,peopleSSP1,mean,2070,8.5
peopleSSP1;mean;2080;2.6,193401469.444444,-21842711,peopleSSP1,mean,2080,2.6
peopleSSP1;mean;2080;4.5,215549937.444444,305757,peopleSSP1,mean,2080,4.5
peopleSSP1;mean;2080;6,209571905.777778,-5672274.66666666,peopleSSP1,mean,2080,6
peopleSSP1;mean;2080;8.5,142156319.555556,-73087860.8888889,peopleSSP1,mean,2080,8.5
peopleSSP1;min;2030;2.6,127129967.777778,-148672.777777791,peopleSSP1,min,2030,2.6
peopleSSP1;min;2030;4.5,127012857.666667,-265782.888888896,peopleSSP1,min,2030,4.5
peopleSSP1;min;2030;6,126640224.222222,-638416.333333329,peopleSSP1,min,2030,6
peopleSSP1;min;2030;8.5,125968757.888889,-1309882.66666666,peopleSSP1,min,2030,8.5
peopleSSP1;min;2050;2.6,245563316,-1222796,peopleSSP1,min,2050,2.6
peopleSSP1;min;2050;4.5,246626539.666667,-159572.333333313,peopleSSP1,min,2050,4.5
peopleSSP1;min;2050;6,246594382.666667,-191729.333333313,peopleSSP1,min,2050,6
peopleSSP1;min;2050;8.5,244976225.777778,-1809886.22222221,peopleSSP1,min,2050,8.5
peopleSSP1;min;2070;2.6,322888952.555556,-1809748.1111111,peopleSSP1,min,2070,2.6
peopleSSP1;min;2070;4.5,323349828.444445,-1348872.22222221,peopleSSP1,min,2070,4.5
peopleSSP1;min;2070;6,322607429.555556,-2091271.1111111,peopleSSP1,min,2070,6
peopleSSP1;min;2070;8.5,322507453.666667,-2191247,peopleSSP1,min,2070,8.5
peopleSSP1;min;2080;2.6,344193486.888889,-1359776,peopleSSP1,min,2080,2.6
peopleSSP1;min;2080;4.5,344141584.333333,-1411678.55555558,peopleSSP1,min,2080,4.5
peopleSSP1;min;2080;6,344040091.222222,-1513171.66666663,peopleSSP1,min,2080,6
peopleSSP1;min;2080;8.5,342774942.444444,-2778320.44444442,peopleSSP1,min,2080,8.5
peopleSSP2;max;2030;2.6,7982918.55555556,-7488432.11111111,peopleSSP2,max,2030,2.6
peopleSSP2;max;2030;4.5,8924976.11111111,-6546374.55555555,peopleSSP2,max,2030,4.5
peopleSSP2;max;2030;6,3952198.44444445,-11519152.2222222,peopleSSP2,max,2030,6
peopleSSP2;max;2030;8.5,827127.444444444,-14644223.2222222,peopleSSP2,max,2030,8.5
peopleSSP2;max;2050;2.6,9101871.22222222,-22800656.5555555,peopleSSP2,max,2050,2.6
peopleSSP2;max;2050;4.5,19551380.7777778,-12351147,peopleSSP2,max,2050,4.5
peopleSSP2;max;2050;6,26634951.4444444,-5267576.33333333,peopleSSP2,max,2050,6
peopleSSP2;max;2050;8.5,13089025.8888889,-18813501.8888889,peopleSSP2,max,2050,8.5
peopleSSP2;max;2070;2.6,13449472.2222222,-31482594,peopleSSP2,max,2070,2.6
peopleSSP2;max;2070;4.5,23997507.3333333,-20934558.8888889,peopleSSP2,max,2070,4.5
peopleSSP2;max;2070;6,8953953.11111111,-35978113.1111111,peopleSSP2,max,2070,6
peopleSSP2;max;2070;8.5,10751840,-34180226.2222222,peopleSSP2,max,2070,8.5
peopleSSP2;max;2080;2.6,11625224.1111111,-38247536.4444444,peopleSSP2,max,2080,2.6
peopleSSP2;max;2080;4.5,43106009.1111111,-6766751.44444445,peopleSSP2,max,2080,4.5
peopleSSP2;max;2080;6,23770983.4444444,-26101777.1111111,peopleSSP2,max,2080,6
peopleSSP2;max;2080;8.5,8359866,-41512894.5555555,peopleSSP2,max,2080,8.5
peopleSSP2;mean;2030;2.6,94156608.7777778,-5880177.44444443,peopleSSP2,mean,2030,2.6
peopleSSP2;mean;2030;4.5,99464143.7777778,-572642.444444448,peopleSSP2,mean,2030,4.5
peopleSSP2;mean;2030;6,101962506.888889,1925720.66666667,peopleSSP2,mean,2030,6
peopleSSP2;mean;2030;8.5,81121548.6666667,-18915237.5555556,peopleSSP2,mean,2030,8.5
peopleSSP2;mean;2050;2.6,194108808.444444,-15963600.2222222,peopleSSP2,mean,2050,2.6
peopleSSP2;mean;2050;4.5,216252858.888889,6180450.22222221,peopleSSP2,mean,2050,4.5
peopleSSP2;mean;2050;6,214192376.888889,4119968.22222221,peopleSSP2,mean,2050,6
peopleSSP2;mean;2050;8.5,153495484.222222,-56576924.4444445,peopleSSP2,mean,2050,8.5
peopleSSP2;mean;2070;2.6,261541274.555556,-38001550.1111111,peopleSSP2,mean,2070,2.6
peopleSSP2;mean;2070;4.5,294537876,-5004948.66666669,peopleSSP2,mean,2070,4.5
peopleSSP2;mean;2070;6,306341573.555556,6798748.8888889,peopleSSP2,mean,2070,6
peopleSSP2;mean;2070;8.5,212240677.222222,-87302147.4444444,peopleSSP2,mean,2070,8.5
peopleSSP2;mean;2080;2.6,300029685.555556,-33821530.4444445,peopleSSP2,mean,2080,2.6
peopleSSP2;mean;2080;4.5,334889270.333333,1038054.33333331,peopleSSP2,mean,2080,4.5
peopleSSP2;mean;2080;6,327336914.555556,-6514301.44444448,peopleSSP2,mean,2080,6
peopleSSP2;mean;2080;8.5,220382776.444444,-113468439.555556,peopleSSP2,mean,2080,8.5
peopleSSP2;min;2030;2.6,153159805.444444,-184582.777777761,peopleSSP2,min,2030,2.6
peopleSSP2;min;2030;4.5,153050387.555556,-294000.666666657,peopleSSP2,min,2030,4.5
peopleSSP2;min;2030;6,152645135.555556,-699252.666666687,peopleSSP2,min,2030,6
peopleSSP2;min;2030;8.5,151833223.111111,-1511165.1111111,peopleSSP2,min,2030,8.5
peopleSSP2;min;2050;2.6,329402174.444444,-1353384.11111116,peopleSSP2,min,2050,2.6
peopleSSP2;min;2050;4.5,330526670.666667,-228887.888888836,peopleSSP2,min,2050,4.5
peopleSSP2;min;2050;6,330534704.888889,-220853.666666687,peopleSSP2,min,2050,6
peopleSSP2;min;2050;8.5,328489070.666667,-2266487.8888889,peopleSSP2,min,2050,8.5
peopleSSP2;min;2070;2.6,479327331.777778,-2121921.55555558,peopleSSP2,min,2070,2.6
peopleSSP2;min;2070;4.5,479989987,-1459266.33333331,peopleSSP2,min,2070,4.5
peopleSSP2;min;2070;6,478822921.777778,-2626331.55555558,peopleSSP2,min,2070,6
peopleSSP2;min;2070;8.5,478664851.333333,-2784402,peopleSSP2,min,2070,8.5
peopleSSP2;min;2080;2.6,539320865.333333,-1835449.33333325,peopleSSP2,min,2080,2.6
peopleSSP2;min;2080;4.5,539700291.666667,-1456023,peopleSSP2,min,2080,4.5
peopleSSP2;min;2080;6,539411596.666667,-1744718,peopleSSP2,min,2080,6
peopleSSP2;min;2080;8.5,537361788,-3794526.66666675,peopleSSP2,min,2080,8.5
peopleSSP3;max;2030;2.6,10076266.2222222,-9261060.33333333,peopleSSP3,max,2030,2.6
peopleSSP3;max;2030;4.5,11138945.7777778,-8198380.77777778,peopleSSP3,max,2030,4.5
peopleSSP3;max;2030;6,5116175,-14221151.5555556,peopleSSP3,max,2030,6
peopleSSP3;max;2030;8.5,1038366.33333333,-18298960.2222222,peopleSSP3,max,2030,8.5
peopleSSP3;max;2050;2.6,13615821.4444444,-31187574.8888889,peopleSSP3,max,2050,2.6
peopleSSP3;max;2050;4.5,28285397.8888889,-16517998.4444444,peopleSSP3,max,2050,4.5
peopleSSP3;max;2050;6,37934860.1111111,-6868536.22222222,peopleSSP3,max,2050,6
peopleSSP3;max;2050;8.5,19568695.5555556,-25234700.7777778,peopleSSP3,max,2050,8.5
peopleSSP3;max;2070;2.6,24397530.3333333,-46240223.8888889,peopleSSP3,max,2070,2.6
peopleSSP3;max;2070;4.5,41707947.8888889,-28929806.3333333,peopleSSP3,max,2070,4.5
peopleSSP3;max;2070;6,15485087.6666667,-55152666.5555556,peopleSSP3,max,2070,6
peopleSSP3;max;2070;8.5,21353717,-49284037.2222222,peopleSSP3,max,2070,8.5
peopleSSP3;max;2080;2.6,23481751.6666667,-59069182.6666667,peopleSSP3,max,2080,2.6
peopleSSP3;max;2080;4.5,72513754.7777778,-10037179.5555556,peopleSSP3,max,2080,4.5
peopleSSP3;max;2080;6,44668911.7777778,-37882022.5555556,peopleSSP3,max,2080,6
peopleSSP3;max;2080;8.5,19216734.8888889,-63334199.4444445,peopleSSP3,max,2080,8.5
peopleSSP3;mean;2030;2.6,113806209.444444,-6961338.77777779,peopleSSP3,mean,2030,2.6
peopleSSP3;mean;2030;4.5,120096842.888889,-670705.333333328,peopleSSP3,mean,2030,4.5
peopleSSP3;mean;2030;6,123433948.888889,2666400.66666667,peopleSSP3,mean,2030,6
peopleSSP3;mean;2030;8.5,98851881.8888889,-21915666.3333333,peopleSSP3,mean,2030,8.5
peopleSSP3;mean;2050;2.6,262711612.222222,-20946582.6666667,peopleSSP3,mean,2050,2.6
peopleSSP3;mean;2050;4.5,292157426.777778,8499231.88888884,peopleSSP3,mean,2050,4.5
peopleSSP3;mean;2050;6,289543289.444444,5885094.55555552,peopleSSP3,mean,2050,6
peopleSSP3;mean;2050;8.5,207671688.777778,-75986506.1111111,peopleSSP3,mean,2050,8.5
peopleSSP3;mean;2070;2.6,394258810.222222,-57241895.4444445,peopleSSP3,mean,2070,2.6
peopleSSP3;mean;2070;4.5,444086703,-7414002.66666663,peopleSSP3,mean,2070,4.5
peopleSSP3;mean;2070;6,462601131.555556,11100425.8888889,peopleSSP3,mean,2070,6
peopleSSP3;mean;2070;8.5,321296551.888889,-130204153.777778,peopleSSP3,mean,2070,8.5
peopleSSP3;mean;2080;2.6,475957474,-53407495.4444445,peopleSSP3,mean,2080,2.6
peopleSSP3;mean;2080;4.5,531658260.666667,2293291.22222221,peopleSSP3,mean,2080,4.5
peopleSSP3;mean;2080;6,521582379.777778,-7782589.66666669,peopleSSP3,mean,2080,6
peopleSSP3;mean;2080;8.5,351075873.666667,-178289095.777778,peopleSSP3,mean,2080,8.5
peopleSSP3;min;2030;2.6,184404716.444444,-226734.888888896,peopleSSP3,min,2030,2.6
peopleSSP3;min;2030;4.5,184305034.777778,-326416.555555552,peopleSSP3,min,2030,4.5
peopleSSP3;min;2030;6,183867632.555556,-763818.777777761,peopleSSP3,min,2030,6
peopleSSP3;min;2030;8.5,182881266.111111,-1750185.22222224,peopleSSP3,min,2030,8.5
peopleSSP3;min;2050;2.6,444304760.444444,-1544386,peopleSSP3,min,2050,2.6
peopleSSP3;min;2050;4.5,445525562.555556,-323583.888888896,peopleSSP3,min,2050,4.5
peopleSSP3;min;2050;6,445587102.222222,-262044.222222209,peopleSSP3,min,2050,6
peopleSSP3;min;2050;8.5,442930447.111111,-2918699.33333331,peopleSSP3,min,2050,8.5
peopleSSP3;min;2070;2.6,723360293,-2614385.44444442,peopleSSP3,min,2070,2.6
peopleSSP3;min;2070;4.5,724384165.111111,-1590513.33333337,peopleSSP3,min,2070,4.5
peopleSSP3;min;2070;6,722491772.333333,-3482906.11111116,peopleSSP3,min,2070,6
peopleSSP3;min;2070;8.5,722210481.222222,-3764197.22222221,peopleSSP3,min,2070,8.5
peopleSSP3;min;2080;2.6,856221244.777778,-2604159.22222221,peopleSSP3,min,2080,2.6
peopleSSP3;min;2080;4.5,857362323.888889,-1463080.11111104,peopleSSP3,min,2080,4.5
peopleSSP3;min;2080;6,856682475.333333,-2142928.66666675,peopleSSP3,min,2080,6
peopleSSP3;min;2080;8.5,853252896.555556,-5572507.44444442,peopleSSP3,min,2080,8.5
peopleSSP4;max;2030;2.6,9664078.88888889,-8772361.22222222,peopleSSP4,max,2030,2.6
peopleSSP4;max;2030;4.5,10559919.2222222,-7876520.88888889,peopleSSP4,max,2030,4.5
peopleSSP4;max;2030;6,4713647.44444445,-13722792.6666667,peopleSSP4,max,2030,6
peopleSSP4;max;2030;8.5,966156.777777778,-17470283.3333333,peopleSSP4,max,2030,8.5
peopleSSP4;max;2050;2.6,12155093.6666667,-30075344.8888889,peopleSSP4,max,2050,2.6
peopleSSP4;max;2050;4.5,25674649.3333333,-16555789.2222222,peopleSSP4,max,2050,4.5
peopleSSP4;max;2050;6,35663157.5555556,-6567281,peopleSSP4,max,2050,6
peopleSSP4;max;2050;8.5,18180727.5555556,-24049711,peopleSSP4,max,2050,8.5
peopleSSP4;max;2070;2.6,21105844.3333333,-44982667,peopleSSP4,max,2070,2.6
peopleSSP4;max;2070;4.5,36544521.3333333,-29543990,peopleSSP4,max,2070,4.5
peopleSSP4;max;2070;6,13644902.3333333,-52443609,peopleSSP4,max,2070,6
peopleSSP4;max;2070;8.5,17968925,-48119586.3333333,peopleSSP4,max,2070,8.5
peopleSSP4;max;2080;2.6,19951978.1111111,-57149269.1111111,peopleSSP4,max,2080,2.6
peopleSSP4;max;2080;4.5,67887756.3333333,-9213490.8888889,peopleSSP4,max,2080,4.5
peopleSSP4;max;2080;6,38563893.6666667,-38537353.5555556,peopleSSP4,max,2080,6
peopleSSP4;max;2080;8.5,15699608.2222222,-61401639,peopleSSP4,max,2080,8.5
peopleSSP4;mean;2030;2.6,110301448.222222,-6615702.77777778,peopleSSP4,mean,2030,2.6
peopleSSP4;mean;2030;4.5,116213259.222222,-703891.777777776,peopleSSP4,mean,2030,4.5
peopleSSP4;mean;2030;6,118963871.888889,2046720.88888888,peopleSSP4,mean,2030,6
peopleSSP4;mean;2030;8.5,94726118.7777778,-22191032.2222222,peopleSSP4,mean,2030,8.5
peopleSSP4;mean;2050;2.6,250867578.555556,-20541263,peopleSSP4,mean,2050,2.6
peopleSSP4;mean;2050;4.5,279196020.666667,7787179.11111116,peopleSSP4,mean,2050,4.5
peopleSSP4;mean;2050;6,276773189.888889,5364348.33333331,peopleSSP4,mean,2050,6
peopleSSP4;mean;2050;8.5,198179953.555556,-73228888,peopleSSP4,mean,2050,8.5
peopleSSP4;mean;2070;2.6,373532599.666667,-54288565.7777778,peopleSSP4,mean,2070,2.6
peopleSSP4;mean;2070;4.5,420697119.111111,-7124046.33333337,peopleSSP4,mean,2070,4.5
peopleSSP4;mean;2070;6,436476795.444445,8655630,peopleSSP4,mean,2070,6
peopleSSP4;mean;2070;8.5,303629474.777778,-124191690.666667,peopleSSP4,mean,2070,8.5
peopleSSP4;mean;2080;2.6,449081565.111111,-50817424.3333333,peopleSSP4,mean,2080,2.6
peopleSSP4;mean;2080;4.5,501260350.111111,1361360.66666669,peopleSSP4,mean,2080,4.5
peopleSSP4;mean;2080;6,490243085.555556,-9655903.88888883,peopleSSP4,mean,2080,6
peopleSSP4;mean;2080;8.5,331446426.666667,-168452562.777778,peopleSSP4,mean,2080,8.5
peopleSSP4;min;2030;2.6,178727024.333333,-212353.333333343,peopleSSP4,min,2030,2.6
peopleSSP4;min;2030;4.5,178586089.666667,-353288,peopleSSP4,min,2030,4.5
peopleSSP4;min;2030;6,178083741.222222,-855636.444444448,peopleSSP4,min,2030,6
peopleSSP4;min;2030;8.5,177138807.777778,-1800569.8888889,peopleSSP4,min,2030,8.5
peopleSSP4;min;2050;2.6,425423463,-1881450.55555558,peopleSSP4,min,2050,2.6
peopleSSP4;min;2050;4.5,426994984,-309929.555555522,peopleSSP4,min,2050,4.5
peopleSSP4;min;2050;6,426991715.888889,-313197.666666687,peopleSSP4,min,2050,6
peopleSSP4;min;2050;8.5,424341132.555556,-2963781,peopleSSP4,min,2050,8.5
peopleSSP4;min;2070;2.6,685876513.333333,-3271461.11111116,peopleSSP4,min,2070,2.6
peopleSSP4;min;2070;4.5,686824352.777778,-2323621.66666663,peopleSSP4,min,2070,4.5
peopleSSP4;min;2070;6,685091982.666667,-4055991.77777779,peopleSSP4,min,2070,6
peopleSSP4;min;2070;8.5,684881000.888889,-4266973.55555558,peopleSSP4,min,2070,8.5
peopleSSP4;min;2080;2.6,809454421.666667,-2910624.55555558,peopleSSP4,min,2080,2.6
peopleSSP4;min;2080;4.5,809865252.888889,-2499793.33333337,peopleSSP4,min,2080,4.5
peopleSSP4;min;2080;6,809352580.111111,-3012466.11111104,peopleSSP4,min,2080,6
peopleSSP4;min;2080;8.5,806220605.222222,-6144441,peopleSSP4,min,2080,8.5
peopleSSP5;max;2030;2.6,6252931.00000001,-5934974.22222222,peopleSSP5,max,2030,2.6
peopleSSP5;max;2030;4.5,7060915.55555556,-5126989.66666667,peopleSSP5,max,2030,4.5
peopleSSP5;max;2030;6,2837373.88888889,-9350531.33333334,peopleSSP5,max,2030,6
peopleSSP5;max;2030;8.5,602705.777777778,-11585199.4444445,peopleSSP5,max,2030,8.5
peopleSSP5;max;2050;2.6,5742853.66666667,-16457801.2222222,peopleSSP5,max,2050,2.6
peopleSSP5;max;2050;4.5,12875584,-9325070.88888888,peopleSSP5,max,2050,4.5
peopleSSP5;max;2050;6,18277253.5555555,-3923401.33333333,peopleSSP5,max,2050,6
peopleSSP5;max;2050;8.5,8460414.77777777,-13740240.1111111,peopleSSP5,max,2050,8.5
peopleSSP5;max;2070;2.6,6545036.33333333,-21259455.3333333,peopleSSP5,max,2070,2.6
peopleSSP5;max;2070;4.5,12497541.1111111,-15306950.5555555,peopleSSP5,max,2070,4.5
peopleSSP5;max;2070;6,4057921,-23746570.6666667,peopleSSP5,max,2070,6
peopleSSP5;max;2070;8.5,4300549,-23503942.6666667,peopleSSP5,max,2070,8.5
peopleSSP5;max;2080;2.6,4645700.22222222,-24444736.2222222,peopleSSP5,max,2080,2.6
peopleSSP5;max;2080;4.5,24681049,-4409387.44444445,peopleSSP5,max,2080,4.5
peopleSSP5;max;2080;6,11018778.6666667,-18071657.7777778,peopleSSP5,max,2080,6
peopleSSP5;max;2080;8.5,2201793.66666667,-26888642.7777778,peopleSSP5,max,2080,8.5
peopleSSP5;mean;2030;2.6,75954963.3333333,-4956221.66666666,peopleSSP5,mean,2030,2.6
peopleSSP5;mean;2030;4.5,80423605.4444444,-487579.555555567,peopleSSP5,mean,2030,4.5
peopleSSP5;mean;2030;6,82268509.2222222,1357324.22222222,peopleSSP5,mean,2030,6
peopleSSP5;mean;2030;8.5,64732239.4444445,-16178945.5555556,peopleSSP5,mean,2030,8.5
peopleSSP5;mean;2050;2.6,138975514.777778,-12019200.7777778,peopleSSP5,mean,2050,2.6
peopleSSP5;mean;2050;4.5,155473593.666667,4478878.1111111,peopleSSP5,mean,2050,4.5
peopleSSP5;mean;2050;6,153623017.777778,2628302.22222221,peopleSSP5,mean,2050,6
peopleSSP5;mean;2050;8.5,110043459.333333,-40951256.2222222,peopleSSP5,mean,2050,8.5
peopleSSP5;mean;2070;2.6,167596917.111111,-24443648.5555556,peopleSSP5,mean,2070,2.6
peopleSSP5;mean;2070;4.5,188548324.666667,-3492241,peopleSSP5,mean,2070,4.5
peopleSSP5;mean;2070;6,195918301.555556,3877735.8888889,peopleSSP5,mean,2070,6
peopleSSP5;mean;2070;8.5,136046380,-55994185.6666667,peopleSSP5,mean,2070,8.5
peopleSSP5;mean;2080;2.6,181269955,-20647815.4444444,peopleSSP5,mean,2080,2.6
peopleSSP5;mean;2080;4.5,202116032.444444,198262,peopleSSP5,mean,2080,4.5
peopleSSP5;mean;2080;6,196094692.555556,-5823077.8888889,peopleSSP5,mean,2080,6
peopleSSP5;mean;2080;8.5,133468023.555556,-68449746.8888889,peopleSSP5,mean,2080,8.5
peopleSSP5;min;2030;2.6,124553794.888889,-145889.777777776,peopleSSP5,min,2030,2.6
peopleSSP5;min;2030;4.5,124439749.777778,-259934.888888881,peopleSSP5,min,2030,4.5
peopleSSP5;min;2030;6,124078494.555556,-621190.111111105,peopleSSP5,min,2030,6
peopleSSP5;min;2030;8.5,123420460.111111,-1279224.55555557,peopleSSP5,min,2030,8.5
peopleSSP5;min;2050;2.6,237110321.777778,-1182849.44444445,peopleSSP5,min,2050,2.6
peopleSSP5;min;2050;4.5,238145774.333333,-147396.888888896,peopleSSP5,min,2050,4.5
peopleSSP5;min;2050;6,238109312.777778,-183858.444444418,peopleSSP5,min,2050,6
peopleSSP5;min;2050;8.5,236537931.222222,-1755240,peopleSSP5,min,2050,8.5
peopleSSP5;min;2070;2.6,307437568.888889,-1740993.22222221,peopleSSP5,min,2070,2.6
peopleSSP5;min;2070;4.5,307868250.666667,-1310311.44444442,peopleSSP5,min,2070,4.5
peopleSSP5;min;2070;6,307185257.444444,-1993304.66666663,peopleSSP5,min,2070,6
peopleSSP5;min;2070;8.5,307097815.666667,-2080746.44444442,peopleSSP5,min,2070,8.5
peopleSSP5;min;2080;2.6,326448800.333333,-1292507.1111111,peopleSSP5,min,2080,2.6
peopleSSP5;min;2080;4.5,326378684,-1362623.44444448,peopleSSP5,min,2080,4.5
peopleSSP5;min;2080;6,326310485.555556,-1430821.8888889,peopleSSP5,min,2080,6
peopleSSP5;min;2080;8.5,325142599.888889,-2598707.55555558,peopleSSP5,min,2080,8.5
