Host,HostTaxID,correct_name,type,taxon_level,Genus,Family,Order,Class,Phylum,host_species,Spp_syn,IUCN_spp,Or_name,IUCN_Present,IUCN_id,IUCN_name,IUCN_latest,IUCN_date,IUCN_Category,IUCN_N_syn,IUCN_syn,IUCN_status,IUCN_Phylum,IUCN_Class,IUCN_Order,IUCN_Family,ITIS_Present,ITIS_is_valid,ITIS_id,ITIS_name,ITIS_Phylum,ITIS_N_syn,ITIS_syn,ITIS_Class,ITIS_Order,ITIS_Family,ITIS_species_in_genus,GBIF_Present,GBIF_id,GBIF_name,GBIF_N_syn,GBIF_syn,GBIF_Phylum,GBIF_Status,GBIF_Class,GBIF_Order,GBIF_Family
Acanthis flammea,54769,Acanthis flammea,host,species,Acanthis,FRINGILLIDAE,PASSERIFORMES,AVES,CHORDATA,Acanthis flammea,,Acanthis flammea,Acanthis flammea,Yes,22725044,Acanthis flammea,TRUE,2021; 2019,LC,1,Carduelis flammea,NEW,CHORDATA,AVES,PASSERIFORMES,FRINGILLIDAE,Yes,valid,179241,Acanthis flammea,CHORDATA,3,Carduelis flammea;Fringilla cabaret;Carduelis cabaret,AVES,PASSERIFORMES,FRINGILLIDAE,,Yes,5231630,Acanthis flammea,,,CHORDATA,ACCEPTED,AVES,PASSERIFORMES,FRINGILLIDAE
Acanthophis antarcticus,8605,Acanthophis antarcticus,host,species,Acanthophis,ELAPIDAE,SQUAMATA,REPTILIA,CHORDATA,Acanthophis antarcticus,,Acanthophis antarcticus,Acanthophis antarcticus,Yes,42492756,Acanthophis antarcticus,TRUE,2018,LC,1,Boa antarctica,ACCEPTED,CHORDATA,REPTILIA,SQUAMATA,ELAPIDAE,Yes,valid,700433,Acanthophis antarcticus,CHORDATA,1,Boa antarctica,REPTILIA,SQUAMATA,ELAPIDAE,,Yes,2449648,Acanthophis antarcticus,,,CHORDATA,ACCEPTED,SQUAMATA,,ELAPIDAE
Alouatta pigra,182253,Alouatta pigra,host,species,Alouatta,ATELIDAE,PRIMATES,MAMMALIA,CHORDATA,Alouatta pigra,,Alouatta pigra,Alouatta pigra,Yes,914,Alouatta pigra,TRUE,2020,EN,0,,ACCEPTED,CHORDATA,MAMMALIA,PRIMATES,ATELIDAE,Yes,valid,572940,Alouatta pigra,CHORDATA,1,Mycetes villosus,MAMMALIA,PRIMATES,ATELIDAE,,Yes,2436653,Alouatta pigra,1,Lagothrix lagothricha,CHORDATA,ACCEPTED,MAMMALIA,PRIMATES,ATELIDAE
Amazona aestiva,12930,Amazona aestiva,host,species,Amazona,PSITTACIDAE,PSITTACIFORMES,AVES,CHORDATA,Amazona aestiva,Amazona aestiva; Psittacus aestivus,Amazona aestiva,Amazona aestiva,Yes,22686332,Amazona aestiva,TRUE,2019,NT,,,,CHORDATA,AVES,PSITTACIFORMES,PSITTACIDAE,Yes,valid,177783,Amazona aestiva,CHORDATA,1,Psittacus aestivus,AVES,PSITTACIFORMES,PSITTACIDAE,,Yes,2479662,Amazona aestiva,,,CHORDATA,ACCEPTED,AVES,PSITTACIFORMES,PSITTACIDAE
Amphibolurus muricatus,116113,Amphibolurus muricatus,host,species,Amphibolurus,AGAMIDAE,SQUAMATA,REPTILIA,CHORDATA,Amphibolurus muricatus,Amphibolurus muricatus; Grammatophora muricata; Agama muricata; Lacerta muricata; Ctenophorus caudicinctus,Amphibolurus muricatus,Amphibolurus muricatus,Yes,83410038,Amphibolurus muricatus,TRUE,2018,LC,3,Grammatophora muricata;Agama muricata;Lacerta muricata,ACCEPTED;ACCEPTED;ACCEPTED,CHORDATA,REPTILIA,SQUAMATA,AGAMIDAE,Yes,valid,1055501,Amphibolurus muricatus,CHORDATA,,,REPTILIA,SQUAMATA,AGAMIDAE,,Yes,2465999,Amphibolurus muricatus,1,Ctenophorus caudicinctus,CHORDATA,ACCEPTED,SQUAMATA,,AGAMIDAE
Amphiprion nigripes,229073,Amphiprion nigripes,host,species,Amphiprion,POMACENTRIDAE,NOT ASSIGNED,ACTINOPTERYGII,CHORDATA,Amphiprion nigripes,Amphiprion nigripes,Amphiprion nigripes,Amphiprion nigripes,Yes,188393,Amphiprion nigripes,TRUE,2022,LC,,,,CHORDATA,ACTINOPTERYGII,NOT ASSIGNED,POMACENTRIDAE,Yes,valid,615201,Amphiprion nigripes,CHORDATA,,,TELEOSTEI,PERCIFORMES,POMACENTRIDAE,,Yes,5212055,Amphiprion nigripes,,,CHORDATA,ACCEPTED,,PERCIFORMES,POMACENTRIDAE
Anas platyrhynchos,8839,Anas platyrhynchos,host,species,Anas,ANATIDAE,ANSERIFORMES,AVES,CHORDATA,Anas platyrhynchos,Anas platyrhynchos; Anas oustaleti; Anas conboschas,Anas platyrhynchos,Anas platyrhynchos,Yes,22680186,Anas platyrhynchos,TRUE,2021; 2019,LC,,,,CHORDATA,AVES,ANSERIFORMES,ANATIDAE,Yes,valid,175063,Anas platyrhynchos,CHORDATA,2,Anas oustaleti;Anas conboschas,AVES,ANSERIFORMES,ANATIDAE,,Yes,9761484,Anas platyrhynchos,,,CHORDATA,ACCEPTED,AVES,ANSERIFORMES,ANATIDAE
Anser anser,8843,Anser anser,host,species,Anser,ANATIDAE,ANSERIFORMES,AVES,CHORDATA,Anser anser,Anser anser; Anas anser,Anser anser,Anser anser,Yes,22679889,Anser anser,TRUE,2021; 2018,LC,,,,CHORDATA,AVES,ANSERIFORMES,ANATIDAE,Yes,valid,175028,Anser anser,CHORDATA,1,Anas anser,AVES,ANSERIFORMES,ANATIDAE,,Yes,2498036,Anser anser,,,CHORDATA,ACCEPTED,AVES,ANSERIFORMES,ANATIDAE
Antaresia childreni,51888,Antaresia childreni,host,species,Antaresia,PYTHONIDAE,SQUAMATA,REPTILIA,CHORDATA,Antaresia childreni,,Antaresia childreni,Antaresia childreni,Yes,13300639,Antaresia childreni,TRUE,2017,LC,1,Liasis childreni,ACCEPTED,CHORDATA,REPTILIA,SQUAMATA,PYTHONIDAE,Yes,valid,634764,Antaresia childreni,CHORDATA,1,Liasis childreni,REPTILIA,SQUAMATA,PYTHONIDAE,,Yes,2465003,Antaresia childreni,,,CHORDATA,ACCEPTED,SQUAMATA,,PYTHONIDAE
Antaresia maculosa,51891,Antaresia maculosa,host,species,Antaresia,PYTHONIDAE,SQUAMATA,REPTILIA,CHORDATA,Antaresia maculosa,,Antaresia maculosa,Antaresia maculosa,Yes,13300653,Antaresia maculosa,TRUE,2017,LC,1,Liasis maculosus,ACCEPTED,CHORDATA,REPTILIA,SQUAMATA,PYTHONIDAE,Yes,valid,634765,Antaresia maculosa,CHORDATA,1,Liasis maculosus,REPTILIA,SQUAMATA,PYTHONIDAE,,Yes,2465017,Antaresia maculosa,,,CHORDATA,ACCEPTED,SQUAMATA,NA,PYTHONIDAE
Aotus trivirgatus,9505,Aotus trivirgatus,host,species,Aotus,AOTIDAE,PRIMATES,MAMMALIA,CHORDATA,Aotus trivirgatus,Aotus trivirgatus; Cheirogaleus commersonii; Nyctipithecus duruculi; Nyctipithecus felinus,Aotus trivirgatus,Aotus trivirgatus,Yes,41543,Aotus trivirgatus,TRUE,2021,LC,,,,CHORDATA,MAMMALIA,PRIMATES,AOTIDAE,Yes,valid,572951,Aotus trivirgatus,CHORDATA,3,Cheirogaleus commersonii;Nyctipithecus duruculi;Nyctipithecus felinus,MAMMALIA,PRIMATES,AOTIDAE,,Yes,5219590,Aotus trivirgatus,,,CHORDATA,ACCEPTED,MAMMALIA,PRIMATES,AOTIDAE
Apodemus chevrieri,129246,Apodemus chevrieri,host,species,Apodemus,MURIDAE,RODENTIA,MAMMALIA,CHORDATA,Apodemus chevrieri,Apodemus chevrieri; Apodemus fergussoni,Apodemus chevrieri,Apodemus chevrieri,Yes,1890,Apodemus chevrieri,TRUE,2016,LC,,,,CHORDATA,MAMMALIA,RODENTIA,MURIDAE,Yes,valid,585129,Apodemus chevrieri,CHORDATA,1,Apodemus fergussoni,MAMMALIA,RODENTIA,MURIDAE,,Yes,5219743,Apodemus chevrieri,,,CHORDATA,ACCEPTED,MAMMALIA,RODENTIA,MURIDAE
Arapaima gigas,113544,Arapaima gigas,host,species,Arapaima,OSTEOGLOSSIDAE,OSTEOGLOSSIFORMES,ACTINOPTERYGII,CHORDATA,Arapaima gigas,,Arapaima gigas,Arapaima gigas,Yes,1991,Arapaima gigas,TRUE,1996,DD,1,Sudis gigas,ACCEPTED;ACCEPTED,CHORDATA,ACTINOPTERYGII,OSTEOGLOSSIFORMES,OSTEOGLOSSIDAE,Yes,valid,650008,Arapaima gigas,CHORDATA,1,Arapaima gigas,TELEOSTEI,OSTEOGLOSSIFORMES,OSTEOGLOSSIDAE,,Yes,5212877,Arapaima gigas,2,Arapaima gigas,CHORDATA,ACCEPTED-SYNONYM,,OSTEOGLOSSIFORMES,ARAPAIMIDAE
Ardea intermedia,585464,Ardea intermedia,host,species,Ardea,ARDEIDAE,PELECANIFORMES,AVES,CHORDATA,Ardea intermedia,Ardea intermedia; Egretta intermedia; Mesophoyx intermedia; Acraea consanguinea; Scandosorbus intermedia,Ardea intermedia,Ardea intermedia,Yes,22727668,Ardea intermedia,TRUE,2020,LC,,,,CHORDATA,AVES,PELECANIFORMES,ARDEIDAE,Yes,valid,1244841,Ardea intermedia,CHORDATA,2,Egretta intermedia;Mesophoyx intermedia,AVES,PELECANIFORMES,ARDEIDAE,,Yes,4352345-12162509-5370226,Egretta intermedia,3,Egretta intermedia;Acraea consanguinea;Scandosorbus intermedia,,ACCEPTED,,,
Austrelaps superbus,29156,Austrelaps superbus,host,species,Austrelaps,ELAPIDAE,SQUAMATA,REPTILIA,CHORDATA,Austrelaps superbus,,Austrelaps superbus,Austrelaps superbus,Yes,102704097,Austrelaps superbus,TRUE,2018,LC,1,Hoplocephalus superbus,ACCEPTED,CHORDATA,REPTILIA,SQUAMATA,ELAPIDAE,Yes,valid,700451,Austrelaps superbus,CHORDATA,1,Hoplocephalus superbus,REPTILIA,SQUAMATA,ELAPIDAE,,Yes,2449884,Austrelaps superbus,,,CHORDATA,ACCEPTED,SQUAMATA,,ELAPIDAE
Bellatorias frerei,96718,Bellatorias frerei,host,species,Bellatorias,SCINCIDAE,SQUAMATA,REPTILIA,CHORDATA,Bellatorias frerei,Bellatorias frerei; Egernia frerei,Bellatorias frerei,Bellatorias frerei,Yes,42483725,Bellatorias frerei,TRUE,2018,LC,1,Egernia frerei,ACCEPTED,CHORDATA,REPTILIA,SQUAMATA,SCINCIDAE,Yes,valid,1182049,Bellatorias frerei,CHORDATA,,,REPTILIA,SQUAMATA,SCINCIDAE,,Yes,8058226,Bellatorias frerei,,,CHORDATA,ACCEPTED,SQUAMATA,,SCINCIDAE
Bison bison,9901,Bison bison,host,species,Bison,BOVIDAE,ARTIODACTYLA,MAMMALIA,CHORDATA,Bison bison,,Bison bison,Bison bison,Yes,2815,Bison bison,TRUE,2017,NT,1,Bos bison,ACCEPTED,CHORDATA,MAMMALIA,ARTIODACTYLA,BOVIDAE,Yes,valid,180706,Bos bison,CHORDATA,4,Bison bison;Bison americanus;Bison sylvestris;Bison americanus,MAMMALIA,ARTIODACTYLA,BOVIDAE,,Yes,2441176,Bison bison,,,CHORDATA,ACCEPTED,MAMMALIA,ARTIODACTYLA,BOVIDAE
Bitis nasicornis,8695,Bitis nasicornis,host,species,Bitis,VIPERIDAE,SQUAMATA,REPTILIA,CHORDATA,Bitis nasicornis,,Bitis nasicornis,Bitis nasicornis,Yes,13300910,Bitis nasicornis,TRUE,2021,VU,1,Coluber nasicornis,ACCEPTED,CHORDATA,REPTILIA,SQUAMATA,VIPERIDAE,Yes,valid,634956,Bitis nasicornis,CHORDATA,1,Coluber nasicornis,REPTILIA,SQUAMATA,VIPERIDAE,,Yes,2444873,Bitis nasicornis,,,CHORDATA,ACCEPTED,SQUAMATA,,VIPERIDAE
Boa constrictor,8574,Boa constrictor,host,species,Boa,BOIDAE,SQUAMATA,REPTILIA,CHORDATA,Boa constrictor,Boa constrictor; Boa imperator,Boa constrictor,Boa constrictor,Yes,197462,Boa constrictor,TRUE,2021,LC,,,,CHORDATA,REPTILIA,SQUAMATA,BOIDAE,Yes,valid,209569,Boa constrictor,CHORDATA,1,Boa imperator,REPTILIA,SQUAMATA,BOIDAE,,Yes,2464899,Boa constrictor,1,Boa constrictor,CHORDATA,ACCEPTED-SYNONYM,SQUAMATA,,BOIDAE
Boaedon olivaceus,292868,Boaedon olivaceus,host,species,Boaedon,LAMPROPHIIDAE,SQUAMATA,REPTILIA,CHORDATA,Boaedon olivaceus,,Boaedon olivaceus,Boaedon olivaceus,Yes,13288818,Boaedon olivaceus,TRUE,2021,LC,2,Holuropholis olivaceus;Lamprophis olivacea,ACCEPTED;ACCEPTED,CHORDATA,REPTILIA,SQUAMATA,LAMPROPHIIDAE,Yes,valid,1081923,Boaedon olivaceus,CHORDATA,1,Holuropholis olivaceus,REPTILIA,SQUAMATA,LAMPROPHIIDAE,,Yes,2455907,Boaedon olivaceus,,,CHORDATA,ACCEPTED,SQUAMATA,,LAMPROPHIIDAE
Boiga irregularis,92519,Boiga irregularis,host,species,Boiga,COLUBRIDAE,SQUAMATA,REPTILIA,CHORDATA,Boiga irregularis,,Boiga irregularis,Boiga irregularis,Yes,196562,Boiga irregularis,TRUE,2018,LC,1,Coluber irregularis,ACCEPTED,CHORDATA,REPTILIA,SQUAMATA,COLUBRIDAE,Yes,valid,174206,Boiga irregularis,CHORDATA,1,Coluber irregularis,REPTILIA,SQUAMATA,COLUBRIDAE,,Yes,2457884,Boiga irregularis,,,CHORDATA,ACCEPTED,SQUAMATA,,COLUBRIDAE
Bos taurus,9913,Bos taurus,host,species,Bos,BOVIDAE,ARTIODACTYLA,MAMMALIA,CHORDATA,Bos taurus,Bos taurus; Bos indicus; Bos frontalis,Bos taurus,Bos taurus,Yes,203892,Bos taurus,,,,,,,CHORDATA,MAMMALIA,ARTIODACTYLA,BOVIDAE,Yes,valid,183838,Bos taurus,CHORDATA,1,Bos indicus,MAMMALIA,ARTIODACTYLA,BOVIDAE,,Yes,2441022,Bos taurus,2,Bos frontalis,CHORDATA,ACCEPTED,MAMMALIA,ARTIODACTYLA,BOVIDAE
Bothriechis schlegelii,44725,Bothriechis schlegelii,host,species,Bothriechis,VIPERIDAE,SQUAMATA,REPTILIA,CHORDATA,Bothriechis schlegelii,,Bothriechis schlegelii,Bothriechis schlegelii,Yes,197463,Bothriechis schlegelii,TRUE,2019,LC,1,Trigonocephalus schlegelii,ACCEPTED,CHORDATA,REPTILIA,SQUAMATA,VIPERIDAE,Yes,valid,585768,Bothriechis schlegelii,CHORDATA,2,Bothrops schlegelii;Trigonocephalus schlegelii,REPTILIA,SQUAMATA,VIPERIDAE,,Yes,2444681,Bothriechis schlegelii,,,CHORDATA,ACCEPTED,SQUAMATA,,VIPERIDAE
Cacatua galerita,141274,Cacatua galerita,host,species,Cacatua,CACATUIDAE,PSITTACIFORMES,AVES,CHORDATA,Cacatua galerita,,Cacatua galerita,Cacatua galerita,Yes,22684781,Cacatua galerita,TRUE,2018,LC,1,Psittacus galeritus,ADD,CHORDATA,AVES,PSITTACIFORMES,CACATUIDAE,Yes,valid,177815,Cacatua galerita,CHORDATA,4,Cacatura galerita;Psittacus galeritus;Cacatua eleonora;Cacatua triton,AVES,PSITTACIFORMES,CACATUIDAE,,Yes,2479888,Cacatua galerita,1,Cacatua galerita,CHORDATA,ACCEPTED-SYNONYM,AVES,PSITTACIFORMES,PSITTACIDAE
Callorhinus ursinus,34884,Callorhinus ursinus,host,species,Callorhinus,OTARIIDAE,CARNIVORA,MAMMALIA,CHORDATA,Callorhinus ursinus,,Callorhinus ursinus,Callorhinus ursinus,Yes,3590,Callorhinus ursinus,TRUE,2015,VU,2,Arctocephalus ursinus;Phoca ursina,ACCEPTED;ACCEPTED,CHORDATA,MAMMALIA,CARNIVORA,OTARIIDAE,Yes,valid,180627,Callorhinus ursinus,CHORDATA,8,Phoca ursina;Otaria krachenninikowii;Callorhinus curilensis;Phoca nigra;Siren cynocephala;Phoca minima;Arctocephalus californianus;Callorhinus alascanus,MAMMALIA,CARNIVORA,OTARIIDAE,,Yes,2433487,Callorhinus ursinus,,,CHORDATA,ACCEPTED,MAMMALIA,CARNIVORA,OTARIIDAE
Canis lupus,9612,Canis lupus,host,species,Canis,CANIDAE,CARNIVORA,MAMMALIA,CHORDATA,Canis lupus,Canis lupus; Canis dingo; Canis familiaris; Canis rufus,Canis lupus,Canis lupus,Yes,3746,Canis lupus,TRUE,2025; 2023; 2010,LC,,,,CHORDATA,MAMMALIA,CARNIVORA,CANIDAE,Yes,valid,180596,Canis lupus,CHORDATA,3,Canis dingo;Canis familiaris;Canis rufus,MAMMALIA,CARNIVORA,CANIDAE,,Yes,5219173,Canis lupus,,,CHORDATA,ACCEPTED,MAMMALIA,CARNIVORA,CANIDAE
Cavia porcellus,10141,Cavia porcellus,host,species,Cavia,CAVIIDAE,RODENTIA,MAMMALIA,CHORDATA,Cavia porcellus,Cavia porcellus; Mus porcellus,Cavia porcellus,Cavia porcellus,Yes,4067,Cavia porcellus,,,,,,,CHORDATA,MAMMALIA,RODENTIA,CAVIIDAE,Yes,valid,584713,Cavia porcellus,CHORDATA,1,Mus porcellus,MAMMALIA,RODENTIA,CAVIIDAE,,Yes,5219702,Cavia porcellus,,,CHORDATA,ACCEPTED,MAMMALIA,RODENTIA,CAVIIDAE
Cerradomys subflavus,37022,Cerradomys subflavus,host,species,Cerradomys,CRICETIDAE,RODENTIA,MAMMALIA,CHORDATA,Cerradomys subflavus,,Cerradomys subflavus,Cerradomys subflavus,Yes,15614,Cerradomys subflavus,TRUE,2016,LC,1,Oryzomys subflavus,ADDED;ACCEPTED,CHORDATA,MAMMALIA,RODENTIA,CRICETIDAE,Yes,valid,972462,Cerradomys subflavus,CHORDATA,1,Oryzomys subflavus,MAMMALIA,RODENTIA,CRICETIDAE,,Yes,5786899,Cerradomys subflavus,,,CHORDATA,ACCEPTED,MAMMALIA,RODENTIA,CRICETIDAE
Chamaeleo calyptratus,179908,Chamaeleo calyptratus,host,species,Chamaeleo,CHAMAELEONIDAE,SQUAMATA,REPTILIA,CHORDATA,Chamaeleo calyptratus,Chamaeleo calyptratus; Chamaeleo calcaratus,Chamaeleo calyptratus,Chamaeleo calyptratus,Yes,176306,Chamaeleo calyptratus,TRUE,2012,LC,1,Chamaeleo calcaratus,ADD,CHORDATA,REPTILIA,SQUAMATA,CHAMAELEONIDAE,Yes,valid,690738,Chamaeleo calyptratus,CHORDATA,,,REPTILIA,SQUAMATA,CHAMAELEONIDAE,,Yes,2449133,Chamaeleo calyptratus,,,CHORDATA,ACCEPTED,SQUAMATA,,CHAMAELEONIDAE
Chelodina oblonga,44492,Chelodina oblonga,host,species,Chelodina,CHELIDAE,TESTUDINES,REPTILIA,CHORDATA,Chelodina oblonga,,Chelodina oblonga,Chelodina oblonga,Yes,4607,Chelodina oblonga,TRUE,1996,LR/nt,2,Macrodiremys oblonga;Chelodina colliei,ACCEPTED;ACCEPTED,CHORDATA,REPTILIA,TESTUDINES,CHELIDAE,Yes,valid,551884,Chelodina oblonga,CHORDATA,1,Chelodina colliei,REPTILIA,TESTUDINES,CHELIDAE,,Yes,2441974,Chelodina oblonga,,,CHORDATA,ACCEPTED,TESTUDINES,,CHELIDAE
Chlamydosaurus kingii,103699,Chlamydosaurus kingii,host,species,Chlamydosaurus,AGAMIDAE,SQUAMATA,REPTILIA,CHORDATA,Chlamydosaurus kingii,Chlamydosaurus kingii,Chlamydosaurus kingii,Chlamydosaurus kingii,Yes,170384,Chlamydosaurus kingii,TRUE,2017,LC,,,,CHORDATA,REPTILIA,SQUAMATA,AGAMIDAE,Yes,valid,1055527,Chlamydosaurus kingii,CHORDATA,,,REPTILIA,SQUAMATA,AGAMIDAE,,Yes,2466087,Chlamydosaurus kingii,,,CHORDATA,ACCEPTED,SQUAMATA,,AGAMIDAE
Chloris chloris,37601,Chloris chloris,host,species,Chloris,FRINGILLIDAE,PASSERIFORMES,AVES,CHORDATA,Chloris chloris,Chloris chloris; Carduelis chloris; Alcedo chloris; Loxia chloris,Chloris chloris,Chloris chloris,Yes,22720330,Chloris chloris,TRUE,2021; 2018,LC,1,Carduelis chloris,NEW;ACCEPTED,CHORDATA,AVES,PASSERIFORMES,FRINGILLIDAE,Yes,valid,997806,Chloris chloris,CHORDATA,3,Alcedo chloris;Carduelis chloris;Loxia chloris,AVES,PASSERIFORMES,FRINGILLIDAE,,No,,,,,,,,,
Civettictis civetta,94186,Civettictis civetta,host,species,Civettictis,VIVERRIDAE,CARNIVORA,MAMMALIA,CHORDATA,Civettictis civetta,Civettictis civetta; Viverra civetta,Civettictis civetta,Civettictis civetta,Yes,41695,Civettictis civetta,TRUE,2019,LC,,,,CHORDATA,MAMMALIA,CARNIVORA,VIVERRIDAE,Yes,valid,621988,Civettictis civetta,CHORDATA,1,Viverra civetta,MAMMALIA,CARNIVORA,VIVERRIDAE,,Yes,2434634,Civettictis civetta,,,CHORDATA,ACCEPTED,MAMMALIA,CARNIVORA,VIVERRIDAE
Corvus brachyrhynchos,85066,Corvus brachyrhynchos,host,species,Corvus,CORVIDAE,PASSERIFORMES,AVES,CHORDATA,Corvus brachyrhynchos,Corvus brachyrhynchos,Corvus brachyrhynchos,Corvus brachyrhynchos,Yes,22705990,Corvus brachyrhynchos,TRUE,2018,LC,,,,CHORDATA,AVES,PASSERIFORMES,CORVIDAE,Yes,valid,179731,Corvus brachyrhynchos,CHORDATA,0,,AVES,PASSERIFORMES,CORVIDAE,,Yes,2482507,Corvus brachyrhynchos,,,CHORDATA,ACCEPTED,AVES,PASSERIFORMES,CORVIDAE
Crotalus willardi,125876,Crotalus willardi,host,species,Crotalus,VIPERIDAE,SQUAMATA,REPTILIA,CHORDATA,Crotalus willardi,Crotalus willardi,Crotalus willardi,Crotalus willardi,Yes,62253,Crotalus willardi,TRUE,2007,LC,,,,CHORDATA,REPTILIA,SQUAMATA,VIPERIDAE,Yes,valid,174320,Crotalus willardi,CHORDATA,,,REPTILIA,SQUAMATA,VIPERIDAE,,Yes,2444415,Crotalus willardi,,,CHORDATA,ACCEPTED,SQUAMATA,,VIPERIDAE
Cyclura cornuta,57098,Cyclura cornuta,host,species,Cyclura,IGUANIDAE,SQUAMATA,REPTILIA,CHORDATA,Cyclura cornuta,,Cyclura cornuta,Cyclura cornuta,Yes,6042,Cyclura cornuta,TRUE,2019,EN,4,Lacerta cornuta;Iguana cornuta;Metopoceros cornutus;Aloponotus cornutus,ACCEPTED;ACCEPTED;ACCEPTED;ACCEPTED;ACCEPTED,CHORDATA,REPTILIA,SQUAMATA,IGUANIDAE,Yes,valid,173918,Cyclura cornuta,CHORDATA,2,Cyclura stejnegeri;Cyclura nigerrima,REPTILIA,SQUAMATA,IGUANIDAE,,Yes,5960674,Cyclura cornuta,2,Ceratolejeunea cornuta;Colura corniantha,CHORDATA,ACCEPTED,SQUAMATA,NA,IGUANIDAE
Cyclura cychlura,118679,Cyclura cychlura,host,species,Cyclura,IGUANIDAE,SQUAMATA,REPTILIA,CHORDATA,Cyclura cychlura,Cyclura cychlura; Cyclura baeolopha; Iguana cychlura,Cyclura cychlura,Cyclura cychlura,Yes,6035,Cyclura cychlura,TRUE,2004,VU,2,Cyclura baeolopha;Iguana cychlura,ACCEPTED;ACCEPTED,CHORDATA,REPTILIA,SQUAMATA,IGUANIDAE,Yes,valid,202141,Cyclura cychlura,CHORDATA,,,REPTILIA,SQUAMATA,IGUANIDAE,,Yes,5960669,Cyclura cychlura,,,CHORDATA,ACCEPTED,SQUAMATA,,IGUANIDAE
Cynomys ludovicianus,45480,Cynomys ludovicianus,host,species,Cynomys,SCIURIDAE,RODENTIA,MAMMALIA,CHORDATA,Cynomys ludovicianus,,Cynomys ludovicianus,Cynomys ludovicianus,Yes,6091,Cynomys ludovicianus,TRUE,2016,LC,0,,S;New,CHORDATA,MAMMALIA,RODENTIA,SCIURIDAE,Yes,valid,180186,Cynomys ludovicianus,CHORDATA,1,Cynomys pyrrotrichus,MAMMALIA,RODENTIA,SCIURIDAE,,Yes,2437232,Cynomys ludovicianus,,,CHORDATA,ACCEPTED,MAMMALIA,RODENTIA,SCIURIDAE
Cynoscion nebulosus,13029,Cynoscion nebulosus,host,species,Cynoscion,SCIAENIDAE,PERCIFORMES,ACTINOPTERYGII,CHORDATA,Cynoscion nebulosus,Cynoscion nebulosus; Otolithus nebulosus,Cynoscion nebulosus,Cynoscion nebulosus,Yes,193266,Cynoscion nebulosus,TRUE,2020; 2015,LC,1,Otolithus nebulosus,ACCEPTED,CHORDATA,ACTINOPTERYGII,PERCIFORMES,SCIAENIDAE,Yes,valid,169239,Cynoscion nebulosus,CHORDATA,,,TELEOSTEI,PERCIFORMES,SCIAENIDAE,,Yes,2400015,Cynoscion nebulosus,,,CHORDATA,ACCEPTED,,PERCIFORMES,SCIAENIDAE
Cyprinus carpio,7962,Cyprinus carpio,host,species,Cyprinus,CYPRINIDAE,CYPRINIFORMES,ACTINOPTERYGII,CHORDATA,Cyprinus carpio,Cyprinus carpio; Cyprinus acuminatus; Cyprinus bithynicus; Cyprinus coriaceus; Cyprinus elatus; Carpiodes forbesi; Cyprinus hungaricus; Cyprinus macrolepidotus; Cyprinus nordmannii; Cyprinus nudus; Cyprinus regina; Cyprinus regius; Cyprinus rex; Cyprinus rexcyprinorum; Cyprinus rondeletii; Cyprinus specularis; Carpio vulgaris; Cyprinus viridescens; Carassius carassius; Leuciscus aspius; Chela cachius; Pethia canius; Squalius cephalus; Luciobarbus capito,Cyprinus carpio,Cyprinus carpio,Yes,6181,Cyprinus carpio,TRUE,2024,NT; LC,20,Cyprinus acuminatus;Cyprinus bithynicus;Cyprinus coriaceus;Cyprinus elatus;Carpiodes forbesi;Cyprinus hungaricus;Cyprinus macrolepidotus;Cyprinus macrolepidotus;Cyprinus macrolepidotus;Cyprinus nordmannii;Cyprinus nudus;Cyprinus regina;Cyprinus regius;Cyprinus rex;Cyprinus rexcyprinorum;Cyprinus rondeletii;Cyprinus specularis;Carpio vulgaris;Cyprinus specularis;Cyprinus viridescens,ACCEPTED;ACCEPTED;ACCEPTED;ACCEPTED;ACCEPTED;ACCEPTED;ACCEPTED;ACCEPTED;ACCEPTED;ACCEPTED;ACCEPTED;ACCEPTED;ACCEPTED;ACCEPTED;ACCEPTED;ACCEPTED;ACCEPTED;ACCEPTED;ACCEPTED;ACCEPTED;ACCEPTED;ACCEPTED;ACCEPTED;ACCEPTED;ACCEPTED;ACCEPTED;ACCEPTED;ACCEPTED,CHORDATA,ACTINOPTERYGII,CYPRINIFORMES,CYPRINIDAE,Yes,valid,163344,Cyprinus carpio,CHORDATA,,,TELEOSTEI,CYPRINIFORMES,CYPRINIDAE,,Yes,4286975,Cyprinus carpio,6,Carassius carassius;Leuciscus aspius;Chela cachius;Pethia canius;Squalius cephalus;Luciobarbus capito,CHORDATA,ACCEPTED,,CYPRINIFORMES,CYPRINIDAE
Dendrelaphis punctulatus,1458430,Dendrelaphis punctulatus,host,species,Dendrelaphis,COLUBRIDAE,SQUAMATA,REPTILIA,CHORDATA,Dendrelaphis punctulatus,,Dendrelaphis punctulatus,Dendrelaphis punctulatus,Yes,116813025,Dendrelaphis punctulatus,TRUE,2018,LC,8,Ahaetulla punctulatus;Dendrelaphis punctulata;Dendrophis bilorealis;Dendrophis gracilis;Dendrophis prasinus;Dendrophis punctulatus;Elaps lewisii;Leptophis punctulatus,ACCEPTED;ACCEPTED;ACCEPTED;ACCEPTED;ACCEPTED;ACCEPTED;ACCEPTED;ACCEPTED,CHORDATA,REPTILIA,SQUAMATA,COLUBRIDAE,Yes,valid,174222,Dendrelaphis punctulatus,CHORDATA,1,Leptophis punctulatus,REPTILIA,SQUAMATA,COLUBRIDAE,,Yes,2459293,Dendrelaphis punctulatus,,,CHORDATA,ACCEPTED,SQUAMATA,,COLUBRIDAE
Enhydra lutris,34882,Enhydra lutris,host,species,Enhydra,MUSTELIDAE,CARNIVORA,MAMMALIA,CHORDATA,Enhydra lutris,,Enhydra lutris,Enhydra lutris,Yes,7750,Enhydra lutris,TRUE,2021,EN,1,Mustela lutra,ACCEPTED,CHORDATA,MAMMALIA,CARNIVORA,MUSTELIDAE,Yes,valid,180547,Enhydra lutris,CHORDATA,5,Mustela lutris;Lutra marina;Lutra gracilis;Lutra stelleri;Pusa orientalis,MAMMALIA,CARNIVORA,MUSTELIDAE,,Yes,2433670,Enhydra lutris,1,Drosophila lutea,CHORDATA,ACCEPTED,MAMMALIA,CARNIVORA,MUSTELIDAE
Eos cyanogenia,176064,Eos cyanogenia,host,species,Eos,PSITTACIDAE,PSITTACIFORMES,AVES,CHORDATA,Eos cyanogenia,Eos cyanogenia,Eos cyanogenia,Eos cyanogenia,Yes,22684519,Eos cyanogenia,TRUE,2022,NT,,,,CHORDATA,AVES,PSITTACIFORMES,PSITTACIDAE,Yes,valid,177419,Eos cyanogenia,CHORDATA,,,AVES,PSITTACIFORMES,PSITTACULIDAE,,Yes,2479483,Eos cyanogenia,,,CHORDATA,ACCEPTED,AVES,PSITTACIFORMES,PSITTACIDAE
Eothenomys miletus,259054,Eothenomys miletus,host,species,Eothenomys,CRICETIDAE,RODENTIA,MAMMALIA,CHORDATA,Eothenomys miletus,Eothenomys miletus; Eothenomys fidelis,Eothenomys miletus,Eothenomys miletus,Yes,136275,Eothenomys miletus,TRUE,2016,LC,,,,CHORDATA,MAMMALIA,RODENTIA,CRICETIDAE,Yes,valid,970594,Eothenomys miletus,CHORDATA,1,Eothenomys fidelis,MAMMALIA,RODENTIA,CRICETIDAE,,Yes,4265026,Eothenomys miletus,,,CHORDATA,ACCEPTED,MAMMALIA,RODENTIA,CRICETIDAE
Equus caballus,9796,Equus caballus,host,species,Equus,EQUIDAE,PERISSODACTYLA,MAMMALIA,CHORDATA,Equus caballus,Equus caballus; Leiognathus equulus,Equus caballus,Equus caballus,Yes,203894,Equus caballus,,,,,,,CHORDATA,MAMMALIA,PERISSODACTYLA,EQUIDAE,Yes,valid,180691,Equus caballus,CHORDATA,0,,MAMMALIA,PERISSODACTYLA,EQUIDAE,,Yes,2440886,Equus caballus,1,Leiognathus equulus,CHORDATA,ACCEPTED,MAMMALIA,PERISSODACTYLA,EQUIDAE
Erinaceus europaeus,9365,Erinaceus europaeus,host,species,Erinaceus,ERINACEIDAE,EULIPOTYPHLA,MAMMALIA,CHORDATA,Erinaceus europaeus,Erinaceus europaeus,Erinaceus europaeus,Erinaceus europaeus,Yes,29650,Erinaceus europaeus,TRUE,2024; 2010,NT; LC,,,,CHORDATA,MAMMALIA,EULIPOTYPHLA,ERINACEIDAE,Yes,valid,633540,Erinaceus europaeus,CHORDATA,,,MAMMALIA,EULIPOTYPHLA,ERINACEIDAE,,Yes,5219616,Erinaceus europaeus,,,CHORDATA,ACCEPTED,MAMMALIA,ERINACEOMORPHA,ERINACEIDAE
Eublepharis macularius,481883,Eublepharis macularius,host,species,Eublepharis,EUBLEPHARIDAE,SQUAMATA,REPTILIA,CHORDATA,Eublepharis macularius,Eublepharis macularius; Eublepharis afghanicus; Eublepharis fasciolatus; Eublepharis gracilis; Cyrtodactylus macularius,Eublepharis macularius,Eublepharis macularius,Yes,164745,Eublepharis macularius,TRUE,2021,LC,4,Eublepharis afghanicus;Eublepharis fasciolatus;Eublepharis gracilis;Cyrtodactylus macularius,ACCEPTED;ACCEPTED;ACCEPTED;ACCEPTED;ACCEPTED;ACCEPTED,CHORDATA,REPTILIA,SQUAMATA,EUBLEPHARIDAE,Yes,valid,818506,Eublepharis macularius,CHORDATA,,,REPTILIA,SQUAMATA,EUBLEPHARIDAE,,Yes,5221283,Eublepharis macularius,,,CHORDATA,ACCEPTED,SQUAMATA,,EUBLEPHARIDAE
Eulamprus heatwolei,204898,Eulamprus heatwolei,host,species,Eulamprus,SCINCIDAE,SQUAMATA,REPTILIA,CHORDATA,Eulamprus heatwolei,Eulamprus heatwolei; Sphenomorphus heatwolei,Eulamprus heatwolei,Eulamprus heatwolei,Yes,178475,Eulamprus heatwolei,TRUE,2018,LC,1,Sphenomorphus heatwolei,ACCEPTED,CHORDATA,REPTILIA,SQUAMATA,SCINCIDAE,Yes,valid,1182131,Eulamprus heatwolei,CHORDATA,,,REPTILIA,SQUAMATA,SCINCIDAE,,Yes,2462633,Eulamprus heatwolei,,,CHORDATA,ACCEPTED,SQUAMATA,,SCINCIDAE
Eulemur macaco,30602,Eulemur macaco,host,species,Eulemur,LEMURIDAE,PRIMATES,MAMMALIA,CHORDATA,Eulemur macaco,,Eulemur macaco,Eulemur macaco,Yes,8212,Eulemur macaco,TRUE,2020,EN,0,,ACCEPTED,CHORDATA,MAMMALIA,PRIMATES,LEMURIDAE,Yes,valid,572866,Eulemur macaco,CHORDATA,1,Lemur leucomystax,MAMMALIA,PRIMATES,LEMURIDAE,,Yes,2436420,Eulemur macaco,,,CHORDATA,ACCEPTED,MAMMALIA,PRIMATES,LEMURIDAE
Eulemur rufus,859983,Eulemur rufus,host,species,Eulemur,LEMURIDAE,PRIMATES,MAMMALIA,CHORDATA,Eulemur rufus,Eulemur rufus,Eulemur rufus,Eulemur rufus,Yes,8209,Eulemur rufus,TRUE,2020,VU,0,,undefined,CHORDATA,MAMMALIA,PRIMATES,LEMURIDAE,Yes,valid,944073,Eulemur rufus,CHORDATA,,,MAMMALIA,PRIMATES,LEMURIDAE,,Yes,4266934,Eulemur rufus,,,CHORDATA,ACCEPTED,MAMMALIA,PRIMATES,LEMURIDAE
Euprepiophis mandarinus,74365,Euprepiophis mandarinus,host,species,Euprepiophis,COLUBRIDAE,SQUAMATA,REPTILIA,CHORDATA,Euprepiophis mandarinus,,Euprepiophis mandarinus,Euprepiophis mandarinus,Yes,192138,Euprepiophis mandarinus,TRUE,2012,LC,1,Coluber mandarinus,ACCEPTED,CHORDATA,REPTILIA,SQUAMATA,COLUBRIDAE,Yes,valid,1081824,Euprepiophis mandarinus,CHORDATA,1,Coluber mandarinus,REPTILIA,SQUAMATA,COLUBRIDAE,,Yes,2458545,Euprepiophis mandarinus,,,CHORDATA,ACCEPTED,SQUAMATA,,COLUBRIDAE
Falco tinnunculus,100819,Falco tinnunculus,host,species,Falco,FALCONIDAE,FALCONIFORMES,AVES,CHORDATA,Falco tinnunculus,Falco tinnunculus; Falco interstinctus; Falco neglectus; Cerchneis perpallida; Falco rufescens; Cerchneis rupicolaeformis,Falco tinnunculus,Falco tinnunculus,Yes,22696362,Falco tinnunculus,TRUE,2022; 2021,LC,,,,CHORDATA,AVES,FALCONIFORMES,FALCONIDAE,Yes,valid,175620,Falco tinnunculus,CHORDATA,5,Falco interstinctus;Falco neglectus;Cerchneis perpallida;Falco rufescens;Cerchneis rupicolaeformis,AVES,FALCONIFORMES,FALCONIDAE,,Yes,9616058,Falco tinnunculus,,,CHORDATA,ACCEPTED,AVES,FALCONIFORMES,FALCONIDAE
Felis catus,9685,Felis catus,host,species,Felis,FELIDAE,CARNIVORA,MAMMALIA,CHORDATA,Felis catus,Felis catus,Felis catus,Felis catus,Yes,203895,Felis catus,,,,,,,CHORDATA,MAMMALIA,CARNIVORA,FELIDAE,Yes,valid,183798,Felis catus,CHORDATA,0,,MAMMALIA,CARNIVORA,FELIDAE,,Yes,2435035,Felis catus,,,CHORDATA,ACCEPTED,MAMMALIA,CARNIVORA,FELIDAE
Gallus gallus,9031,Gallus gallus,host,species,Gallus,PHASIANIDAE,GALLIFORMES,AVES,CHORDATA,Gallus gallus,Gallus gallus; Gallus bankiva; Phasianus gallus,Gallus gallus,Gallus gallus,Yes,22679199,Gallus gallus,TRUE,2024,LC,,,,CHORDATA,AVES,GALLIFORMES,PHASIANIDAE,Yes,valid,176086,Gallus gallus,CHORDATA,2,Gallus bankiva;Phasianus gallus,AVES,GALLIFORMES,PHASIANIDAE,,Yes,9326020,Gallus gallus,,,CHORDATA,ACCEPTED,AVES,GALLIFORMES,PHASIANIDAE
Genetta genetta,94190,Genetta genetta,host,species,Genetta,VIVERRIDAE,CARNIVORA,MAMMALIA,CHORDATA,Genetta genetta,,Genetta genetta,Genetta genetta,Yes,41698,Genetta genetta,TRUE,2025; 2015; 2010,LC,1,Viverra genetta,ACCEPTED,CHORDATA,MAMMALIA,CARNIVORA,VIVERRIDAE,Yes,valid,621991,Genetta genetta,CHORDATA,1,Viverra genetta,MAMMALIA,CARNIVORA,VIVERRIDAE,,Yes,5219362,Genetta genetta,,,CHORDATA,ACCEPTED,MAMMALIA,CARNIVORA,VIVERRIDAE
Gorilla beringei,499232,Gorilla beringei,host,species,Gorilla,HOMINIDAE,PRIMATES,MAMMALIA,CHORDATA,Gorilla beringei,Gorilla beringei; Gorilla beringeri; Gorilla manyema,Gorilla beringei,Gorilla beringei,Yes,39994,Gorilla beringei,TRUE,2019,CR,,,,CHORDATA,MAMMALIA,PRIMATES,HOMINIDAE,Yes,valid,944295,Gorilla beringei,CHORDATA,2,Gorilla beringeri;Gorilla manyema,MAMMALIA,PRIMATES,HOMINIDAE,,Yes,7262070,Gorilla beringei,1,Gorilla beringei,CHORDATA,ACCEPTED-SYNONYM,MAMMALIA,PRIMATES,HOMINIDAE
Gorilla gorilla,9593,Gorilla gorilla,host,species,Gorilla,HOMINIDAE,PRIMATES,MAMMALIA,CHORDATA,Gorilla gorilla,,Gorilla gorilla,Gorilla gorilla,Yes,9404,Gorilla gorilla,TRUE,2018,CR,1,Troglodytes gorilla,ACCEPTED,CHORDATA,MAMMALIA,PRIMATES,HOMINIDAE,Yes,valid,573080,Gorilla gorilla,CHORDATA,12,Gorilla ellioti;Troglodytes savagei;Gorilla zenkeri;Satyrus adrotes;Satyrus africanus;Gorilla castaneiceps;Gorilla uellensis;Gorilla gina;Gorilla gigas;Gorilla hansmeyeri;Gorilla mayÃªma;Gorilla jacobi,MAMMALIA,PRIMATES,HOMINIDAE,,Yes,2436441,Gorilla gorilla,,,CHORDATA,ACCEPTED,MAMMALIA,PRIMATES,HOMINIDAE
Herpestes ichneumon,9700,Herpestes ichneumon,host,species,Herpestes,HERPESTIDAE,CARNIVORA,MAMMALIA,CHORDATA,Herpestes ichneumon,,Herpestes ichneumon,Herpestes ichneumon,Yes,41613,Herpestes ichneumon,TRUE,2025; 2016; 2010,LC,1,Viverra ichneumon,ACCEPTED,CHORDATA,MAMMALIA,CARNIVORA,HERPESTIDAE,Yes,valid,621893,Herpestes ichneumon,CHORDATA,1,Viverra ichneumon,MAMMALIA,CARNIVORA,HERPESTIDAE,,Yes,2434255,Herpestes ichneumon,,,CHORDATA,ACCEPTED,MAMMALIA,CARNIVORA,HERPESTIDAE
Heterodon nasicus,121332,Heterodon nasicus,host,species,Heterodon,DIPSADIDAE,SQUAMATA,REPTILIA,CHORDATA,Heterodon nasicus,,Heterodon nasicus,Heterodon nasicus,Yes,63819,Heterodon nasicus,TRUE,2007,LC,2,Heterodon kennerlyi;Heterodon gloydi,S;S,CHORDATA,REPTILIA,SQUAMATA,DIPSADIDAE,Yes,valid,174155,Heterodon nasicus,CHORDATA,0,,REPTILIA,SQUAMATA,COLUBRIDAE,,Yes,5223725,Heterodon nasicus,,,CHORDATA,ACCEPTED,SQUAMATA,,COLUBRIDAE
Homo sapiens,9606,Homo sapiens,host,species,Homo,,,,,Homo sapiens,Homo sapiens; Homo aethiopicus; Homo americanus; Homo arabicus; Homo australasicus; Homo cafer; Homo capensis; Homo columbicus; Homo drennani; Homo grimaldii; Homo hottentotus; Homo hyperboreus; Homo indicus; Homo japeticus; Homo melaninus; Homo monstrosus; Homo neptunianus; Homo palestinus; Homo patagonus; Homo priscus; Homo scythicus; Homo sinicus; Homo spelaeus; Homo troglodytes; Homo wadjakensis,,Homo sapiens,No,,,,,,,,,,,,,Yes,valid,180092,Homo sapiens,CHORDATA,24,Homo aethiopicus;Homo americanus;Homo arabicus;Homo australasicus;Homo cafer;Homo capensis;Homo columbicus;Homo drennani;Homo grimaldii;Homo hottentotus;Homo hyperboreus;Homo indicus;Homo japeticus;Homo melaninus;Homo monstrosus;Homo neptunianus;Homo palestinus;Homo patagonus;Homo priscus;Homo scythicus;Homo sinicus;Homo spelaeus;Homo troglodytes;Homo wadjakensis,MAMMALIA,PRIMATES,HOMINIDAE,,Yes,2436436,Homo sapiens,1,Homo sapiens,CHORDATA,ACCEPTED-SYNONYM,MAMMALIA,PRIMATES,HOMINIDAE
Hoplocephalus bungaroides,83403,Hoplocephalus bungaroides,host,species,Hoplocephalus,ELAPIDAE,SQUAMATA,REPTILIA,CHORDATA,Hoplocephalus bungaroides,Hoplocephalus bungaroides; Naja bungaroides,Hoplocephalus bungaroides,Hoplocephalus bungaroides,Yes,10246,Hoplocephalus bungaroides,TRUE,2018,VU,,,,CHORDATA,REPTILIA,SQUAMATA,ELAPIDAE,Yes,valid,1057678,Hoplocephalus bungaroides,CHORDATA,3,Hoplocephalus bungaroides;Naja bungaroides;Naja bungaroides,REPTILIA,SQUAMATA,ELAPIDAE,,Yes,9561258,Hoplocephalus bungaroides,1,Hoplocephalus bungaroides,CHORDATA,ACCEPTED-SYNONYM,SQUAMATA,,ELAPIDAE
Ictalurus punctatus,7998,Ictalurus punctatus,host,species,Ictalurus,ICTALURIDAE,SILURIFORMES,ACTINOPTERYGII,CHORDATA,Ictalurus punctatus,,Ictalurus punctatus,Ictalurus punctatus,Yes,202680,Ictalurus punctatus,TRUE,2013,LC,0,,ADD,CHORDATA,ACTINOPTERYGII,SILURIFORMES,ICTALURIDAE,Yes,valid,163998,Ictalurus punctatus,CHORDATA,22,Silurus punctatus;Ictalurus okeechobeensis;Ictalurus anguilla;Silurus argentinus;Pimelodus argyrus;Synechoglanis beadlei;Silurus borealis;Pimelodus caudafurcatus;Pimelodus furcifer;Pimelodus gracilis;Pimelodus graciosus;Pimelodus hammondii;Pimelodus houghi;Silurus maculatus;Pimelodus megalops;Pimelodus nigricans;Pimelodus notatus;Pimelodus olivaceus;Silurus pallidus;Ichthaelurus robustus;Ictalurus simpsonii;Pimelodus vulpes,TELEOSTEI,SILURIFORMES,ICTALURIDAE,,Yes,5202520,Ictalurus punctatus,,,CHORDATA,ACCEPTED,,SILURIFORMES,ICTALURIDAE
Iguana iguana,8517,Iguana iguana,host,species,Iguana,IGUANIDAE,SQUAMATA,REPTILIA,CHORDATA,Iguana iguana,Iguana iguana; Lacerta iguana,Iguana iguana,Iguana iguana,Yes,174481,Iguana iguana,TRUE,2022,LC,1,Lacerta iguana,ACCEPTED,CHORDATA,REPTILIA,SQUAMATA,IGUANIDAE,Yes,valid,173930,Iguana iguana,CHORDATA,,,REPTILIA,SQUAMATA,IGUANIDAE,,Yes,2459658,Iguana iguana,,,CHORDATA,ACCEPTED,SQUAMATA,,IGUANIDAE
Lampropeltis alterna,163490,Lampropeltis alterna,host,species,Lampropeltis,COLUBRIDAE,SQUAMATA,REPTILIA,CHORDATA,Lampropeltis alterna,,Lampropeltis alterna,Lampropeltis alterna,Yes,63825,Lampropeltis alterna,TRUE,2007,LC,1,Ophibolus alternus,ACCEPTED,CHORDATA,REPTILIA,SQUAMATA,COLUBRIDAE,Yes,valid,209266,Lampropeltis alterna,CHORDATA,1,Ophibolus alternus,REPTILIA,SQUAMATA,COLUBRIDAE,,Yes,5224476,Lampropeltis alterna,,,CHORDATA,ACCEPTED,SQUAMATA,,COLUBRIDAE
Lampropeltis triangulum,140017,Lampropeltis triangulum,host,species,Lampropeltis,COLUBRIDAE,SQUAMATA,REPTILIA,CHORDATA,Lampropeltis triangulum,,Lampropeltis triangulum,Lampropeltis triangulum,Yes,197493,Lampropeltis triangulum,TRUE,2019,LC,1,Coluber triangulum,ACCEPTED,CHORDATA,REPTILIA,SQUAMATA,COLUBRIDAE,Yes,valid,174187,Lampropeltis triangulum,CHORDATA,3,Lampropeltis doliata;Coluber doliatus;Coluber triangulum,REPTILIA,SQUAMATA,COLUBRIDAE,,Yes,5224503,Lampropeltis triangulum,,,CHORDATA,ACCEPTED,SQUAMATA,,COLUBRIDAE
Larus occidentalis,126713,Larus occidentalis,host,species,Larus,LARIDAE,CHARADRIIFORMES,AVES,CHORDATA,Larus occidentalis,Larus occidentalis; Lagurus lagurus; Lepus europaeus,Larus occidentalis,Larus occidentalis,Yes,22694337,Larus occidentalis,TRUE,2018,LC,,,,CHORDATA,AVES,CHARADRIIFORMES,LARIDAE,Yes,valid,176817,Larus occidentalis,CHORDATA,0,,AVES,CHARADRIIFORMES,LARIDAE,,Yes,9656686,Larus occidentalis,2,Lagurus lagurus;Lepus europaeus,CHORDATA,ACCEPTED,AVES,CHARADRIIFORMES,LARIDAE
Lasiopodomys brandtii,407171,Lasiopodomys brandtii,host,species,Lasiopodomys,CRICETIDAE,RODENTIA,MAMMALIA,CHORDATA,Lasiopodomys brandtii,,Lasiopodomys brandtii,Lasiopodomys brandtii,Yes,11340,Lasiopodomys brandtii,TRUE,2016,LC,1,Microtus warringtoni,New;New;New,CHORDATA,MAMMALIA,RODENTIA,CRICETIDAE,Yes,valid,632850,Lasiopodomys brandtii,CHORDATA,1,Microtus warringtoni,MAMMALIA,RODENTIA,CRICETIDAE,,Yes,2438403,Lasiopodomys brandtii,,,CHORDATA,ACCEPTED,MAMMALIA,RODENTIA,CRICETIDAE
Lialis burtonis,95110,Lialis burtonis,host,species,Lialis,PYGOPODIDAE,SQUAMATA,REPTILIA,CHORDATA,Lialis burtonis,Lialis burtonis,Lialis burtonis,Lialis burtonis,Yes,42483075,Lialis burtonis,TRUE,2017,LC,,,,CHORDATA,REPTILIA,SQUAMATA,PYGOPODIDAE,Yes,valid,818823,Lialis burtonis,CHORDATA,,,REPTILIA,SQUAMATA,PYGOPODIDAE,,Yes,2472838,Lialis burtonis,,,CHORDATA,ACCEPTED,SQUAMATA,,PYGOPODIDAE
Lichanura trivirgata,51879,Lichanura trivirgata,host,species,Lichanura,BOIDAE,SQUAMATA,REPTILIA,CHORDATA,Lichanura trivirgata,,Lichanura trivirgata,Lichanura trivirgata,Yes,91864513,Lichanura trivirgata,TRUE,2019,LC,1,Charina trivirgata,ACCEPTED,CHORDATA,REPTILIA,SQUAMATA,BOIDAE,Yes,valid,174331,Lichanura trivirgata,CHORDATA,1,Charina trivirgata,REPTILIA,SQUAMATA,CHARINIDAE,,Yes,2465153,Lichanura trivirgata,,,CHORDATA,ACCEPTED,SQUAMATA,,BOIDAE
Lynx canadensis,61383,Lynx canadensis,host,species,Lynx,FELIDAE,CARNIVORA,MAMMALIA,CHORDATA,Lynx canadensis,Lynx canadensis,Lynx canadensis,Lynx canadensis,Yes,12518,Lynx canadensis,TRUE,2016,LC,,,,CHORDATA,MAMMALIA,CARNIVORA,FELIDAE,Yes,valid,180585,Lynx canadensis,CHORDATA,0,,MAMMALIA,CARNIVORA,FELIDAE,,Yes,2435263,Lynx canadensis,,,CHORDATA,ACCEPTED,MAMMALIA,CARNIVORA,FELIDAE
Lynx lynx,13125,Lynx lynx,host,species,Lynx,FELIDAE,CARNIVORA,MAMMALIA,CHORDATA,Lynx lynx,,Lynx lynx,Lynx lynx,Yes,12519,Lynx lynx,TRUE,2025; 2015; 2010,LC; EN,1,Felix lynx,ACCEPTED,CHORDATA,MAMMALIA,CARNIVORA,FELIDAE,Yes,valid,180584,Lynx lynx,CHORDATA,3,Felis lynx;Felis isabellina;Lynx dinniki,MAMMALIA,CARNIVORA,FELIDAE,,Yes,2435240,Lynx lynx,,,CHORDATA,ACCEPTED,MAMMALIA,CARNIVORA,FELIDAE
Macaca fascicularis,9541,Macaca fascicularis,host,species,Macaca,CERCOPITHECIDAE,PRIMATES,MAMMALIA,CHORDATA,Macaca fascicularis,,Macaca fascicularis,Macaca fascicularis,Yes,12551,Macaca fascicularis,TRUE,2022,EN,6,Simia cynomolgus;Simia aygula;Macacus carbonaria;Macaca irus;Semnpithecus kra ;Simia fascicularis,ACCEPTED;ACCEPTED;ACCEPTED;ACCEPTED;ACCEPTED;ACCEPTED,CHORDATA,MAMMALIA,PRIMATES,CERCOPITHECIDAE,Yes,valid,180098,Macaca fascicularis,CHORDATA,39,Pithecus mindorus;Macacus fur;Cynamolgus mindanensis;Macacus palpebrosus;Simia aygula;Simia cynomolgus;Macacus carbonarius;Macaca irus;Semnopithecus kra;Semnopithecus buku;Cynamolgus cynocephalus;Macacus pumilus;Macacus phaeura;Macaca mordax;Macaca resima;Pithecus validus;Pithecus alacer;Pithecus karimoni;Pithecus agnatus;Pithecus dollmani;Pithecus bintangensis;Pithecus lapsus;Pithecus lingungensis;Pithecus lautensis;Pithecus sihassensis;Pithecus carimatae;Pithecus mandibularis;Pithecus baweanus;Pithecus cupidus;Pithecus impudens;Pithecus capitalis;Pithecus lingae;Pithecus laetus;Cynamolgus cagayanus;Cynamolgus suluensis;Pithecus vitiis;Macacus aureus;Macacus umbrosus;Macacus fuscus,MAMMALIA,PRIMATES,CERCOPITHECIDAE,,Yes,2436603,Macaca fascicularis,1,Macaca fascicularis,CHORDATA,ACCEPTED-SYNONYM,MAMMALIA,PRIMATES,CERCOPITHECIDAE
Macaca mulatta,9544,Macaca mulatta,host,species,Macaca,CERCOPITHECIDAE,PRIMATES,MAMMALIA,CHORDATA,Macaca mulatta,,Macaca mulatta,Macaca mulatta,Yes,12554,Macaca mulatta,TRUE,2024,LC,15,Macaca siamica;Macaca mcmahoni;Macaca rhesus;Macaca brevicaudatus;Macaca erythraea;Macaca littoralis;Macaca brachyurus;Macaca fulvus;Macaca nipalensis;Macaca lasiotus;Macaca sancti-johannis;Macaca villosa;Macaca oinops;Macaca tcheliensis;Macaca vestita,New;New;New;New;New;New;New;New;New;New;New;New;New;New;New,CHORDATA,MAMMALIA,PRIMATES,CERCOPITHECIDAE,Yes,valid,180099,Macaca mulatta,CHORDATA,12,Simia erythraea;Simia fulvus;Macacus lasiotus;Pithecus littoralis;Macaca nipalensis;Macaca oinops;Simia rhesus;Inuus sancti-johannis;Macaca siamica;Macacus tcheliensis;Macacus vestitus;Inuus sanctijohannis,MAMMALIA,PRIMATES,CERCOPITHECIDAE,,Yes,2436604,Macaca mulatta,1,Macaca mulatta,CHORDATA,ACCEPTED-SYNONYM,MAMMALIA,PRIMATES,CERCOPITHECIDAE
Macropus fuliginosus,9316,Macropus fuliginosus,host,species,Macropus,MACROPODIDAE,DIPROTODONTIA,MAMMALIA,CHORDATA,Macropus fuliginosus,Macropus fuliginosus; Kangurus fuliginosus,Macropus fuliginosus,Macropus fuliginosus,Yes,40563,Macropus fuliginosus,TRUE,2016,LC,,,,CHORDATA,MAMMALIA,DIPROTODONTIA,MACROPODIDAE,Yes,valid,552732,Macropus fuliginosus,CHORDATA,1,Kangurus fuliginosus,MAMMALIA,DIPROTODONTIA,MACROPODIDAE,,Yes,5219965,Macropus fuliginosus,,,CHORDATA,ACCEPTED,MAMMALIA,DIPROTODONTIA,MACROPODIDAE
Marmota baibacina,93157,Marmota baibacina,host,species,Marmota,SCIURIDAE,RODENTIA,MAMMALIA,CHORDATA,Marmota baibacina,,Marmota baibacina,Marmota baibacina,Yes,12829,Marmota baibacina,TRUE,2016,LC,1,Marmota centralis,New;undefined;undefined,CHORDATA,MAMMALIA,RODENTIA,SCIURIDAE,Yes,valid,632378,Marmota baibacina,CHORDATA,1,Marmota baibacina,MAMMALIA,RODENTIA,SCIURIDAE,,Yes,8911743,Marmota baibacina,1,Marmota baibacina,CHORDATA,ACCEPTED-SYNONYM,MAMMALIA,RODENTIA,SCIURIDAE
Marmota caudata,71802,Marmota caudata,host,species,Marmota,SCIURIDAE,RODENTIA,MAMMALIA,CHORDATA,Marmota caudata,Marmota caudata; Maeota dichrura,Marmota caudata,Marmota caudata,Yes,12825,Marmota caudata,TRUE,2017,LC,,,,CHORDATA,MAMMALIA,RODENTIA,SCIURIDAE,Yes,valid,632381,Marmota caudata,CHORDATA,,,MAMMALIA,RODENTIA,SCIURIDAE,,Yes,2437366,Marmota caudata,1,Maeota dichrura,CHORDATA,ACCEPTED,MAMMALIA,RODENTIA,SCIURIDAE
Marmota himalayana,93163,Marmota himalayana,host,species,Marmota,SCIURIDAE,RODENTIA,MAMMALIA,CHORDATA,Marmota himalayana,Marmota himalayana; Marmota bobac,Marmota himalayana,Marmota himalayana,Yes,12826,Marmota himalayana,TRUE,2016,LC,1,Marmota bobac,ADD,CHORDATA,MAMMALIA,RODENTIA,SCIURIDAE,Yes,valid,632382,Marmota himalayana,CHORDATA,,,MAMMALIA,RODENTIA,SCIURIDAE,,Yes,2437371,Marmota himalayana,,,CHORDATA,ACCEPTED,MAMMALIA,RODENTIA,SCIURIDAE
Marmota sibirica,93166,Marmota sibirica,host,species,Marmota,SCIURIDAE,RODENTIA,MAMMALIA,CHORDATA,Marmota sibirica,Marmota sibirica,Marmota sibirica,Marmota sibirica,Yes,12832,Marmota sibirica,TRUE,2016,EN,0,,New;New,CHORDATA,MAMMALIA,RODENTIA,SCIURIDAE,Yes,valid,632385,Marmota sibirica,CHORDATA,,,MAMMALIA,RODENTIA,SCIURIDAE,,Yes,2437372,Marmota sibirica,,,CHORDATA,ACCEPTED,MAMMALIA,RODENTIA,SCIURIDAE
Meleagris gallopavo,9103,Meleagris gallopavo,host,species,Meleagris,PHASIANIDAE,GALLIFORMES,AVES,CHORDATA,Meleagris gallopavo,Meleagris gallopavo; Meleagris silvestris,Meleagris gallopavo,Meleagris gallopavo,Yes,22679525,Meleagris gallopavo,TRUE,2018,LC,,,,CHORDATA,AVES,GALLIFORMES,PHASIANIDAE,Yes,valid,176136,Meleagris gallopavo,CHORDATA,1,Meleagris silvestris,AVES,GALLIFORMES,PHASIANIDAE,,Yes,9606290,Meleagris gallopavo,,,CHORDATA,ACCEPTED,AVES,GALLIFORMES,PHASIANIDAE
Meles meles,9662,Meles meles,host,species,Meles,MUSTELIDAE,CARNIVORA,MAMMALIA,CHORDATA,Meles meles,,Meles meles,Meles meles,Yes,29673,Meles meles,TRUE,2025; 2016; 2010,LC,2,Meles canescens;Ursus meles,ACCEPTED;ACCEPTED;ACCEPTED;ACCEPTED;ACCEPTED;ACCEPTED,CHORDATA,MAMMALIA,CARNIVORA,MUSTELIDAE,Yes,valid,621922,Meles meles,CHORDATA,5,Ursus meles;Taxus vulgaris;Meles taxus;Meles europaeus;Meles communis,MAMMALIA,CARNIVORA,MUSTELIDAE,,Yes,2433875,Meles meles,,,CHORDATA,ACCEPTED,MAMMALIA,CARNIVORA,MUSTELIDAE
Meriones meridianus,261754,Meriones meridianus,host,species,Meriones,MURIDAE,RODENTIA,MAMMALIA,CHORDATA,Meriones meridianus,,Meriones meridianus,Meriones meridianus,Yes,13165,Meriones meridianus,TRUE,2024; 2016,LC,1,Mus meridianus,ACCEPTED,CHORDATA,MAMMALIA,RODENTIA,MURIDAE,Yes,valid,632981,Meriones meridianus,CHORDATA,9,Meriones auceps;Gerbillus brevicaudatus;Meriones buechneri;Gerbillus cryptorhinus;Meriones fulvus;Gerbillus lepturus;Gerbillus psammophilus;Gerbillus roborowskii;Gerbillus urianchaicus,MAMMALIA,RODENTIA,MURIDAE,,Yes,5219713,Meriones meridianus,,,CHORDATA,ACCEPTED,MAMMALIA,RODENTIA,MURIDAE
Meriones unguiculatus,10047,Meriones unguiculatus,host,species,Meriones,MURIDAE,RODENTIA,MAMMALIA,CHORDATA,Meriones unguiculatus,,Meriones unguiculatus,Meriones unguiculatus,Yes,13171,Meriones unguiculatus,TRUE,2016,LC,3,Meriones chihfengensis;Meriones koslovi;Meriones kurauchii,New;New;New;New,CHORDATA,MAMMALIA,RODENTIA,MURIDAE,Yes,valid,632988,Meriones unguiculatus,CHORDATA,2,Gerbillus koslovi;Meriones kurauchii,MAMMALIA,RODENTIA,MURIDAE,,Yes,5219721,Meriones unguiculatus,,,CHORDATA,ACCEPTED,MAMMALIA,RODENTIA,MURIDAE
Microtus arvalis,47230,Microtus arvalis,host,species,Microtus,CRICETIDAE,RODENTIA,MAMMALIA,CHORDATA,Microtus arvalis,,Microtus arvalis,Microtus arvalis,Yes,221687974,Microtus arvalis,TRUE,2024,LC,1,Mus arvalis,ACCEPTED,CHORDATA,MAMMALIA,RODENTIA,CRICETIDAE,Yes,valid,632856,Microtus arvalis,CHORDATA,16,Microtus obscurus;Arvicola arvensis;Microtus angularis;Microtus asturianus;Microtus brevirostris;Arvicola campestris;Arvicola cunicularius;Lemmus fulvus;Microtus hyrcania;Arvicola incertus;Arvicola mystacinus;Hypudaeus obscurus;Microtus orcadensis;Microtus sarnius;Microtus terrestris;Arvicola vulgaris,MAMMALIA,RODENTIA,CRICETIDAE,,Yes,2438606,Microtus arvalis,2,Chionomys nivalis;Microtus pinetorum,CHORDATA,ACCEPTED,MAMMALIA,RODENTIA,CRICETIDAE
Mirounga angustirostris,9716,Mirounga angustirostris,host,species,Mirounga,PHOCIDAE,CARNIVORA,MAMMALIA,CHORDATA,Mirounga angustirostris,Mirounga angustirostris; Macrorhinus angustirostris,Mirounga angustirostris,Mirounga angustirostris,Yes,13581,Mirounga angustirostris,TRUE,2015,LC,,,,CHORDATA,MAMMALIA,CARNIVORA,PHOCIDAE,Yes,valid,180672,Mirounga angustirostris,CHORDATA,1,Macrorhinus angustirostris,MAMMALIA,CARNIVORA,PHOCIDAE,,Yes,2434813,Mirounga angustirostris,,,CHORDATA,ACCEPTED,MAMMALIA,CARNIVORA,PHOCIDAE
Misgurnus anguillicaudatus,75329,Misgurnus anguillicaudatus,host,species,Misgurnus,COBITIDAE,CYPRINIFORMES,ACTINOPTERYGII,CHORDATA,Misgurnus anguillicaudatus,Misgurnus anguillicaudatus,Misgurnus anguillicaudatus,Misgurnus anguillicaudatus,Yes,166158,Misgurnus anguillicaudatus,TRUE,2012,LC,,,,CHORDATA,ACTINOPTERYGII,CYPRINIFORMES,COBITIDAE,Yes,valid,163978,Misgurnus anguillicaudatus,CHORDATA,,,TELEOSTEI,CYPRINIFORMES,COBITIDAE,,Yes,2367919,Misgurnus anguillicaudatus,1,Misgurnus anguillicaudatus,CHORDATA,ACCEPTED-SYNONYM,,CYPRINIFORMES,COBITIDAE
Morelia spilota,51896,Morelia spilota,host,species,Morelia,PYTHONIDAE,SQUAMATA,REPTILIA,CHORDATA,Morelia spilota,,Morelia spilota,Morelia spilota,Yes,62232,Morelia spilota,TRUE,2017,LC,7,Python perronii;Morelia metcalfei;Morelia variegata;Python punctatus;Python spilotes;Morelia argus;Coluber spilotus,ACCEPTED;ACCEPTED;ACCEPTED;ACCEPTED;ACCEPTED;ACCEPTED;ACCEPTED,CHORDATA,REPTILIA,SQUAMATA,PYTHONIDAE,Yes,valid,634780,Morelia spilota,CHORDATA,1,Coluber spilotus,REPTILIA,SQUAMATA,PYTHONIDAE,,Yes,5225659,Morelia spilota,,,CHORDATA,ACCEPTED,SQUAMATA,,PYTHONIDAE
Mus musculus,10090,Mus musculus,host,species,Mus,MURIDAE,RODENTIA,MAMMALIA,CHORDATA,Mus musculus,,Mus musculus,Mus musculus,Yes,13972,Mus musculus,TRUE,2025; 2021; 2010,LC,2,Mus abbotti;Mus domesticus,S;New,CHORDATA,MAMMALIA,RODENTIA,MURIDAE,Yes,valid,180366,Mus musculus,CHORDATA,35,Mus molossinus;Mus nordmanni;Anthonomus sulcifrons;Mus hortulanus;Mus kambei;Mus tagakii;Mus wagneri;Mus pachycercus;Mus gansuensis;Mus oxyrrhinus;Mus severtzovi;Mus manei;Mus rama;Mus nipalensis;Mus urbanus;Mus dubius;Mus viculorum;Mus tytleri;Mus adelaidensis;Mus simsoni;Mus praetextus;Mus gentilis;Mus orientalis;Mus modestus;Mus pallescens;Mus brevirostris;Hesperomys indianus;Mus poschiavinus;Mus muralis;Mus abbotti;Mus azoricus;Mus homoourus;Mus gerbillinus;Mus theobaldi;Mus domesticus,MAMMALIA,RODENTIA,MURIDAE,,Yes,7429082,Mus musculus,,,CHORDATA,ACCEPTED,MAMMALIA,RODENTIA,MURIDAE
Mustela eversmannii,77149,Mustela eversmanii,host,species,Mustela,,,,,Mustela eversmannii,Mustela eversmannii; Mustela eversmanii,,Mustela eversmannii,No,,,,,,,,,,,,,Yes,valid,621948,Mustela eversmanii,CHORDATA,1,Mustela eversmannii,MAMMALIA,CARNIVORA,MUSTELIDAE,,Yes,5219057,Mustela eversmanii,,,CHORDATA,ACCEPTED,MAMMALIA,CARNIVORA,MUSTELIDAE
Mustela nigripes,77151,Mustela nigripes,host,species,Mustela,MUSTELIDAE,CARNIVORA,MAMMALIA,CHORDATA,Mustela nigripes,Mustela nigripes; Putorius nigripes,Mustela nigripes,Mustela nigripes,Yes,14020,Mustela nigripes,TRUE,2015,EN,,,,CHORDATA,MAMMALIA,CARNIVORA,MUSTELIDAE,Yes,valid,180557,Mustela nigripes,CHORDATA,1,Putorius nigripes,MAMMALIA,CARNIVORA,MUSTELIDAE,,Yes,5218985,Mustela nigripes,,,CHORDATA,ACCEPTED,MAMMALIA,CARNIVORA,MUSTELIDAE
Necromys lasiurus,30635,Necromys lasiurus,host,species,Necromys,CRICETIDAE,RODENTIA,MAMMALIA,CHORDATA,Necromys lasiurus,,Necromys lasiurus,Necromys lasiurus,Yes,2859,Necromys lasiurus,TRUE,2016,LC,1,Bolomys lasiurus,ADDED,CHORDATA,MAMMALIA,RODENTIA,CRICETIDAE,Yes,valid,970687,Necromys lasiurus,CHORDATA,4,Bolomys lasiurus;Hesperomys brachyurus;Akodon fuscinus;Zygodontomys pixuna,MAMMALIA,RODENTIA,CRICETIDAE,,Yes,4265142,Necromys lasiurus,,,CHORDATA,ACCEPTED,MAMMALIA,RODENTIA,CRICETIDAE
Neodon fuscus,771787,Neodon fuscus,host,species,Neodon,CRICETIDAE,RODENTIA,MAMMALIA,CHORDATA,Neodon fuscus,,Neodon fuscus,Neodon fuscus,Yes,11341,Neodon fuscus,TRUE,2019,LC,1,Lasiopodomys fuscus,ACCEPTED;NEW,CHORDATA,MAMMALIA,RODENTIA,CRICETIDAE,Yes,valid,972575,Neodon fuscus,CHORDATA,1,Lasiopodomys fuscus,MAMMALIA,RODENTIA,CRICETIDAE,,Yes,7467122,Neodon fuscus,,,CHORDATA,ACCEPTED,MAMMALIA,RODENTIA,CRICETIDAE
Neomonachus schauinslandi,29088,Neomonachus schauinslandi,host,species,Neomonachus,PHOCIDAE,CARNIVORA,MAMMALIA,CHORDATA,Neomonachus schauinslandi,,Neomonachus schauinslandi,Neomonachus schauinslandi,Yes,13654,Neomonachus schauinslandi,TRUE,2015,EN,1,Monachus schauinslandi,ACCEPTED,CHORDATA,MAMMALIA,CARNIVORA,PHOCIDAE,Yes,valid,1133135,Neomonachus schauinslandi,CHORDATA,1,Monachus schauinslandi,MAMMALIA,CARNIVORA,PHOCIDAE,,Yes,8646426,Neomonachus schauinslandi,1,Neomonachus schauinslandi,CHORDATA,ACCEPTED-SYNONYM,MAMMALIA,CARNIVORA,PHOCIDAE
Notechis ater,111176,Notechis scutatus,host,species,Notechis,,,,,Notechis ater,Notechis ater; Notechis scutatus; Naja scutata,,Notechis ater,No,,,,,,,,,,,,,Yes,valid,700643,Notechis scutatus,CHORDATA,2,Notechis ater;Naja scutata,REPTILIA,SQUAMATA,ELAPIDAE,,Yes,8295974,Notechis scutatus,1,Notechis scutatus,,ACCEPTED,,,
Notechis scutatus,8663,Notechis scutatus,host,species,Notechis,ELAPIDAE,SQUAMATA,REPTILIA,CHORDATA,Notechis scutatus,,Notechis scutatus,Notechis scutatus,Yes,169687,Notechis scutatus,TRUE,2018,LC,3,Hoplocephalus ater;Notechis ater;Naja scutata,ACCEPTED;ACCEPTED;ACCEPTED;ACCEPTED;ACCEPTED;ACCEPTED;ACCEPTED,CHORDATA,REPTILIA,SQUAMATA,ELAPIDAE,Yes,valid,700644,Notechis scutatus,CHORDATA,2,Notechis ater;Naja scutata,REPTILIA,SQUAMATA,ELAPIDAE,,Yes,2449662,Notechis scutatus,,,CHORDATA,ACCEPTED,SQUAMATA,,ELAPIDAE
Nymphicus hollandicus,13180,Nymphicus hollandicus,host,species,Nymphicus,CACATUIDAE,PSITTACIFORMES,AVES,CHORDATA,Nymphicus hollandicus,Nymphicus hollandicus; Psittacus hollandicus,Nymphicus hollandicus,Nymphicus hollandicus,Yes,22684828,Nymphicus hollandicus,TRUE,2018,LC,,,,CHORDATA,AVES,PSITTACIFORMES,CACATUIDAE,Yes,valid,177497,Nymphicus hollandicus,CHORDATA,1,Psittacus hollandicus,AVES,PSITTACIFORMES,CACATUIDAE,,Yes,2479977,Nymphicus hollandicus,,,CHORDATA,ACCEPTED,AVES,PSITTACIFORMES,PSITTACIDAE
Ochotona dauurica,130827,Ochotona dauurica,host,species,Ochotona,OCHOTONIDAE,LAGOMORPHA,MAMMALIA,CHORDATA,Ochotona dauurica,Ochotona dauurica; Lepus dauuricus; Ochotona huangensis; Ochotona shaanxiensis,Ochotona dauurica,Ochotona dauurica,Yes,41259,Ochotona dauurica,TRUE,2016,LC,,,,CHORDATA,MAMMALIA,LAGOMORPHA,OCHOTONIDAE,Yes,valid,625315,Ochotona dauurica,CHORDATA,3,Lepus dauuricus;Ochotona huangensis;Ochotona shaanxiensis,MAMMALIA,LAGOMORPHA,OCHOTONIDAE,,Yes,2437033,Ochotona dauurica,,,CHORDATA,ACCEPTED,MAMMALIA,LAGOMORPHA,OCHOTONIDAE
Ochotona pallasi,130839,Ochotona pallasi,host,species,Ochotona,,,,,Ochotona pallasi,Ochotona pallasi; Ogotoma pallasi,,Ochotona pallasi,No,,,,,,,,,,,,,Yes,valid,625328,Ochotona pallasi,CHORDATA,1,Ogotoma pallasi,MAMMALIA,LAGOMORPHA,OCHOTONIDAE,,Yes,2436977,Ochotona pallasi,,,CHORDATA,ACCEPTED,MAMMALIA,LAGOMORPHA,OCHOTONIDAE
Odocoileus hemionus,9872,Odocoileus hemionus,host,species,Odocoileus,CERVIDAE,ARTIODACTYLA,MAMMALIA,CHORDATA,Odocoileus hemionus,Odocoileus hemionus,Odocoileus hemionus,Odocoileus hemionus,Yes,42393,Odocoileus hemionus,TRUE,2016,LC,,,,CHORDATA,MAMMALIA,ARTIODACTYLA,CERVIDAE,Yes,valid,180698,Odocoileus hemionus,CHORDATA,,,MAMMALIA,ARTIODACTYLA,CERVIDAE,,Yes,2440974,Odocoileus hemionus,,,CHORDATA,ACCEPTED,MAMMALIA,ARTIODACTYLA,CERVIDAE
Odocoileus virginianus,9874,Odocoileus virginianus,host,species,Odocoileus,CERVIDAE,ARTIODACTYLA,MAMMALIA,CHORDATA,Odocoileus virginianus,Odocoileus virginianus; Dama virginianus; Dama virginiana; Cervus leucurus,Odocoileus virginianus,Odocoileus virginianus,Yes,42394,Odocoileus virginianus,TRUE,2016,LC,,,,CHORDATA,MAMMALIA,ARTIODACTYLA,CERVIDAE,Yes,valid,180699,Odocoileus virginianus,CHORDATA,3,Dama virginianus;Dama virginiana;Cervus leucurus,MAMMALIA,ARTIODACTYLA,CERVIDAE,,Yes,2440965,Odocoileus virginianus,,,CHORDATA,ACCEPTED,MAMMALIA,ARTIODACTYLA,CERVIDAE
Onychomys leucogaster,38668,Onychomys leucogaster,host,species,Onychomys,CRICETIDAE,RODENTIA,MAMMALIA,CHORDATA,Onychomys leucogaster,Onychomys leucogaster; Onychomys arcticeps; Onychomys fuliginosus; Onychomys longipes; Mus missouriensis; Onychomys ruidosae,Onychomys leucogaster,Onychomys leucogaster,Yes,15338,Onychomys leucogaster,TRUE,2016,LC,,,,CHORDATA,MAMMALIA,RODENTIA,CRICETIDAE,Yes,valid,180382,Onychomys leucogaster,CHORDATA,5,Onychomys arcticeps;Onychomys fuliginosus;Onychomys longipes;Mus missouriensis;Onychomys ruidosae,MAMMALIA,RODENTIA,CRICETIDAE,,Yes,2438517,Onychomys leucogaster,,,CHORDATA,ACCEPTED,MAMMALIA,RODENTIA,CRICETIDAE
Oreochromis niloticus,8128,Oreochromis niloticus,host,species,Oreochromis,CICHLIDAE,CICHLIFORMES,ACTINOPTERYGII,CHORDATA,Oreochromis niloticus,,Oreochromis niloticus,Oreochromis niloticus,Yes,166975,Oreochromis niloticus,TRUE,2023; 2010,LC,2,Perca nilotica;Tilapia nilotica,ACCEPTED;ACCEPTED,CHORDATA,ACTINOPTERYGII,CICHLIFORMES,CICHLIDAE,Yes,valid,553310,Oreochromis niloticus,CHORDATA,1,Tilapia nilotica,TELEOSTEI,PERCIFORMES,CICHLIDAE,,Yes,4285694,Oreochromis niloticus,2,Haplochromis niloticus;Oreochromis niloticus,CHORDATA,ACCEPTED-SYNONYM,,PERCIFORMES,CICHLIDAE
Orientallactaga sibirica,234626,Allactaga sibirica,host,species,Allactaga,,,,,Orientallactaga sibirica,Orientallactaga sibirica; Allactaga sibirica,,Orientallactaga sibirica,No,,,,,,,,,,,,,No,,,,,,,,,,,Yes,12162532,Allactaga sibirica,1,Allactaga sibirica,,ACCEPTED,,,
Oryctolagus cuniculus,9986,Oryctolagus cuniculus,host,species,Oryctolagus,LEPORIDAE,LAGOMORPHA,MAMMALIA,CHORDATA,Oryctolagus cuniculus,,Oryctolagus cuniculus,Oryctolagus cuniculus,Yes,41291,Oryctolagus cuniculus,TRUE,2025; 2019,NT; EN,1,Lepus cuniculus,ACCEPTED,CHORDATA,MAMMALIA,LAGOMORPHA,LEPORIDAE,Yes,valid,180129,Oryctolagus cuniculus,CHORDATA,7,Lepus cuniculus;Lepus vernicularis;Lepus vermicula;Cuniculus fodiens;Cuniculus kreyenbergi;Cuniculus algirus;Lepus huxleyi,MAMMALIA,LAGOMORPHA,LEPORIDAE,,Yes,2436940,Oryctolagus cuniculus,,,CHORDATA,ACCEPTED,MAMMALIA,LAGOMORPHA,LEPORIDAE
Ovis aries,9940,Ovis aries,host,species,Ovis,BOVIDAE,ARTIODACTYLA,MAMMALIA,CHORDATA,Ovis aries,Ovis aries; Ovis musimon; Aegoceros musimon; Ovis ophion; Ovis orientalis; Ovis vignei,Ovis aries,Ovis aries,Yes,136720,Ovis aries,TRUE,2025,NA,,,,CHORDATA,MAMMALIA,ARTIODACTYLA,BOVIDAE,Yes,valid,552475,Ovis aries,CHORDATA,5,Ovis musimon;Aegoceros musimon;Ovis ophion;Ovis orientalis;Ovis vignei,MAMMALIA,ARTIODACTYLA,BOVIDAE,,Yes,2441110,Ovis aries,,,CHORDATA,ACCEPTED,MAMMALIA,ARTIODACTYLA,BOVIDAE
Oxyuranus microlepidotus,111177,Oxyuranus microlepidotus,host,species,Oxyuranus,ELAPIDAE,SQUAMATA,REPTILIA,CHORDATA,Oxyuranus microlepidotus,,Oxyuranus microlepidotus,Oxyuranus microlepidotus,Yes,42493150,Oxyuranus microlepidotus,TRUE,2018,LC,1,Diemenia microlepidota,ACCEPTED;ACCEPTED,CHORDATA,REPTILIA,SQUAMATA,ELAPIDAE,Yes,valid,700647,Oxyuranus microlepidotus,CHORDATA,1,Diemenia microlepidota,REPTILIA,SQUAMATA,ELAPIDAE,,Yes,2449963,Oxyuranus microlepidotus,,,CHORDATA,ACCEPTED,SQUAMATA,,ELAPIDAE
Oxyuranus scutellatus,8668,Oxyuranus scutellatus,host,species,Oxyuranus,ELAPIDAE,SQUAMATA,REPTILIA,CHORDATA,Oxyuranus scutellatus,,Oxyuranus scutellatus,Oxyuranus scutellatus,Yes,42493166,Oxyuranus scutellatus,TRUE,2018,LC,1,Pseudechis scutellatus,ACCEPTED,CHORDATA,REPTILIA,SQUAMATA,ELAPIDAE,Yes,valid,700648,Oxyuranus scutellatus,CHORDATA,1,Pseudechis scutellatus,REPTILIA,SQUAMATA,ELAPIDAE,,Yes,9043837,Oxyuranus scutellatus,,,CHORDATA,ACCEPTED,SQUAMATA,,ELAPIDAE
Pampus argenteus,206143,Pampus argenteus,host,species,Pampus,STROMATEIDAE,PERCIFORMES,ACTINOPTERYGII,CHORDATA,Pampus argenteus,Pampus argenteus; Stromateoides argenteus; Stromateus aculeatus; Stromateus candidus; Stromateus griseus; Pampus lighti; Stromatioides nozawae; Stromateus securifer; Pampus simoprosopus; Pampus argentus; Stromateus argenteus,Pampus argenteus,Pampus argenteus,Yes,166855,Pampus argenteus,TRUE,2015,VU,10,Stromateoides argenteus;Stromateus aculeatus;Stromateus candidus;Stromateus griseus;Pampus lighti;Stromatioides nozawae;Stromateus securifer;Pampus simoprosopus;Pampus argentus;Stromateus argenteus,ACCEPTED;ACCEPTED;ACCEPTED;ACCEPTED;ACCEPTED;ACCEPTED;ACCEPTED;ACCEPTED;ACCEPTED;ACCEPTED,CHORDATA,ACTINOPTERYGII,PERCIFORMES,STROMATEIDAE,Yes,valid,172572,Pampus argenteus,CHORDATA,,,TELEOSTEI,PERCIFORMES,STROMATEIDAE,,Yes,2397682,Pampus argenteus,1,Pampus argenteus,CHORDATA,ACCEPTED-SYNONYM,,PERCIFORMES,STROMATEIDAE
Pan troglodytes,9598,Pan troglodytes,host,species,Pan,HOMINIDAE,PRIMATES,MAMMALIA,CHORDATA,Pan troglodytes,,Pan troglodytes,Pan troglodytes,Yes,15933,Pan troglodytes,TRUE,2016,EN,1,Simia troglodytes,ACCEPTED,CHORDATA,MAMMALIA,PRIMATES,HOMINIDAE,Yes,valid,573082,Pan troglodytes,CHORDATA,36,Anthropopithecus oertzeni;Anthropopithecus papio;Troglodytes niger;Pan africanus;Troglodytes leucoprymnus;Anthropopithecus pan;Troglodytes tschego;Satyrus lagaros;Satyrus chimpanse;Troglodytes calvus;Troglodytes koolookamba;Troglodytes aubryi;Pseudanthropos fuliginosus;Anthropopithecus angustimanus;Anthropopithecus fuscus;Anthropopithecus heckii;Anthropopithecus mafuca;Anthropopithecus ochroleucus;Anthropopithecus pusillus;Anthropopithecus reuteri;Simia satyrus;Anthropopithecus schneideri;Simia adolfi-friederici;Anthropopithecus calvescens;Anthropopithecus castanomale;Simia cottoni;Anthropopithecus graueri;Simia ituricus;Fsihego ituriensis;Troglodytes livingstonii;Simia nahani;Anthropopithecus pfeifferi;Anthropopithecus purschei;Anthropopithecus schubotzi;Anthropopithecus steindachneri;Simia adolfifriederici,MAMMALIA,PRIMATES,HOMINIDAE,,Yes,5219534,Pan troglodytes,,,CHORDATA,ACCEPTED,MAMMALIA,PRIMATES,HOMINIDAE
Pantherophis guttatus,94885,Pantherophis guttatus,host,species,Pantherophis,COLUBRIDAE,SQUAMATA,REPTILIA,CHORDATA,Pantherophis guttatus,,Pantherophis guttatus,Pantherophis guttatus,Yes,63863,Pantherophis guttatus,TRUE,2016,LC,1,Coluber guttatus,ACCEPTED,CHORDATA,REPTILIA,SQUAMATA,COLUBRIDAE,Yes,valid,1081818,Pantherophis guttatus,CHORDATA,2,Elaphe guttata;Coluber guttatus,REPTILIA,SQUAMATA,COLUBRIDAE,,Yes,2455615,Pantherophis guttatus,1,Pantherophis guttatus,CHORDATA,ACCEPTED-SYNONYM,SQUAMATA,,COLUBRIDAE
Papio ursinus,36229,Papio ursinus,host,species,Papio,CERCOPITHECIDAE,PRIMATES,MAMMALIA,CHORDATA,Papio ursinus,,Papio ursinus,Papio ursinus,Yes,16022,Papio ursinus,TRUE,2019,LC,0,,ACCEPTED,CHORDATA,MAMMALIA,PRIMATES,CERCOPITHECIDAE,Yes,valid,944210,Papio ursinus,CHORDATA,5,Cynocephalus capensis;Papio comatus;Simia porcaria;Simia sphingiola;Cynocephalus transvaalensis,MAMMALIA,PRIMATES,CERCOPITHECIDAE,,Yes,7262029,Papio ursinus,,,CHORDATA,ACCEPTED,MAMMALIA,PRIMATES,CERCOPITHECIDAE
Passer domesticus,48849,Passer domesticus,host,species,Passer,PASSERIDAE,PASSERIFORMES,AVES,CHORDATA,Passer domesticus,Passer domesticus,Passer domesticus,Passer domesticus,Yes,103818789,Passer domesticus,TRUE,2021; 2019,LC,,,,CHORDATA,AVES,PASSERIFORMES,PASSERIDAE,Yes,valid,179628,Passer domesticus,CHORDATA,,,AVES,PASSERIFORMES,PASSERIDAE,,Yes,5231190,Passer domesticus,,,CHORDATA,ACCEPTED,AVES,PASSERIFORMES,PASSERIDAE
Perca fluviatilis,8168,Perca fluviatilis,host,species,Perca,PERCIDAE,PERCIFORMES,ACTINOPTERYGII,CHORDATA,Perca fluviatilis,Perca fluviatilis; Perca helvetica; Perca italica; Perca vulgaris; Persea vanderwerffii,Perca fluviatilis,Perca fluviatilis,Yes,16580,Perca fluviatilis,TRUE,2024,LC,3,Perca helvetica;Perca italica;Perca vulgaris,ACCEPTED;ACCEPTED;ADD;ACCEPTED;ACCEPTED;ACCEPTED,CHORDATA,ACTINOPTERYGII,PERCIFORMES,PERCIDAE,Yes,valid,168470,Perca fluviatilis,CHORDATA,,,TELEOSTEI,PERCIFORMES,PERCIDAE,,Yes,8140485,Perca fluviatilis,2,Perca fluviatilis;Persea vanderwerffii,CHORDATA,ACCEPTED-SYNONYM,NA,PERCIFORMES,PERCIDAE
Phelsuma madagascariensis,88162,Phelsuma madagascariensis,host,species,Phelsuma,GEKKONIDAE,SQUAMATA,REPTILIA,CHORDATA,Phelsuma madagascariensis,,Phelsuma madagascariensis,Phelsuma madagascariensis,Yes,172977,Phelsuma madagascariensis,TRUE,2011,LC,1,Gekko madagascariensis,ADD,CHORDATA,REPTILIA,SQUAMATA,GEKKONIDAE,Yes,valid,819063,Phelsuma madagascariensis,CHORDATA,1,Phelsuma madagascarensis,REPTILIA,SQUAMATA,GEKKONIDAE,,Yes,2447419,Phelsuma madagascariensis,1,Phelsuma madagascariensis,CHORDATA,ACCEPTED-SYNONYM,SQUAMATA,,GEKKONIDAE
Phoca vitulina,9720,Phoca vitulina,host,species,Phoca,PHOCIDAE,CARNIVORA,MAMMALIA,CHORDATA,Phoca vitulina,Phoca vitulina; Phoca canina; Phoca linnaei; Phoca littorea; Phoca thienemannii; Phoca scopulicola; Phoca variegata; Halicyon richardii; Phoca kurilensis,Phoca vitulina,Phoca vitulina,Yes,17013,Phoca vitulina,TRUE,2025; 2016,LC,,,,CHORDATA,MAMMALIA,CARNIVORA,PHOCIDAE,Yes,valid,180649,Phoca vitulina,CHORDATA,8,Phoca canina;Phoca linnaei;Phoca littorea;Phoca thienemannii;Phoca scopulicola;Phoca variegata;Halicyon richardii;Phoca kurilensis,MAMMALIA,CARNIVORA,PHOCIDAE,,Yes,2434793,Phoca vitulina,,,CHORDATA,ACCEPTED,MAMMALIA,CARNIVORA,PHOCIDAE
Phocarctos hookeri,34888,Phocarctos hookeri,host,species,Phocarctos,OTARIIDAE,CARNIVORA,MAMMALIA,CHORDATA,Phocarctos hookeri,,Phocarctos hookeri,Phocarctos hookeri,Yes,17026,Phocarctos hookeri,TRUE,2015,EN,1,Arctocephalus hookeri,ACCEPTED,CHORDATA,MAMMALIA,CARNIVORA,OTARIIDAE,Yes,valid,180617,Phocarctos hookeri,CHORDATA,1,Arctocephalus hookeri,MAMMALIA,CARNIVORA,OTARIIDAE,,Yes,2433467,Phocarctos hookeri,,,CHORDATA,ACCEPTED,MAMMALIA,CARNIVORA,OTARIIDAE
Phocoena phocoena,9742,Phocoena phocoena,host,species,Phocoena,PHOCOENIDAE,ARTIODACTYLA,MAMMALIA,CHORDATA,Phocoena phocoena,,Phocoena phocoena,Phocoena phocoena,Yes,17027,Phocoena phocoena,TRUE,2023,LC,2,Phocoena relicta;Delphinus phocoena,New;ACCEPTED,CHORDATA,MAMMALIA,ARTIODACTYLA,PHOCOENIDAE,Yes,valid,180473,Phocoena phocoena,CHORDATA,6,Delphinus phocoena;Phocaena americana;Phocaena communis;Phocaena lineata;Phocaena vomerina;Phocaena relicta,MAMMALIA,CETACEA,PHOCOENIDAE,,Yes,2440669,Phocoena phocoena,2,Phocoena phocoena,CHORDATA,ACCEPTED-SYNONYM,MAMMALIA,CETACEA,PHOCOENIDAE
Physignathus cocincinus,52200,Physignathus cocincinus,host,species,Physignathus,AGAMIDAE,SQUAMATA,REPTILIA,CHORDATA,Physignathus cocincinus,Physignathus cocincinus,Physignathus cocincinus,Physignathus cocincinus,Yes,104677699,Physignathus cocincinus,TRUE,2019,VU,,,,CHORDATA,REPTILIA,SQUAMATA,AGAMIDAE,Yes,valid,1055626,Physignathus cocincinus,CHORDATA,,,REPTILIA,SQUAMATA,AGAMIDAE,,Yes,2465402,Physignathus cocincinus,,,CHORDATA,ACCEPTED,SQUAMATA,,AGAMIDAE
Pogona vitticeps,103695,Pogona vitticeps,host,species,Pogona,AGAMIDAE,SQUAMATA,REPTILIA,CHORDATA,Pogona vitticeps,Pogona vitticeps; Amphibolurus vitticeps,Pogona vitticeps,Pogona vitticeps,Yes,83494364,Pogona vitticeps,TRUE,2018,LC,1,Amphibolurus vitticeps,ACCEPTED,CHORDATA,REPTILIA,SQUAMATA,AGAMIDAE,Yes,valid,1056855,Pogona vitticeps,CHORDATA,,,REPTILIA,SQUAMATA,AGAMIDAE,,Yes,2465641,Pogona vitticeps,,,CHORDATA,ACCEPTED,SQUAMATA,,AGAMIDAE
Procyon lotor,9654,Procyon lotor,host,species,Procyon,PROCYONIDAE,CARNIVORA,MAMMALIA,CHORDATA,Procyon lotor,,Procyon lotor,Procyon lotor,Yes,41686,Procyon lotor,TRUE,2025; 2016,NA; LC,5,Procyon gloveralleni;Procyon insularis;Procyon maynardi;Procyon minor;Ursus lotor,MERGE;MERGE;MERGE;MERGE;ACCEPTED,CHORDATA,MAMMALIA,CARNIVORA,PROCYONIDAE,Yes,valid,180575,Procyon lotor,CHORDATA,9,Procyon gloveralleni;Procyon maynardi;Procyon minor;Lotor vulgaris;Procyon annulatus;Procyon obscurus;Procyon gularis;Procyon insularis;Procyon proteus,MAMMALIA,CARNIVORA,PROCYONIDAE,,Yes,5218786,Procyon lotor,,,CHORDATA,ACCEPTED,MAMMALIA,CARNIVORA,PROCYONIDAE
Pseudechis porphyriacus,8671,Pseudechis porphyriacus,host,species,Pseudechis,ELAPIDAE,SQUAMATA,REPTILIA,CHORDATA,Pseudechis porphyriacus,,Pseudechis porphyriacus,Pseudechis porphyriacus,Yes,42493274,Pseudechis porphyriacus,TRUE,2018,LC,1,Coluber porphyriacus,ACCEPTED,CHORDATA,REPTILIA,SQUAMATA,ELAPIDAE,Yes,valid,700658,Pseudechis porphyriacus,CHORDATA,1,Coluber porphyriacus,REPTILIA,SQUAMATA,ELAPIDAE,,Yes,2449538,Pseudechis porphyriacus,1,Pseudechis porphyriacus,CHORDATA,ACCEPTED-SYNONYM,SQUAMATA,,ELAPIDAE
Pseudois nayaur,59542,Pseudois nayaur,host,species,Pseudois,BOVIDAE,ARTIODACTYLA,MAMMALIA,CHORDATA,Pseudois nayaur,Pseudois nayaur,Pseudois nayaur,Pseudois nayaur,Yes,61513537,Pseudois nayaur,TRUE,2014,LC,,,,CHORDATA,MAMMALIA,ARTIODACTYLA,BOVIDAE,Yes,valid,625156,Pseudois nayaur,CHORDATA,,,MAMMALIA,ARTIODACTYLA,BOVIDAE,,Yes,2441008,Pseudois nayaur,,,CHORDATA,ACCEPTED,MAMMALIA,ARTIODACTYLA,BOVIDAE
Pseudonaja textilis,8673,Pseudonaja textilis,host,species,Pseudonaja,ELAPIDAE,SQUAMATA,REPTILIA,CHORDATA,Pseudonaja textilis,,Pseudonaja textilis,Pseudonaja textilis,Yes,42493315,Pseudonaja textilis,TRUE,2018,LC,1,Furina textilis,ACCEPTED,CHORDATA,REPTILIA,SQUAMATA,ELAPIDAE,Yes,valid,700667,Pseudonaja textilis,CHORDATA,2,Pseudonaja elliotti;Furina textilis,REPTILIA,SQUAMATA,ELAPIDAE,,Yes,8615718,Pseudonaja textilis,1,Pseudonaja textilis,CHORDATA,ACCEPTED-SYNONYM,SQUAMATA,,ELAPIDAE
Pteroglossus viridis,285011,Pteroglossus viridis,host,species,Pteroglossus,RAMPHASTIDAE,PICIFORMES,AVES,CHORDATA,Pteroglossus viridis,Pteroglossus viridis,Pteroglossus viridis,Pteroglossus viridis,Yes,22681994,Pteroglossus viridis,TRUE,2024,LC,,,,CHORDATA,AVES,PICIFORMES,RAMPHASTIDAE,Yes,valid,554284,Pteroglossus viridis,CHORDATA,,,AVES,PICIFORMES,RAMPHASTIDAE,,Yes,2478827,Pteroglossus viridis,,,CHORDATA,ACCEPTED,AVES,PICIFORMES,RAMPHASTIDAE
Puma concolor,9696,Puma concolor,host,species,Puma,FELIDAE,CARNIVORA,MAMMALIA,CHORDATA,Puma concolor,,Puma concolor,Puma concolor,Yes,18868,Puma concolor,TRUE,2015,LC,1,Felis concolor,ACCEPTED,CHORDATA,MAMMALIA,CARNIVORA,FELIDAE,Yes,valid,552479,Puma concolor,CHORDATA,6,Felis concolor;Felis couguar;Felis californica;Felis hippolestes;Felis improcera;Felis oregonensis,MAMMALIA,CARNIVORA,FELIDAE,,Yes,2435099,Puma concolor,,,CHORDATA,ACCEPTED,MAMMALIA,CARNIVORA,FELIDAE
Pyrrhula pyrrhula,37607,Pyrrhula pyrrhula,host,species,Pyrrhula,FRINGILLIDAE,PASSERIFORMES,AVES,CHORDATA,Pyrrhula pyrrhula,Pyrrhula pyrrhula,Pyrrhula pyrrhula,Pyrrhula pyrrhula,Yes,22720671,Pyrrhula pyrrhula,TRUE,2021; 2018,LC,,,,CHORDATA,AVES,PASSERIFORMES,FRINGILLIDAE,Yes,valid,179180,Pyrrhula pyrrhula,CHORDATA,0,,AVES,PASSERIFORMES,FRINGILLIDAE,,Yes,2494543,Pyrrhula pyrrhula,,,CHORDATA,ACCEPTED,AVES,PASSERIFORMES,FRINGILLIDAE
Python molurus,51750,Python molurus,host,species,Python,PYTHONIDAE,SQUAMATA,REPTILIA,CHORDATA,Python molurus,Python molurus; Coluber molurus,Python molurus,Python molurus,Yes,58894358,Python molurus,TRUE,2021,NT,1,Coluber molurus,ACCEPTED,CHORDATA,REPTILIA,SQUAMATA,PYTHONIDAE,Wrong,,,,,,,,,,,Yes,2465369,Python molurus,,,CHORDATA,ACCEPTED,SQUAMATA,,PYTHONIDAE
Python regius,51751,Python regius,host,species,Python,PYTHONIDAE,SQUAMATA,REPTILIA,CHORDATA,Python regius,Python regius; Boa regia,Python regius,Python regius,Yes,177562,Python regius,TRUE,2022,NT,1,Boa regia,ACCEPTED;ACCEPTED,CHORDATA,REPTILIA,SQUAMATA,PYTHONIDAE,Wrong,,,,,,,,,,,Yes,2465380,Python regius,,,CHORDATA,ACCEPTED,SQUAMATA,,PYTHONIDAE
Rattus norvegicus,10116,Rattus norvegicus,host,species,Rattus,MURIDAE,RODENTIA,MAMMALIA,CHORDATA,Rattus norvegicus,,Rattus norvegicus,Rattus norvegicus,Yes,19353,Rattus norvegicus,TRUE,2024; 2016,NA; LC,4,Rattus caspius;Rattus decimallus;Rattus caraco;Mus norvegicus,New;New;New;ACCEPTED,CHORDATA,MAMMALIA,RODENTIA,MURIDAE,Yes,valid,180363,Rattus norvegicus,CHORDATA,14,Mus caraco;Mus caspius;Mus decumanoides;Mus decumanus;Mus griseipectus;Mus hibernicus;Mus humiliatus;Mus javanus;Mus magnirostris;Mus maniculatus;Mus maurus;Mus ouangthomae;Mus plumbeus;Mus surmolottus,MAMMALIA,RODENTIA,MURIDAE,,Yes,2439261,Rattus norvegicus,,,CHORDATA,ACCEPTED,MAMMALIA,RODENTIA,MURIDAE
Rattus rattus,10117,Rattus rattus,host,species,Rattus,MURIDAE,RODENTIA,MAMMALIA,CHORDATA,Rattus rattus,,Rattus rattus,Rattus rattus,Yes,19360,Rattus rattus,TRUE,2024; 2021,LC,1,Mus rattus,ACCEPTED,CHORDATA,MAMMALIA,RODENTIA,MURIDAE,Yes,valid,180362,Rattus rattus,CHORDATA,40,Mus alexandrinorattus;Mus alexandrinus;Mus alexandrinus;Mus arboreus;Hapalotis arboricola;Mus asiaticus;Mus atratus;Mus atridorsum;Mus ceylonus;Epimys chionogaster;Mus crassipes;Rattus domesticus;Mus erythronotus;Mus flavescens;Mus flaviventris;Musculus frugivorus;Mus galapagoensis;Mus griseocaeruleus;Mus infralineatus;Mus insularis;Mus jujensis;Mus kandianus;Mus kandiyanus;Epimys kelaarti;Mus kijabius;Mus latipes;Mus leucogaster;Mus muansae;Mus nemoralis;Mus novaezelandiae;Mus picteti;Mus rufescens;Mus samharensis;Myoxus siculae;Mus subcaeruleus;Mus sylvestris;Mus tectorum;Mus tetragonurus;Mus tompsoni;Mus variabilis,MAMMALIA,RODENTIA,MURIDAE,,Yes,2439270,Rattus rattus,2,Bunomys chrysocomus;Rattus hoffmanni,CHORDATA,ACCEPTED,MAMMALIA,RODENTIA,MURIDAE
Rattus tanezumi,35732,Rattus tanezumi,host,species,Rattus,MURIDAE,RODENTIA,MAMMALIA,CHORDATA,Rattus tanezumi,Rattus tanezumi; Epimys benguetensis; Mus brunneus; Mus brunneusculus; Mus canna; Epimys coloratus; Rattus dammermani; Mus diardii; Mus flavipectus; Rattus germaini; Mus kelleri; Rattus lalolis; Rattus macmillani; Rattus masaretes; Mus mindanensis; Rattus molliculus; Mus neglectus; Mus nemoralis; Mus ouangthomae; Rattus palelae; Mus pannosus; Mus pulliventer; Epimys robiginosus; Mus robustulus; Rattus sapoensis; Mus sladeni; Rattus toxi; Mus yunnanensis; Mus zamboangae; Mus tanezumi,Rattus tanezumi,Rattus tanezumi,Yes,19366,Rattus tanezumi,TRUE,2016,LC,,,,CHORDATA,MAMMALIA,RODENTIA,MURIDAE,Yes,valid,585554,Rattus tanezumi,CHORDATA,29,Epimys benguetensis;Mus brunneus;Mus brunneusculus;Mus canna;Epimys coloratus;Rattus dammermani;Mus diardii;Mus flavipectus;Rattus germaini;Mus kelleri;Rattus lalolis;Rattus macmillani;Rattus masaretes;Mus mindanensis;Rattus molliculus;Mus neglectus;Mus nemoralis;Mus ouangthomae;Rattus palelae;Mus pannosus;Mus pulliventer;Epimys robiginosus;Mus robustulus;Rattus sapoensis;Mus sladeni;Rattus toxi;Mus yunnanensis;Mus zamboangae;Mus tanezumi,MAMMALIA,RODENTIA,MURIDAE,,Yes,2439262,Rattus tanezumi,,,CHORDATA,ACCEPTED,MAMMALIA,RODENTIA,MURIDAE
Rhombomys opimus,186474,Rhombomys opimus,host,species,Rhombomys,MURIDAE,RODENTIA,MAMMALIA,CHORDATA,Rhombomys opimus,Rhombomys opimus; Gerbillus giganteus; Rhombomys pallidus,Rhombomys opimus,Rhombomys opimus,Yes,19686,Rhombomys opimus,TRUE,2016,LC,,,,CHORDATA,MAMMALIA,RODENTIA,MURIDAE,Yes,valid,632995,Rhombomys opimus,CHORDATA,2,Gerbillus giganteus;Rhombomys pallidus,MAMMALIA,RODENTIA,MURIDAE,,Yes,2437935,Rhombomys opimus,,,CHORDATA,ACCEPTED,MAMMALIA,RODENTIA,MURIDAE
Rupicapra rupicapra,34869,Rupicapra rupicapra,host,species,Rupicapra,BOVIDAE,ARTIODACTYLA,MAMMALIA,CHORDATA,Rupicapra rupicapra,,Rupicapra rupicapra,Rupicapra rupicapra,Yes,39255,Rupicapra rupicapra,TRUE,2025; 2021; 2010,LC,1,Capra rupricapra,ACCEPTED,CHORDATA,MAMMALIA,ARTIODACTYLA,BOVIDAE,Yes,valid,625159,Rupicapra rupicapra,CHORDATA,0,,MAMMALIA,ARTIODACTYLA,BOVIDAE,,Yes,5220170,Rupicapra rupicapra,,,CHORDATA,ACCEPTED,MAMMALIA,ARTIODACTYLA,BOVIDAE
Saguinus geoffroyi,43778,Oedipomidas geoffroyi,host,species,Oedipomidas,,,,,Saguinus geoffroyi,Saguinus geoffroyi; Oedipomidas geoffroyi; Oedipomidas salaquiensis; Jacchus spixii,,Saguinus geoffroyi,No,,,,,,,,,,,,,Yes,valid,572925,Oedipomidas geoffroyi,CHORDATA,3,Saguinus geoffroyi;Oedipomidas salaquiensis;Jacchus spixii,MAMMALIA,PRIMATES,CALLITRICHIDAE,,Yes,2436466,Saguinus geoffroyi,,,CHORDATA,ACCEPTED,MAMMALIA,PRIMATES,CALLITRICHIDAE
Saimiri sciureus,9521,Saimiri sciureus,host,species,Saimiri,CEBIDAE,PRIMATES,MAMMALIA,CHORDATA,Saimiri sciureus,,Saimiri sciureus,Saimiri sciureus,Yes,43968,Saimiri sciureus,TRUE,2021,LC,0,,NEW,CHORDATA,MAMMALIA,PRIMATES,CEBIDAE,Yes,valid,180095,Saimiri sciureus,CHORDATA,5,Simia apedia;Lemur leucopsis;Simia morta;Chrysothrix nigrivittata;Sapajou saimiri,MAMMALIA,PRIMATES,CEBIDAE,,Yes,2436661,Saimiri sciureus,,,CHORDATA,ACCEPTED,MAMMALIA,PRIMATES,CEBIDAE
Scomberomorus cavalla,13679,Scomberomorus cavalla,host,species,Scomberomorus,SCOMBRIDAE,PERCIFORMES,ACTINOPTERYGII,CHORDATA,Scomberomorus cavalla,,Scomberomorus cavalla,Scomberomorus cavalla,Yes,170339,Scomberomorus cavalla,TRUE,2023; 2015,LC,5,Cybium caballa;Cybium clupeoideum;Cybium cavalla;Cybium acervum;Cybium immaculatum,ACCEPTED;ACCEPTED;ACCEPTED;ACCEPTED;ACCEPTED,CHORDATA,ACTINOPTERYGII,PERCIFORMES,SCOMBRIDAE,Yes,valid,172435,Scomberomorus cavalla,CHORDATA,1,Cybium cavalla,TELEOSTEI,PERCIFORMES,SCOMBRIDAE,,Yes,2374282,Scomberomorus cavalla,2,Scomberomorus cavalla,CHORDATA,ACCEPTED-SYNONYM,,PERCIFORMES,SCOMBRIDAE
Siniperca chuatsi,119488,Siniperca chuatsi,host,species,Siniperca,SINIPERCIDAE,PERCIFORMES,ACTINOPTERYGII,CHORDATA,Siniperca chuatsi,Siniperca chuatsi; Perca chuatsi,Siniperca chuatsi,Siniperca chuatsi,Yes,166918,Siniperca chuatsi,TRUE,2022,LC,1,Perca chuatsi,ACCEPTED,CHORDATA,ACTINOPTERYGII,PERCIFORMES,SINIPERCIDAE,Yes,valid,641911,Siniperca chuatsi,CHORDATA,,,TELEOSTEI,PERCIFORMES,PERCICHTHYIDAE,,Yes,2380448,Siniperca chuatsi,1,Siniperca chuatsi,CHORDATA,ACCEPTED-SYNONYM,,PERCIFORMES,PERCICHTHYIDAE
Spermophilus alashanicus,99830,Spermophilus alashanicus,host,species,Spermophilus,SCIURIDAE,RODENTIA,MAMMALIA,CHORDATA,Spermophilus alashanicus,Spermophilus alashanicus; Spermophilus dilutus; Spermophilus obscurus; Spermophilus siccus,Spermophilus alashanicus,Spermophilus alashanicus,Yes,20478,Spermophilus alashanicus,TRUE,2016,LC,3,Spermophilus dilutus;Spermophilus obscurus;Spermophilus siccus,New;New;New,CHORDATA,MAMMALIA,RODENTIA,SCIURIDAE,Yes,valid,632443,Spermophilus alashanicus,CHORDATA,,,MAMMALIA,RODENTIA,SCIURIDAE,,Yes,2437315,Spermophilus alashanicus,,,CHORDATA,ACCEPTED,MAMMALIA,RODENTIA,SCIURIDAE
Spermophilus dauricus,99837,Spermophilus dauricus,host,species,Spermophilus,SCIURIDAE,RODENTIA,MAMMALIA,CHORDATA,Spermophilus dauricus,Spermophilus dauricus; Spermophilus ramosus; Spermophilus yamashinae; Spermophilus mongolicus; Spermophilus umbratus,Spermophilus dauricus,Spermophilus dauricus,Yes,20482,Spermophilus dauricus,TRUE,2016,LC,4,Spermophilus ramosus;Spermophilus yamashinae;Spermophilus mongolicus;Spermophilus umbratus,New;New;New;New,CHORDATA,MAMMALIA,RODENTIA,SCIURIDAE,Yes,valid,632447,Spermophilus dauricus,CHORDATA,,,MAMMALIA,RODENTIA,SCIURIDAE,,Yes,2437294,Spermophilus dauricus,,,CHORDATA,ACCEPTED,MAMMALIA,RODENTIA,SCIURIDAE
Spinus spinus,160760,Spinus spinus,host,species,Spinus,FRINGILLIDAE,PASSERIFORMES,AVES,CHORDATA,Spinus spinus,,Spinus spinus,Spinus spinus,Yes,22720354,Spinus spinus,TRUE,2024; 2021,LC,1,Carduelis spinus,NEW,CHORDATA,AVES,PASSERIFORMES,FRINGILLIDAE,Yes,valid,997858,Spinus spinus,CHORDATA,1,Carduelis spinus,AVES,PASSERIFORMES,FRINGILLIDAE,,Yes,6092830,Spinus spinus,2,Siganus spinus,CHORDATA,ACCEPTED,AVES,PASSERIFORMES,FRINGILLIDAE
Strix aluco,111821,Strix aluco,host,species,Strix,STRIGIDAE,STRIGIFORMES,AVES,CHORDATA,Strix aluco,Strix aluco; Syrnium biddulphi; Syrnium sanctinicolai; Strix sylvatica; Syrnium harmsi,Strix aluco,Strix aluco,Yes,22725469,Strix aluco,TRUE,2024; 2022; 2021,LC,,,,CHORDATA,AVES,STRIGIFORMES,STRIGIDAE,Yes,valid,555428,Strix aluco,CHORDATA,4,Syrnium biddulphi;Syrnium sanctinicolai;Strix sylvatica;Syrnium harmsi,AVES,STRIGIFORMES,STRIGIDAE,,Yes,9282206,Strix aluco,,,CHORDATA,ACCEPTED,AVES,STRIGIFORMES,STRIGIDAE
Sus scrofa,9823,Sus scrofa,host,species,Sus,SUIDAE,ARTIODACTYLA,MAMMALIA,CHORDATA,Sus scrofa,,Sus scrofa,Sus scrofa,Yes,41775,Sus scrofa,TRUE,2025; 2019; 2010,LC,13,Sus papuensis;Sus ternatensis;Sus ceramensis;Sus andamanensis;Sus aruensis;Sus enganus;Sus tuancus;Sus nicobaricus;Sus niger;Sus floresianus;Sus babi;Sus goramensis;Sus natunensis,New;New;New;New;New;New;New;New;New;New;New;New;New,CHORDATA,MAMMALIA,ARTIODACTYLA,SUIDAE,Yes,valid,180722,Sus scrofa,CHORDATA,1,Sus domesticus,MAMMALIA,ARTIODACTYLA,SUIDAE,,Yes,7705930,Sus scrofa,,,CHORDATA,ACCEPTED,MAMMALIA,ARTIODACTYLA,SUIDAE
Tachysurus fulvidraco,1234273,Tachysurus fulvidraco,host,species,Tachysurus,BAGRIDAE,SILURIFORMES,ACTINOPTERYGII,CHORDATA,Tachysurus fulvidraco,Tachysurus fulvidraco; Pimelodus fulvidraco; Pseudobagrus fulvidraco; Pelteobagrus fulvidraco,Tachysurus fulvidraco,Tachysurus fulvidraco,Yes,166095,Tachysurus fulvidraco,TRUE,2011,LC,3,Pimelodus fulvidraco;Pseudobagrus fulvidraco;Pelteobagrus fulvidraco,ACCEPTED;ACCEPTED;ACCEPTED,CHORDATA,ACTINOPTERYGII,SILURIFORMES,BAGRIDAE,No,,,,,,,,,,,Yes,6168091,Tachysurus fulvidraco,,,CHORDATA,ACCEPTED,,SILURIFORMES,BAGRIDAE
Testudo hermanni,86976,Testudo hermanni,host,species,Testudo,TESTUDINIDAE,TESTUDINES,REPTILIA,CHORDATA,Testudo hermanni,,Testudo hermanni,Testudo hermanni,Yes,21648,Testudo hermanni,TRUE,2024,VU,1,Testudo hercegovinensis,ACCEPTED;ACCEPTED,CHORDATA,REPTILIA,TESTUDINES,TESTUDINIDAE,Yes,valid,551866,Testudo hermanni,CHORDATA,0,,REPTILIA,TESTUDINES,TESTUDINIDAE,,Yes,2441454,Testudo hermanni,,,CHORDATA,ACCEPTED,TESTUDINES,,TESTUDINIDAE
Tiliqua nigrolutea,155307,Tiliqua nigrolutea,host,species,Tiliqua,SCINCIDAE,SQUAMATA,REPTILIA,CHORDATA,Tiliqua nigrolutea,Tiliqua nigrolutea; Scincus nigroluteus,Tiliqua nigrolutea,Tiliqua nigrolutea,Yes,109481446,Tiliqua nigrolutea,TRUE,2018,LC,1,Scincus nigroluteus,ACCEPTED,CHORDATA,REPTILIA,SQUAMATA,SCINCIDAE,Yes,valid,1182840,Tiliqua nigrolutea,CHORDATA,,,REPTILIA,SQUAMATA,SCINCIDAE,,Yes,2462536,Tiliqua nigrolutea,,,CHORDATA,ACCEPTED,SQUAMATA,,SCINCIDAE
Tiliqua rugosa,8527,Tiliqua rugosa,host,species,Tiliqua,SCINCIDAE,SQUAMATA,REPTILIA,CHORDATA,Tiliqua rugosa,Tiliqua rugosa; Trachydosaurus rugosus; Tilia cordata,Tiliqua rugosa,Tiliqua rugosa,Yes,109481513,Tiliqua rugosa,TRUE,2017,LC,1,Trachydosaurus rugosus,ACCEPTED,CHORDATA,REPTILIA,SQUAMATA,SCINCIDAE,Yes,valid,1182842,Tiliqua rugosa,CHORDATA,,,REPTILIA,SQUAMATA,SCINCIDAE,,Yes,2462522,Tiliqua rugosa,2,Tilia cordata,CHORDATA,ACCEPTED,SQUAMATA,NA,SCINCIDAE
Tiliqua scincoides,71010,Tiliqua scincoides,host,species,Tiliqua,SCINCIDAE,SQUAMATA,REPTILIA,CHORDATA,Tiliqua scincoides,Tiliqua scincoides; Lacerta scincoides,Tiliqua scincoides,Tiliqua scincoides,Yes,109481538,Tiliqua scincoides,TRUE,2017,LC,1,Lacerta scincoides,ACCEPTED,CHORDATA,REPTILIA,SQUAMATA,SCINCIDAE,Yes,valid,1182843,Tiliqua scincoides,CHORDATA,,,REPTILIA,SQUAMATA,SCINCIDAE,,Yes,2462503,Tiliqua scincoides,,,CHORDATA,ACCEPTED,SQUAMATA,,SCINCIDAE
Trichoglossus haematodus,176049,Trichoglossus haematodus,host,species,Trichoglossus,PSITTACIDAE,PSITTACIFORMES,AVES,CHORDATA,Trichoglossus haematodus,Trichoglossus haematodus; Trichoglossus deplanchii; Trichoglossus flavicans; Trichoglossus massena,Trichoglossus haematodus,Trichoglossus haematodus,Yes,22725310,Trichoglossus haematodus,TRUE,2018,LC,,,,CHORDATA,AVES,PSITTACIFORMES,PSITTACIDAE,Yes,valid,177431,Trichoglossus haematodus,CHORDATA,3,Trichoglossus deplanchii;Trichoglossus flavicans;Trichoglossus massena,AVES,PSITTACIFORMES,PSITTACULIDAE,,Yes,2479686,Trichoglossus haematodus,,,CHORDATA,ACCEPTED,AVES,PSITTACIFORMES,PSITTACIDAE
Trioceros ellioti,179930,Trioceros ellioti,host,species,Trioceros,CHAMAELEONIDAE,SQUAMATA,REPTILIA,CHORDATA,Trioceros ellioti,,Trioceros ellioti,Trioceros ellioti,Yes,172580,Trioceros ellioti,TRUE,2014,LC,2,Chamaeleo ellioti;Chamaeleon ellioti,ACCEPTED;ACCEPTED,CHORDATA,REPTILIA,SQUAMATA,CHAMAELEONIDAE,Yes,valid,1055676,Trioceros ellioti,CHORDATA,1,Chamaeleo ellioti,REPTILIA,SQUAMATA,CHAMAELEONIDAE,,Yes,8046982,Trioceros ellioti,,,CHORDATA,ACCEPTED,SQUAMATA,,CHAMAELEONIDAE
Tropidophorus grayi,338354,Tropidophorus grayi,host,species,Tropidophorus,SCINCIDAE,SQUAMATA,REPTILIA,CHORDATA,Tropidophorus grayi,Tropidophorus grayi; Tropidophorus concincinensis,Tropidophorus grayi,Tropidophorus grayi,Yes,169770,Tropidophorus grayi,TRUE,2022,LC,1,Tropidophorus concincinensis,ADD,CHORDATA,REPTILIA,SQUAMATA,SCINCIDAE,Yes,valid,1182858,Tropidophorus grayi,CHORDATA,,,REPTILIA,SQUAMATA,SCINCIDAE,,Yes,5225229,Tropidophorus grayi,,,CHORDATA,ACCEPTED,SQUAMATA,,SCINCIDAE
Urocitellus parryii,9999,Urocitellus parryii,host,species,Urocitellus,SCIURIDAE,RODENTIA,MAMMALIA,CHORDATA,Urocitellus parryii,,Urocitellus parryii,Urocitellus parryii,Yes,20488,Urocitellus parryii,TRUE,2016,LC,5,Citellus buxtoni;Spermophilus leucosticus;Citellus stejnegeri;Spermophilus brunniceps;Spermophilus parryii,New;New;New;New;New;New;New;NEW,CHORDATA,MAMMALIA,RODENTIA,SCIURIDAE,Yes,valid,930321,Urocitellus parryii,CHORDATA,2,Spermophilus parryii;Spermophilus osgoodi,MAMMALIA,RODENTIA,SCIURIDAE,,Yes,8303143,Urocitellus parryii,,,CHORDATA,ACCEPTED,MAMMALIA,RODENTIA,SCIURIDAE
Urocyon cinereoargenteus,55040,Urocyon cinereoargenteus,host,species,Urocyon,CANIDAE,CARNIVORA,MAMMALIA,CHORDATA,Urocyon cinereoargenteus,,Urocyon cinereoargenteus,Urocyon cinereoargenteus,Yes,22780,Urocyon cinereoargenteus,TRUE,2016,LC,1,Canis cinereoargenteus,ACCEPTED,CHORDATA,MAMMALIA,CARNIVORA,CANIDAE,Yes,valid,180609,Urocyon cinereoargenteus,CHORDATA,1,Canis cinereoargenteus,MAMMALIA,CARNIVORA,CANIDAE,,Yes,2434566,Urocyon cinereoargenteus,,,CHORDATA,ACCEPTED,MAMMALIA,CARNIVORA,CANIDAE
Ursus americanus,9643,Ursus americanus,host,species,Ursus,URSIDAE,CARNIVORA,MAMMALIA,CHORDATA,Ursus americanus,Ursus americanus; Euarctos randi; Euarctos hunteri; Ursus luteolus; Ursus altifrontalis; Ursus amblyceps; Ursus californiensis; Ursus carlottae; Ursus glacilis; Ursus floridanus; Ursus kermodei; Ursus machetes; Ulmus americana,Ursus americanus,Ursus americanus,Yes,41687,Ursus americanus,TRUE,2016,LC,,,,CHORDATA,MAMMALIA,CARNIVORA,URSIDAE,Yes,valid,180544,Ursus americanus,CHORDATA,11,Euarctos randi;Euarctos hunteri;Ursus luteolus;Ursus altifrontalis;Ursus amblyceps;Ursus californiensis;Ursus carlottae;Ursus glacilis;Ursus floridanus;Ursus kermodei;Ursus machetes,MAMMALIA,CARNIVORA,URSIDAE,,Yes,2433407,Ursus americanus,1,Ulmus americana,CHORDATA,ACCEPTED,MAMMALIA,CARNIVORA,URSIDAE
Varanus indicus,62043,Varanus indicus,host,species,Varanus,VARANIDAE,SQUAMATA,REPTILIA,CHORDATA,Varanus indicus,,Varanus indicus,Varanus indicus,Yes,200972722,Varanus indicus,TRUE,2021,LC,8,Tupinambis indicus;Monitor chlorostigma;Monitor doreanus;Monitor indicus;Monitor kalabeck;Varanus chlorostigma;Varanus guttatus;Varanus cerambonensis,ACCEPTED;ACCEPTED;ACCEPTED;ACCEPTED;ACCEPTED;ACCEPTED;ACCEPTED;ACCEPTED;MERGE,CHORDATA,REPTILIA,SQUAMATA,VARANIDAE,Yes,valid,174116,Varanus indicus,CHORDATA,5,Tupinambis indicus;Varanus guttatus;Monitor kalabeck;Monitor chlorostigma;Monitor indicus,REPTILIA,SQUAMATA,VARANIDAE,,Yes,2470752,Varanus indicus,,,CHORDATA,ACCEPTED,SQUAMATA,,VARANIDAE
Varanus mertensi,62044,Varanus mertensi,host,species,Varanus,VARANIDAE,SQUAMATA,REPTILIA,CHORDATA,Varanus mertensi,Varanus mertensi; Varanus bulliwallah,Varanus mertensi,Varanus mertensi,Yes,83778246,Varanus mertensi,TRUE,2018,EN,,,,CHORDATA,REPTILIA,SQUAMATA,VARANIDAE,Yes,valid,716526,Varanus mertensi,CHORDATA,1,Varanus bulliwallah,REPTILIA,SQUAMATA,VARANIDAE,,Yes,2470735,Varanus mertensi,,,CHORDATA,ACCEPTED,SQUAMATA,,VARANIDAE
Varanus varius,8559,Varanus varius,host,species,Varanus,VARANIDAE,SQUAMATA,REPTILIA,CHORDATA,Varanus varius,,Varanus varius,Varanus varius,Yes,83779090,Varanus varius,TRUE,2018,LC,1,Lacerta varia,ACCEPTED,CHORDATA,REPTILIA,SQUAMATA,VARANIDAE,Yes,valid,716548,Varanus varius,CHORDATA,4,Lacerta varia;Tupinambis variegatus;Varanus bellii;Varanus mustelinus,REPTILIA,SQUAMATA,VARANIDAE,,Yes,2470715,Varanus varius,3,Varanus varius;Varanus keithhornei,CHORDATA,ACCEPTED-SYNONYM,SQUAMATA,,VARANIDAE
Vulpes vulpes,9627,Vulpes vulpes,host,species,Vulpes,CANIDAE,CARNIVORA,MAMMALIA,CHORDATA,Vulpes vulpes,,Vulpes vulpes,Vulpes vulpes,Yes,23062,Vulpes vulpes,TRUE,2025; 2021; 2010,LC,1,Canis vulpes,ACCEPTED,CHORDATA,MAMMALIA,CARNIVORA,CANIDAE,Yes,valid,180604,Vulpes vulpes,CHORDATA,2,Canis vulpes;Vulpes fulvus,MAMMALIA,CARNIVORA,CANIDAE,,Yes,5219243,Vulpes vulpes,,,CHORDATA,ACCEPTED,MAMMALIA,CARNIVORA,CANIDAE
Zalophus californianus,9704,Zalophus californianus,host,species,Zalophus,OTARIIDAE,CARNIVORA,MAMMALIA,CHORDATA,Zalophus californianus,,Zalophus californianus,Zalophus californianus,Yes,41666,Zalophus californianus,TRUE,2015,LC,0,,S,CHORDATA,MAMMALIA,CARNIVORA,OTARIIDAE,Yes,valid,180621,Zalophus californianus,CHORDATA,2,Otaria californiana;Otaria gillespii,MAMMALIA,CARNIVORA,OTARIIDAE,,Yes,2433458,Zalophus californianus,,,CHORDATA,ACCEPTED,MAMMALIA,CARNIVORA,OTARIIDAE
