ID,bacteria_name,name_type,match_source,dist,PathogenTaxID,Pathogen,PathogenType,PathogenClass,PathogenOrder,PathogenFamily,PathogenGenus,PathogenNCBIResolved,Host,HostTaxID,HostGenus,HostFamily,HostOrder,HostClass,HostNCBIResolved,DetectionMethod,DetectionMethodOriginal,ICTVRatified,Database,DatabaseVersion,DatabaseDOI,PublicationYear,ReferenceText,PMID,ReleaseYear,AssocID,NCBIAccession,PHEIC risk
B1,Klebsiella pneumoniae,Pathogens,exact,0,573,klebsiella pneumoniae,bacteria/rickettsia,gammaproteobacteria,enterobacterales,enterobacteriaceae,klebsiella,TRUE,amphiprion nigripes,229073,amphiprion,pomacentridae,NA,actinopteri,TRUE,PCR/Sequencing,NCBI Nucleotide,FALSE,EID2,Wardeh et al. 2015 Sci Data,https://doi.org/10.1038/sdata.2015.49,NA,NCBI Nucleotide,NA,2011,93,325071209,High
B1,Klebsiella pneumoniae,Pathogens,exact,0,573,klebsiella pneumoniae,bacteria/rickettsia,gammaproteobacteria,enterobacterales,enterobacteriaceae,klebsiella,TRUE,bison bison,9901,bison,bovidae,artiodactyla,mammalia,TRUE,Isolation/Observation,Isolation,FALSE,Shaw,Shaw et al. 2020 Mol Ecol,https://doi.org/10.1111/mec.15463,1999; NA,"Davidson HJ, 1999, J Am Vet Med Assoc, 215; GMPD",10530331; NA,NA,9759; 9760,NA,High
B1,Klebsiella pneumoniae,Pathogens,exact,0,573,klebsiella pneumoniae,bacteria/rickettsia,gammaproteobacteria,enterobacterales,enterobacteriaceae,klebsiella,TRUE,bos taurus,9913,bos,bovidae,artiodactyla,mammalia,TRUE,PCR/Sequencing,NCBI Nucleotide,FALSE,EID2,Wardeh et al. 2015 Sci Data,https://doi.org/10.1038/sdata.2015.49,NA,NCBI Nucleotide,NA,2008; 2010; 2011,13249; 13250; 13251; 13252; 13253; 13254; 13255; 13256; 13257; 13258; 13259; 13260; 13261,195973190; 195973206; 195973207; 195973208; 195973209; 195973210; 195973211; 195973212; 195973213; 195973214; 195973215; 302826889; 326370567,High
B1,Klebsiella pneumoniae,Pathogens,exact,0,573,klebsiella pneumoniae,bacteria/rickettsia,gammaproteobacteria,enterobacterales,enterobacteriaceae,klebsiella,TRUE,canis lupus,9612,canis,canidae,carnivora,mammalia,TRUE,PCR/Sequencing,NCBI Nucleotide,FALSE,EID2,Wardeh et al. 2015 Sci Data,https://doi.org/10.1038/sdata.2015.49,NA,NCBI Nucleotide,NA,2008,20315; 20316; 20331; 20332,170785713; 170785720,High
B1,Klebsiella pneumoniae,Pathogens,exact,0,573,klebsiella pneumoniae,bacteria/rickettsia,gammaproteobacteria,enterobacterales,enterobacteriaceae,klebsiella,TRUE,civettictis civetta,94186,civettictis,viverridae,carnivora,mammalia,TRUE,Isolation/Observation,Isolation,FALSE,Shaw,Shaw et al. 2020 Mol Ecol,https://doi.org/10.1111/mec.15463,1988,"Enurah LU, 1988, J Wildl Dis, 24",3045348,NA,24362,NA,High
B1,Klebsiella pneumoniae,Pathogens,exact,0,573,klebsiella pneumoniae,bacteria/rickettsia,gammaproteobacteria,enterobacterales,enterobacteriaceae,klebsiella,TRUE,equus caballus,9796,equus,equidae,perissodactyla,mammalia,TRUE,PCR/Sequencing,NCBI Nucleotide,FALSE,EID2,Wardeh et al. 2015 Sci Data,https://doi.org/10.1038/sdata.2015.49,NA,NCBI Nucleotide,NA,2005; 2008,25843; 25844; 25845,57337367; 57337369; 195973191,High
B1,Klebsiella pneumoniae,Pathogens,exact,0,573,klebsiella pneumoniae,bacteria/rickettsia,gammaproteobacteria,enterobacterales,enterobacteriaceae,klebsiella,TRUE,eulemur macaco,30602,eulemur,lemuridae,primates,mammalia,TRUE,Isolation/Observation,Fecal; Isolation,FALSE,GMPD2; Shaw,Stephens et al. 2017 Ecology; Shaw et al. 2020 Mol Ecol,https://doi.org/10.1002/ecy.1799; https://doi.org/10.1111/mec.15463,2007; 1989; NA,"Junge and Louis 2007; Richard C, 1989, Bull Soc Pathol Exot Filiales, 82; GMPD",NA; 2680130,NA,27063; 27064; 27065,NA,High
B1,Klebsiella pneumoniae,Pathogens,exact,0,573,klebsiella pneumoniae,bacteria/rickettsia,gammaproteobacteria,enterobacterales,enterobacteriaceae,klebsiella,TRUE,eulemur rufus,859983,eulemur,lemuridae,primates,mammalia,TRUE,Isolation/Observation,Fecal,FALSE,GMPD2,Stephens et al. 2017 Ecology,https://doi.org/10.1002/ecy.1799,2005,Junge and Louis 2005b,NA,NA,27069,NA,High
B1,Klebsiella pneumoniae,Pathogens,exact,0,573,klebsiella pneumoniae,bacteria/rickettsia,gammaproteobacteria,enterobacterales,enterobacteriaceae,klebsiella,TRUE,gallus gallus,9031,gallus,phasianidae,galliformes,aves,TRUE,PCR/Sequencing,NCBI Nucleotide,FALSE,EID2,Wardeh et al. 2015 Sci Data,https://doi.org/10.1038/sdata.2015.49,NA,NCBI Nucleotide,NA,2009; 2011,6065; 6066; 6067; 6068; 6069,281333457; 281333459; 281333461; 281333463; 325301871,High
B1,Klebsiella pneumoniae,Pathogens,exact,0,573,klebsiella pneumoniae,bacteria/rickettsia,gammaproteobacteria,enterobacterales,enterobacteriaceae,klebsiella,TRUE,gorilla beringei,499232,gorilla,hominidae,primates,mammalia,TRUE,Isolation/Observation,Tissue,FALSE,GMPD2,Stephens et al. 2017 Ecology,https://doi.org/10.1002/ecy.1799,2011,Palacios et al. 2011,NA,NA,29093,NA,High
B1,Klebsiella pneumoniae,Pathogens,exact,0,573,klebsiella pneumoniae,bacteria/rickettsia,gammaproteobacteria,enterobacterales,enterobacteriaceae,klebsiella,TRUE,homo sapiens,9606,homo,hominidae,primates,mammalia,TRUE,PCR/Sequencing; Isolation/Observation,NCBI Nucleotide; Isolation,FALSE,EID2; Shaw,Wardeh et al. 2015 Sci Data; Shaw et al. 2020 Mol Ecol,https://doi.org/10.1038/sdata.2015.49; https://doi.org/10.1111/mec.15463,NA; 1997,"NCBI Nucleotide; Prince SE, 1997, Heart Lung, 26",NA; 9315470,2002; 2007; 2005; 2008; 2009; NA,44190; 44191; 44192; 44193; 44194; 44195; 44196; 44197; 44198; 44199; 44200; 44201; 44202; 44203; 44204; 44205; 44206; 44207; 44208; 44209; 44210; 44211; 44212; 44213; 44214; 44215; 44216; 44217; 44218; 44219; 44220; 44221; 44222; 44223; 44224; 44225; 44226; 44227; 44228; 44229; 44230; 44231; 44232; 44233; 44234; 44235; 44236; 44237; 44238; 44239; 44240; 44241; 44242; 44243; 44244; 44245; 44246; 44247; 44248; 44249; 44250; 44251; 44252; 44253; 44254; 44255; 44256; 44257; 44258; 44259; 44260; 44261; 44262; 44263; 44264; 44265; 44266; 44267; 44268; 44269; 44270; 44271; 44272; 44273; 44274; 44275; 44276; 44277; 44278; 44279; 44280; 44281; 44282; 44283; 44284; 44285; 44286; 44287; 44288; 44289; 44290,24459259; 24459262; 124053924; 124053926; 124053928; 124053932; 124053934; 124053936; 124053938; 124053940; 124053942; 124053944; 124053946; 124053948; 124053950; 162286829; 193783420; 195973192; 195973193; 195973194; 195973195; 195973196; 195973197; 195973198; 195973199; 195973200; 195973201; 195973202; 195973203; 195973204; 195973205; 197209637; 197209644; 197724605; 197724675; 197724677; 197724688; 197724690; 197724692; 197724694; 197724696; 197724698; 197724700; 197724702; 197724704; 197724706; 197724708; 197724710; 214010316; 215254417; 219055505; 219055507; 219055509; 219055511; 219055513; 219055515; 219055517; 219055519; 219055521; 219055523; 219055525; 219055527; 219055529; 219055531; 219055533; 219055535; 219055537; 219055539; 219055541; 219055543; 219055545; 219055547; 219055549; 219055551; 219055553; 219055555; 219055557; 219055559; 219055561; 219055563; 219055565; 219055567; 219055569; 219055571; 219055573; 219055575; 219055577; 219055579; 219055581; 219055583; 219055585; 219055587; 219055589; 219055591; 219055593; 219055595; 219055597; 219055599; 219055601; 219055603; NA,High
B1,Klebsiella pneumoniae,Pathogens,exact,0,573,klebsiella pneumoniae,bacteria/rickettsia,gammaproteobacteria,enterobacterales,enterobacteriaceae,klebsiella,TRUE,mirounga angustirostris,9716,mirounga,phocidae,carnivora,mammalia,TRUE,Isolation/Observation,DirectOther,FALSE,GMPD2,Stephens et al. 2017 Ecology,https://doi.org/10.1002/ecy.1799,1998,Thornton et al. 1998,NA,NA,65297,NA,High
B1,Klebsiella pneumoniae,Pathogens,exact,0,573,klebsiella pneumoniae,bacteria/rickettsia,gammaproteobacteria,enterobacterales,enterobacteriaceae,klebsiella,TRUE,oreochromis niloticus,8128,oreochromis,cichlidae,cichliformes,actinopteri,TRUE,PCR/Sequencing,NCBI Nucleotide,FALSE,EID2,Wardeh et al. 2015 Sci Data,https://doi.org/10.1038/sdata.2015.49,NA,NCBI Nucleotide,NA,2011,2141,317409210,High
B1,Klebsiella pneumoniae,Pathogens,exact,0,573,klebsiella pneumoniae,bacteria/rickettsia,gammaproteobacteria,enterobacterales,enterobacteriaceae,klebsiella,TRUE,papio ursinus,36229,papio,cercopithecidae,primates,mammalia,TRUE,Isolation/Observation,Tissue,FALSE,GMPD2,Stephens et al. 2017 Ecology,https://doi.org/10.1002/ecy.1799,1972,Pinkerton 1972,NA,NA,72142,NA,High
B1,Klebsiella pneumoniae,Pathogens,exact,0,573,klebsiella pneumoniae,bacteria/rickettsia,gammaproteobacteria,enterobacterales,enterobacteriaceae,klebsiella,TRUE,phoca vitulina,9720,phoca,phocidae,carnivora,mammalia,TRUE,Isolation/Observation,DirectOther,FALSE,GMPD2,Stephens et al. 2017 Ecology,https://doi.org/10.1002/ecy.1799,2007; 1998,Siebert et al. 2007; Thornton et al. 1998,NA,NA,72683; 72684,NA,High
B1,Klebsiella pneumoniae,Pathogens,exact,0,573,klebsiella pneumoniae,bacteria/rickettsia,gammaproteobacteria,enterobacterales,enterobacteriaceae,klebsiella,TRUE,phocarctos hookeri,34888,phocarctos,otariidae,carnivora,mammalia,TRUE,Isolation/Observation,DirectOther,FALSE,GMPD2,Stephens et al. 2017 Ecology,https://doi.org/10.1002/ecy.1799,2007,Castinel et al. 2007c,NA,NA,72761,NA,High
B1,Klebsiella pneumoniae,Pathogens,exact,0,573,klebsiella pneumoniae,bacteria/rickettsia,gammaproteobacteria,enterobacterales,enterobacteriaceae,klebsiella,TRUE,pteroglossus viridis,285011,pteroglossus,ramphastidae,piciformes,aves,TRUE,Isolation/Observation,Isolation,FALSE,Shaw,Shaw et al. 2020 Mol Ecol,https://doi.org/10.1111/mec.15463,1994,"Wilson RB, 1994, Avian Dis, 38",7832728,NA,8411,NA,High
B1,Klebsiella pneumoniae,Pathogens,exact,0,573,klebsiella pneumoniae,bacteria/rickettsia,gammaproteobacteria,enterobacterales,enterobacteriaceae,klebsiella,TRUE,saimiri sciureus,9521,saimiri,cebidae,primates,mammalia,TRUE,Isolation/Observation,Isolation,FALSE,Shaw,Shaw et al. 2020 Mol Ecol,https://doi.org/10.1111/mec.15463,1989; NA,"Richard C, 1989, Bull Soc Pathol Exot Filiales, 82; http://ibimapublishing.com/articles/IJVMR/2013/264913/264913.pdf",2680130; NA,NA,74246; 74247,NA,High
B1,Klebsiella pneumoniae,Pathogens,exact,0,573,klebsiella pneumoniae,bacteria/rickettsia,gammaproteobacteria,enterobacterales,enterobacteriaceae,klebsiella,TRUE,sus scrofa,9823,sus,suidae,artiodactyla,mammalia,TRUE,PCR/Sequencing,NCBI Nucleotide,FALSE,EID2,Wardeh et al. 2015 Sci Data,https://doi.org/10.1038/sdata.2015.49,NA,NCBI Nucleotide,NA,2009,78887; 78888,224814395; 224814397,High
B1,Klebsiella pneumoniae,Pathogens,exact,0,573,klebsiella pneumoniae,bacteria/rickettsia,gammaproteobacteria,enterobacterales,enterobacteriaceae,klebsiella,TRUE,ursus americanus,9643,ursus,ursidae,carnivora,mammalia,TRUE,Isolation/Observation,Isolation,FALSE,Shaw,Shaw et al. 2020 Mol Ecol,https://doi.org/10.1111/mec.15463,NA,http://www.jstor.org/stable/20095552,NA,NA,82933,NA,High
B1,Klebsiella pneumoniae,Pathogens,exact,0,573,klebsiella pneumoniae,bacteria/rickettsia,gammaproteobacteria,enterobacterales,enterobacteriaceae,klebsiella,TRUE,zalophus californianus,9704,zalophus,otariidae,carnivora,mammalia,TRUE,PCR/Sequencing; Isolation/Observation,PCR; DirectOther,FALSE,GMPD2,Stephens et al. 2017 Ecology,https://doi.org/10.1002/ecy.1799,2010; 2006; 2007; 1998,Jang et al. 2010; Johnson et al. 2006; Spraker et al. 2007; Thornton et al. 1998,NA,NA,83226; 83227; 83228; 83229; 83230; 83231,NA,High
B2,Salmonella enterica non typhoidal serovars,Pathogens,manual,0.5,28901,salmonella enterica,bacteria/rickettsia,gammaproteobacteria,enterobacterales,enterobacteriaceae,salmonella,TRUE,acanthis flammea,54769,acanthis,fringillidae,passeriformes,aves,TRUE,Isolation/Observation,Isolation,FALSE,Shaw,Shaw et al. 2020 Mol Ecol,https://doi.org/10.1111/mec.15463,2003,"Refsum T, 2003, J Wildl Dis, 39",12685069,NA,3438,NA,High
B2,Salmonella enterica non typhoidal serovars,Pathogens,manual,0.5,28901,salmonella enterica,bacteria/rickettsia,gammaproteobacteria,enterobacterales,enterobacteriaceae,salmonella,TRUE,acanthophis antarcticus,8605,acanthophis,elapidae,squamata,lepidosauria,TRUE,Isolation/Observation,Isolation,FALSE,Shaw,Shaw et al. 2020 Mol Ecol,https://doi.org/10.1111/mec.15463,2011,"Scheelings TF, 2011, J Wildl Dis, 47",21269991,NA,8799,NA,High
B2,Salmonella enterica non typhoidal serovars,Pathogens,manual,0.5,28901,salmonella enterica,bacteria/rickettsia,gammaproteobacteria,enterobacterales,enterobacteriaceae,salmonella,TRUE,alouatta pigra,182253,alouatta,atelidae,primates,mammalia,TRUE,Isolation/Observation,Fecal,FALSE,GMPD2,Stephens et al. 2017 Ecology,https://doi.org/10.1002/ecy.1799,1969,Kourany and Porter 1969,NA,NA,9061; 9062; 9063; 9064,NA,High
B2,Salmonella enterica non typhoidal serovars,Pathogens,manual,0.5,28901,salmonella enterica,bacteria/rickettsia,gammaproteobacteria,enterobacterales,enterobacteriaceae,salmonella,TRUE,amazona aestiva,12930,amazona,psittacidae,psittaciformes,aves,TRUE,Isolation/Observation,Isolation,FALSE,Shaw,Shaw et al. 2020 Mol Ecol,https://doi.org/10.1111/mec.15463,2010,"Marietto-Gonçalves GA, 2010, Avian Dis, 54",20408416,NA,3487,NA,High
B2,Salmonella enterica non typhoidal serovars,Pathogens,manual,0.5,28901,salmonella enterica,bacteria/rickettsia,gammaproteobacteria,enterobacterales,enterobacteriaceae,salmonella,TRUE,amphibolurus muricatus,116113,amphibolurus,agamidae,squamata,lepidosauria,TRUE,Isolation/Observation,Isolation,FALSE,Shaw,Shaw et al. 2020 Mol Ecol,https://doi.org/10.1111/mec.15463,2011,"Scheelings TF, 2011, J Wildl Dis, 47",21269991,NA,8801,NA,High
B2,Salmonella enterica non typhoidal serovars,Pathogens,manual,0.5,28901,salmonella enterica,bacteria/rickettsia,gammaproteobacteria,enterobacterales,enterobacteriaceae,salmonella,TRUE,anser anser,8843,anser,anatidae,anseriformes,aves,TRUE,Isolation/Observation,Isolation,FALSE,Shaw,Shaw et al. 2020 Mol Ecol,https://doi.org/10.1111/mec.15463,1995; 1999,"Hubálek Z, 1995, Cent Eur J Public Health, 3; Sato Y, 1999, Avian Dis, 43",7787820; 10494436,NA,3925; 3926,NA,High
B2,Salmonella enterica non typhoidal serovars,Pathogens,manual,0.5,28901,salmonella enterica,bacteria/rickettsia,gammaproteobacteria,enterobacterales,enterobacteriaceae,salmonella,TRUE,antaresia childreni,51888,antaresia,pythonidae,squamata,lepidosauria,TRUE,Isolation/Observation,Isolation,FALSE,Shaw,Shaw et al. 2020 Mol Ecol,https://doi.org/10.1111/mec.15463,2011,"Scheelings TF, 2011, J Wildl Dis, 47",21269991,NA,8802,NA,High
B2,Salmonella enterica non typhoidal serovars,Pathogens,manual,0.5,28901,salmonella enterica,bacteria/rickettsia,gammaproteobacteria,enterobacterales,enterobacteriaceae,salmonella,TRUE,antaresia maculosa,51891,antaresia,pythonidae,squamata,lepidosauria,TRUE,Isolation/Observation,Isolation,FALSE,Shaw,Shaw et al. 2020 Mol Ecol,https://doi.org/10.1111/mec.15463,2011,"Scheelings TF, 2011, J Wildl Dis, 47",21269991,NA,8803,NA,High
B2,Salmonella enterica non typhoidal serovars,Pathogens,manual,0.5,28901,salmonella enterica,bacteria/rickettsia,gammaproteobacteria,enterobacterales,enterobacteriaceae,salmonella,TRUE,aotus trivirgatus,9505,aotus,aotidae,primates,mammalia,TRUE,Isolation/Observation,Fecal,FALSE,GMPD2,Stephens et al. 2017 Ecology,https://doi.org/10.1002/ecy.1799,1969,Kourany and Porter 1969,NA,NA,9105; 9106; 9107,NA,High
B2,Salmonella enterica non typhoidal serovars,Pathogens,manual,0.5,28901,salmonella enterica,bacteria/rickettsia,gammaproteobacteria,enterobacterales,enterobacteriaceae,salmonella,TRUE,arapaima gigas,113544,arapaima,osteoglossidae,osteoglossiformes,actinopteri,TRUE,Isolation/Observation,Isolation,FALSE,Shaw,Shaw et al. 2020 Mol Ecol,https://doi.org/10.1111/mec.15463,NA,DOI: 10.1111/j.1365-2761.1987.tb01103.x,NA,NA,172,NA,High
B2,Salmonella enterica non typhoidal serovars,Pathogens,manual,0.5,28901,salmonella enterica,bacteria/rickettsia,gammaproteobacteria,enterobacterales,enterobacteriaceae,salmonella,TRUE,ardea intermedia,585464,ardea,ardeidae,pelecaniformes,aves,TRUE,Isolation/Observation,Isolation,FALSE,Shaw,Shaw et al. 2020 Mol Ecol,https://doi.org/10.1111/mec.15463,2015,"Kang MS, 2015, J Wildl Dis, 51",25647592,NA,3970,NA,High
B2,Salmonella enterica non typhoidal serovars,Pathogens,manual,0.5,28901,salmonella enterica,bacteria/rickettsia,gammaproteobacteria,enterobacterales,enterobacteriaceae,salmonella,TRUE,austrelaps superbus,29156,austrelaps,elapidae,squamata,lepidosauria,TRUE,Isolation/Observation,Isolation,FALSE,Shaw,Shaw et al. 2020 Mol Ecol,https://doi.org/10.1111/mec.15463,2011,"Scheelings TF, 2011, J Wildl Dis, 47",21269991,NA,8805,NA,High
B2,Salmonella enterica non typhoidal serovars,Pathogens,manual,0.5,28901,salmonella enterica,bacteria/rickettsia,gammaproteobacteria,enterobacterales,enterobacteriaceae,salmonella,TRUE,bellatorias frerei,96718,bellatorias,scincidae,squamata,lepidosauria,TRUE,Isolation/Observation,Isolation,FALSE,Shaw,Shaw et al. 2020 Mol Ecol,https://doi.org/10.1111/mec.15463,2011,"Scheelings TF, 2011, J Wildl Dis, 47",21269991,NA,8806,NA,High
B2,Salmonella enterica non typhoidal serovars,Pathogens,manual,0.5,28901,salmonella enterica,bacteria/rickettsia,gammaproteobacteria,enterobacterales,enterobacteriaceae,salmonella,TRUE,bitis nasicornis,8695,bitis,viperidae,squamata,lepidosauria,TRUE,Isolation/Observation,Isolation,FALSE,Shaw,Shaw et al. 2020 Mol Ecol,https://doi.org/10.1111/mec.15463,2004,"Schröter M, 2004, Appl Environ Microbiol, 70",14711697,NA,8813,NA,High
B2,Salmonella enterica non typhoidal serovars,Pathogens,manual,0.5,28901,salmonella enterica,bacteria/rickettsia,gammaproteobacteria,enterobacterales,enterobacteriaceae,salmonella,TRUE,boa constrictor,8574,boa,boidae,squamata,lepidosauria,TRUE,Isolation/Observation,Isolation,FALSE,Shaw,Shaw et al. 2020 Mol Ecol,https://doi.org/10.1111/mec.15463,2002,"Geue L, 2002, Vet Microbiol, 84",11731161,NA,8816; 8817; 8818,NA,High
B2,Salmonella enterica non typhoidal serovars,Pathogens,manual,0.5,28901,salmonella enterica,bacteria/rickettsia,gammaproteobacteria,enterobacterales,enterobacteriaceae,salmonella,TRUE,boaedon olivaceus,292868,boaedon,lamprophiidae,squamata,lepidosauria,TRUE,Isolation/Observation,Isolation,FALSE,Shaw,Shaw et al. 2020 Mol Ecol,https://doi.org/10.1111/mec.15463,2002,"Geue L, 2002, Vet Microbiol, 84",11731161,NA,8819,NA,High
B2,Salmonella enterica non typhoidal serovars,Pathogens,manual,0.5,28901,salmonella enterica,bacteria/rickettsia,gammaproteobacteria,enterobacterales,enterobacteriaceae,salmonella,TRUE,boiga irregularis,92519,boiga,colubridae,squamata,lepidosauria,TRUE,Isolation/Observation,Isolation,FALSE,Shaw,Shaw et al. 2020 Mol Ecol,https://doi.org/10.1111/mec.15463,2011,"Scheelings TF, 2011, J Wildl Dis, 47",21269991,NA,8820,NA,High
B2,Salmonella enterica non typhoidal serovars,Pathogens,manual,0.5,28901,salmonella enterica,bacteria/rickettsia,gammaproteobacteria,enterobacterales,enterobacteriaceae,salmonella,TRUE,bos taurus,9913,bos,bovidae,artiodactyla,mammalia,TRUE,PCR/Sequencing; Isolation/Observation,NCBI Nucleotide; Isolation,FALSE,EID2; Shaw,Wardeh et al. 2015 Sci Data; Shaw et al. 2020 Mol Ecol,https://doi.org/10.1038/sdata.2015.49; https://doi.org/10.1111/mec.15463,NA; 1996,"NCBI Nucleotide; Liebisch B, 1996, J Med Microbiol, 44",NA; 8544212,2008; 2013; NA,15647; 15648; 15649; 15650; 15651; 15652; 15653; 15654; 15655; 15656; 15657; 15658; 15659; 15660; 15661; 15662; 15663; 15664; 15665; 15666; 15667; 15668; 15669; 15670; 15671; 15672; 15673; 15674; 15675; 15676; 15677; 15678; 15679; 15680; 15681; 15682; 15683; 15684; 15685; 15686; 15687; 15688; 15689; 15690; 15691; 15692; 15693; 15694; 15695; 15696; 15697; 15698; 15699; 15700; 15701; 15702; 15703; 15704; 15705; 15706; 15707; 15708; 15709; 15710; 15711; 15712; 15713; 15714; 15715; 15716; 15717; 15718; 15719; 15720; 15721; 15722; 15723; 15724; 15725; 15726; 15727; 15728; 15729; 15730; 15731; 15732; 15733; 15734; 15735; 15736; 15737; 15738; 15739; 15740; 15741; 15742; 15743; 15744; 15745; 15746; 15747,197321193; 565628909; 565628907; 565628905; 565628904; 565628902; 565628898; 565628897; 565628895; 565628893; 565628891; 565628889; 565628888; 565628887; 565628884; 565628882; 565628879; 565628878; 565628876; 565628875; 565628872; 565628871; 565628868; 565628867; 565628866; 565628865; 565628864; 565628861; 565628860; 565628857; 565628856; 565628855; 565628854; 565628853; 565628852; 565628850; 565628849; 565628846; 565628845; 565628844; 565628842; 565628841; 565628838; 565628837; 565628836; 565628835; 565628834; 565628833; 565628832; 565628830; 565628829; 565629229; 565629227; 565629226; 565629225; 565629224; 565629222; 565629220; 565629219; 565629216; 565629214; 565629213; 565629212; 565629211; 565629208; 565629207; 565629203; 565629202; 565629200; 565629199; 565629197; 565629196; 565629195; 565629194; 565629192; 565629191; 565629190; 565629188; 565629187; 565629186; 565629185; 565629184; 565629183; 565629182; 565629180; 565629179; 565629177; 565629176; 565629175; 565629172; 565629171; 565629168; 565629167; 565629165; 565629163; 565629162; 565629161; 565629159; 565629158; 565629157; NA,High
B2,Salmonella enterica non typhoidal serovars,Pathogens,manual,0.5,28901,salmonella enterica,bacteria/rickettsia,gammaproteobacteria,enterobacterales,enterobacteriaceae,salmonella,TRUE,bothriechis schlegelii,44725,bothriechis,viperidae,squamata,lepidosauria,TRUE,Isolation/Observation,Isolation,FALSE,Shaw,Shaw et al. 2020 Mol Ecol,https://doi.org/10.1111/mec.15463,2004,"Schröter M, 2004, Appl Environ Microbiol, 70",14711697,NA,8821,NA,High
B2,Salmonella enterica non typhoidal serovars,Pathogens,manual,0.5,28901,salmonella enterica,bacteria/rickettsia,gammaproteobacteria,enterobacterales,enterobacteriaceae,salmonella,TRUE,cacatua galerita,141274,cacatua,cacatuidae,psittaciformes,aves,TRUE,Isolation/Observation,Isolation,FALSE,Shaw,Shaw et al. 2020 Mol Ecol,https://doi.org/10.1111/mec.15463,1998,"Orós J, 1998, Avian Dis, 42",9876856,NA,4095,NA,High
B2,Salmonella enterica non typhoidal serovars,Pathogens,manual,0.5,28901,salmonella enterica,bacteria/rickettsia,gammaproteobacteria,enterobacterales,enterobacteriaceae,salmonella,TRUE,callorhinus ursinus,34884,callorhinus,otariidae,carnivora,mammalia,TRUE,Isolation/Observation,Isolation,FALSE,Shaw,Shaw et al. 2020 Mol Ecol,https://doi.org/10.1111/mec.15463,NA,http://www.bioone.org/doi/pdf/10.7589/0090-3558-16.1.15,NA,NA,17194,NA,High
B2,Salmonella enterica non typhoidal serovars,Pathogens,manual,0.5,28901,salmonella enterica,bacteria/rickettsia,gammaproteobacteria,enterobacterales,enterobacteriaceae,salmonella,TRUE,canis lupus,9612,canis,canidae,carnivora,mammalia,TRUE,PCR/Sequencing,NCBI Nucleotide,FALSE,EID2,Wardeh et al. 2015 Sci Data,https://doi.org/10.1038/sdata.2015.49,NA,NCBI Nucleotide,NA,2008,21303; 21309,197321192,High
B2,Salmonella enterica non typhoidal serovars,Pathogens,manual,0.5,28901,salmonella enterica,bacteria/rickettsia,gammaproteobacteria,enterobacterales,enterobacteriaceae,salmonella,TRUE,cavia porcellus,10141,cavia,caviidae,rodentia,mammalia,TRUE,Isolation/Observation,Isolation,FALSE,Shaw,Shaw et al. 2020 Mol Ecol,https://doi.org/10.1111/mec.15463,1999,"Sato Y, 1999, Avian Dis, 43",10494436,NA,23821,NA,High
B2,Salmonella enterica non typhoidal serovars,Pathogens,manual,0.5,28901,salmonella enterica,bacteria/rickettsia,gammaproteobacteria,enterobacterales,enterobacteriaceae,salmonella,TRUE,chamaeleo calyptratus,179908,chamaeleo,chamaeleonidae,squamata,lepidosauria,TRUE,Isolation/Observation,Isolation,FALSE,Shaw,Shaw et al. 2020 Mol Ecol,https://doi.org/10.1111/mec.15463,2002,"Geue L, 2002, Vet Microbiol, 84",11731161,NA,8824,NA,High
B2,Salmonella enterica non typhoidal serovars,Pathogens,manual,0.5,28901,salmonella enterica,bacteria/rickettsia,gammaproteobacteria,enterobacterales,enterobacteriaceae,salmonella,TRUE,chelodina oblonga,44492,chelodina,chelidae,testudines,NA,TRUE,Isolation/Observation,Isolation,FALSE,Shaw,Shaw et al. 2020 Mol Ecol,https://doi.org/10.1111/mec.15463,1969,"Iveson JB, 1969, J Hyg (Lond), 67",5278154,NA,83537,NA,High
B2,Salmonella enterica non typhoidal serovars,Pathogens,manual,0.5,28901,salmonella enterica,bacteria/rickettsia,gammaproteobacteria,enterobacterales,enterobacteriaceae,salmonella,TRUE,chlamydosaurus kingii,103699,chlamydosaurus,agamidae,squamata,lepidosauria,TRUE,Isolation/Observation,Isolation,FALSE,Shaw,Shaw et al. 2020 Mol Ecol,https://doi.org/10.1111/mec.15463,2011,"Scheelings TF, 2011, J Wildl Dis, 47",21269991,NA,8829,NA,High
B2,Salmonella enterica non typhoidal serovars,Pathogens,manual,0.5,28901,salmonella enterica,bacteria/rickettsia,gammaproteobacteria,enterobacterales,enterobacteriaceae,salmonella,TRUE,chloris chloris,37601,chloris,fringillidae,passeriformes,aves,TRUE,Isolation/Observation,Isolation,FALSE,Shaw,Shaw et al. 2020 Mol Ecol,https://doi.org/10.1111/mec.15463,2003,"Refsum T, 2003, J Wildl Dis, 39",12685069,NA,4155,NA,High
B2,Salmonella enterica non typhoidal serovars,Pathogens,manual,0.5,28901,salmonella enterica,bacteria/rickettsia,gammaproteobacteria,enterobacterales,enterobacteriaceae,salmonella,TRUE,corvus brachyrhynchos,85066,corvus,corvidae,passeriformes,aves,TRUE,Isolation/Observation,Isolation,FALSE,Shaw,Shaw et al. 2020 Mol Ecol,https://doi.org/10.1111/mec.15463,NA,http://www.bioone.org/doi/pdf/10.7589/0090-3558-14.4.483,NA,NA,4303,NA,High
B2,Salmonella enterica non typhoidal serovars,Pathogens,manual,0.5,28901,salmonella enterica,bacteria/rickettsia,gammaproteobacteria,enterobacterales,enterobacteriaceae,salmonella,TRUE,crotalus willardi,125876,crotalus,viperidae,squamata,lepidosauria,TRUE,Isolation/Observation,Isolation,FALSE,Shaw,Shaw et al. 2020 Mol Ecol,https://doi.org/10.1111/mec.15463,2002,"Ramsay EC, 2002, J Zoo Wildl Med, 33",12564525,NA,8831,NA,High
B2,Salmonella enterica non typhoidal serovars,Pathogens,manual,0.5,28901,salmonella enterica,bacteria/rickettsia,gammaproteobacteria,enterobacterales,enterobacteriaceae,salmonella,TRUE,cyclura cornuta,57098,cyclura,iguanidae,squamata,lepidosauria,TRUE,Isolation/Observation,Isolation,FALSE,Shaw,Shaw et al. 2020 Mol Ecol,https://doi.org/10.1111/mec.15463,2002,"Geue L, 2002, Vet Microbiol, 84",11731161,NA,8834,NA,High
B2,Salmonella enterica non typhoidal serovars,Pathogens,manual,0.5,28901,salmonella enterica,bacteria/rickettsia,gammaproteobacteria,enterobacterales,enterobacteriaceae,salmonella,TRUE,cyclura cychlura,118679,cyclura,iguanidae,squamata,lepidosauria,TRUE,Isolation/Observation,Isolation,FALSE,Shaw,Shaw et al. 2020 Mol Ecol,https://doi.org/10.1111/mec.15463,2002,"Geue L, 2002, Vet Microbiol, 84",11731161,NA,8835,NA,High
B2,Salmonella enterica non typhoidal serovars,Pathogens,manual,0.5,28901,salmonella enterica,bacteria/rickettsia,gammaproteobacteria,enterobacterales,enterobacteriaceae,salmonella,TRUE,cynoscion nebulosus,13029,cynoscion,sciaenidae,NA,actinopteri,TRUE,PCR/Sequencing,NCBI Nucleotide,FALSE,EID2,Wardeh et al. 2015 Sci Data,https://doi.org/10.1038/sdata.2015.49,NA,NCBI Nucleotide,NA,2011,518; 519; 520; 521; 522; 523; 524; 525; 526; 527; 528; 529; 530; 531; 532; 533; 534; 535; 536; 537; 538; 539; 540; 541; 542; 543; 544; 545; 546; 547; 548; 549; 550; 551; 552; 553; 554; 555; 556; 557,340761050; 340761108; 340761208; 340761292; 340761368; 340761428; 340761470; 340761568; 340761596; 340761678; 340761732; 340761840; 340761896; 340761960; 340762012; 340762094; 340762160; 340762264; 340762330; 340762360; 340762470; 340762548; 340762602; 340762658; 340762732; 340762764; 340762864; 340762964; 340762992; 340763092; 340763172; 340763192; 340763262; 340763382; 340763452; 340763508; 340763586; 340763626; 340763674; 340763762,High
B2,Salmonella enterica non typhoidal serovars,Pathogens,manual,0.5,28901,salmonella enterica,bacteria/rickettsia,gammaproteobacteria,enterobacterales,enterobacteriaceae,salmonella,TRUE,dendrelaphis punctulatus,1458430,dendrelaphis,colubridae,squamata,lepidosauria,TRUE,Isolation/Observation,Isolation,FALSE,Shaw,Shaw et al. 2020 Mol Ecol,https://doi.org/10.1111/mec.15463,2011,"Scheelings TF, 2011, J Wildl Dis, 47",21269991,NA,8836,NA,High
B2,Salmonella enterica non typhoidal serovars,Pathogens,manual,0.5,28901,salmonella enterica,bacteria/rickettsia,gammaproteobacteria,enterobacterales,enterobacteriaceae,salmonella,TRUE,eos cyanogenia,176064,eos,psittaculidae,psittaciformes,aves,TRUE,Isolation/Observation,Isolation,FALSE,Shaw,Shaw et al. 2020 Mol Ecol,https://doi.org/10.1111/mec.15463,NA,http://www.jstor.org/stable/20094976,NA,NA,4402,NA,High
B2,Salmonella enterica non typhoidal serovars,Pathogens,manual,0.5,28901,salmonella enterica,bacteria/rickettsia,gammaproteobacteria,enterobacterales,enterobacteriaceae,salmonella,TRUE,equus caballus,9796,equus,equidae,perissodactyla,mammalia,TRUE,PCR/Sequencing; Isolation/Observation,NCBI Nucleotide; Isolation,FALSE,EID2; Shaw,Wardeh et al. 2015 Sci Data; Shaw et al. 2020 Mol Ecol,https://doi.org/10.1038/sdata.2015.49; https://doi.org/10.1111/mec.15463,NA; 1994; 2002,"NCBI Nucleotide; van Duijkeren E, 1994, Vet Rec, 135; van Duijkeren E, 2002, Vet Microbiol, 86",NA; 7810046; 11900955,2006; NA,26525; 26526; 26527; 26528; 26529,88604684; 88604686; NA,High
B2,Salmonella enterica non typhoidal serovars,Pathogens,manual,0.5,28901,salmonella enterica,bacteria/rickettsia,gammaproteobacteria,enterobacterales,enterobacteriaceae,salmonella,TRUE,erinaceus europaeus,9365,erinaceus,erinaceidae,eulipotyphla,mammalia,TRUE,Isolation/Observation,Isolation,FALSE,Shaw,Shaw et al. 2020 Mol Ecol,https://doi.org/10.1111/mec.15463,2002,"Handeland K, 2002, Epidemiol Infect, 128",12113498,NA,27040,NA,High
B2,Salmonella enterica non typhoidal serovars,Pathogens,manual,0.5,28901,salmonella enterica,bacteria/rickettsia,gammaproteobacteria,enterobacterales,enterobacteriaceae,salmonella,TRUE,eublepharis macularius,481883,eublepharis,eublepharidae,squamata,lepidosauria,TRUE,Isolation/Observation,Isolation,FALSE,Shaw,Shaw et al. 2020 Mol Ecol,https://doi.org/10.1111/mec.15463,2009,"Pedersen K, 2009, Zoonoses Public Health, 56",19175571,NA,8839,NA,High
B2,Salmonella enterica non typhoidal serovars,Pathogens,manual,0.5,28901,salmonella enterica,bacteria/rickettsia,gammaproteobacteria,enterobacterales,enterobacteriaceae,salmonella,TRUE,eulamprus heatwolei,204898,eulamprus,scincidae,squamata,lepidosauria,TRUE,Isolation/Observation,Isolation,FALSE,Shaw,Shaw et al. 2020 Mol Ecol,https://doi.org/10.1111/mec.15463,2011,"Scheelings TF, 2011, J Wildl Dis, 47",21269991,NA,8840,NA,High
B2,Salmonella enterica non typhoidal serovars,Pathogens,manual,0.5,28901,salmonella enterica,bacteria/rickettsia,gammaproteobacteria,enterobacterales,enterobacteriaceae,salmonella,TRUE,euprepiophis mandarinus,74365,euprepiophis,colubridae,squamata,lepidosauria,TRUE,Isolation/Observation,Isolation,FALSE,Shaw,Shaw et al. 2020 Mol Ecol,https://doi.org/10.1111/mec.15463,2002,"Geue L, 2002, Vet Microbiol, 84",11731161,NA,8844,NA,High
B2,Salmonella enterica non typhoidal serovars,Pathogens,manual,0.5,28901,salmonella enterica,bacteria/rickettsia,gammaproteobacteria,enterobacterales,enterobacteriaceae,salmonella,TRUE,falco tinnunculus,100819,falco,falconidae,falconiformes,aves,TRUE,Isolation/Observation,Isolation,FALSE,Shaw,Shaw et al. 2020 Mol Ecol,https://doi.org/10.1111/mec.15463,2004,"Millán J, 2004, Rev Sci Tech, 23",15861885,NA,4439,NA,High
B2,Salmonella enterica non typhoidal serovars,Pathogens,manual,0.5,28901,salmonella enterica,bacteria/rickettsia,gammaproteobacteria,enterobacterales,enterobacteriaceae,salmonella,TRUE,felis catus,9685,felis,felidae,carnivora,mammalia,TRUE,Isolation/Observation,Isolation,FALSE,Shaw,Shaw et al. 2020 Mol Ecol,https://doi.org/10.1111/mec.15463,2000,"Tauni MA, 2000, J Small Anim Pract, 41",11002934,NA,28752,NA,High
B2,Salmonella enterica non typhoidal serovars,Pathogens,manual,0.5,28901,salmonella enterica,bacteria/rickettsia,gammaproteobacteria,enterobacterales,enterobacteriaceae,salmonella,TRUE,gallus gallus,9031,gallus,phasianidae,galliformes,aves,TRUE,PCR/Sequencing; Isolation/Observation,NCBI Nucleotide; Isolation,FALSE,EID2; Shaw,Wardeh et al. 2015 Sci Data; Shaw et al. 2020 Mol Ecol,https://doi.org/10.1038/sdata.2015.49; https://doi.org/10.1111/mec.15463,NA; 1980; 1996; 2012,"NCBI Nucleotide; Silva EN, 1980, Avian Dis, 24; Liebisch B, 1996, J Med Microbiol, 44; Chandry PS, 2012, PLoS One, 7",NA; 7447834; 8544212; 22860002,2000; 2006; 2007; 2009; 2010; 2011; 2012; NA,6821; 6822; 6823; 6824; 6825; 6826; 6827; 6828; 6829; 6830; 6831; 6832; 6833; 6834; 6835; 6836; 6837; 6838; 6839; 6840; 6841; 6842; 6843; 6844; 6845; 6846; 6847; 6848; 6849; 6850; 6851; 6852; 6853; 6854; 6855; 6856; 6857; 6858; 6859; 6860; 6861; 6862; 6863; 6864; 6865; 6866; 6867; 6868; 6869; 6870; 6871; 6872; 6873; 6874; 6875; 6876; 6877; 6878; 6879; 6880; 6881; 6882; 6883; 6884; 6885; 6886; 6887; 6888; 6889; 6890; 6891; 6892; 6893; 6894; 6895; 6896; 6897; 6898; 6899; 6900; 6901; 6902; 6903; 6904; 6905,11055587; 109842717; 156118590; 156118591; 156118592; 219815926; 219815928; 219815930; 219815932; 219815934; 219815936; 219815938; 219815940; 219815942; 254305178; 259121920; 291508597; 291508599; 300521727; 301130304; 301130432; 302122898; 321271573; 325515302; 325515304; 325668259; 325668261; 325668263; 325668265; 325668267; 325668269; 325668271; 332002355; 332002357; 332002359; 332002361; 332002363; 332002365; 332002367; 332002369; 340761080; 340761110; 340761204; 340761262; 340761332; 340761410; 340761490; 340761538; 340761614; 340761682; 340761782; 340761800; 340761916; 340761992; 340761994; 340762114; 340762172; 340762232; 340762336; 340762390; 340762424; 340762486; 340762562; 340762670; 340762718; 340762830; 340762858; 340762966; 340763002; 340763050; 340763156; 340763210; 340763288; 340763352; 340763456; 340763532; 340763570; 340763622; 340763704; 340763768; 374082038; 374082040; NA,High
B2,Salmonella enterica non typhoidal serovars,Pathogens,manual,0.5,28901,salmonella enterica,bacteria/rickettsia,gammaproteobacteria,enterobacterales,enterobacteriaceae,salmonella,TRUE,genetta genetta,94190,genetta,viverridae,carnivora,mammalia,TRUE,Isolation/Observation,DirectOther,FALSE,GMPD2,Stephens et al. 2017 Ecology,https://doi.org/10.1002/ecy.1799,2009,Millan et al. 2009c,NA,NA,29050,NA,High
B2,Salmonella enterica non typhoidal serovars,Pathogens,manual,0.5,28901,salmonella enterica,bacteria/rickettsia,gammaproteobacteria,enterobacterales,enterobacteriaceae,salmonella,TRUE,gorilla gorilla,9593,gorilla,hominidae,primates,mammalia,TRUE,Isolation/Observation,Isolation,FALSE,Shaw,Shaw et al. 2020 Mol Ecol,https://doi.org/10.1111/mec.15463,2014,"Paixão TA, 2014, J Med Primatol, 43",24359673,NA,29114,NA,High
B2,Salmonella enterica non typhoidal serovars,Pathogens,manual,0.5,28901,salmonella enterica,bacteria/rickettsia,gammaproteobacteria,enterobacterales,enterobacteriaceae,salmonella,TRUE,herpestes ichneumon,9700,herpestes,herpestidae,carnivora,mammalia,TRUE,Isolation/Observation,DirectOther,FALSE,GMPD2,Stephens et al. 2017 Ecology,https://doi.org/10.1002/ecy.1799,2009,Millan et al. 2009c,NA,NA,29272,NA,High
B2,Salmonella enterica non typhoidal serovars,Pathogens,manual,0.5,28901,salmonella enterica,bacteria/rickettsia,gammaproteobacteria,enterobacterales,enterobacteriaceae,salmonella,TRUE,heterodon nasicus,121332,heterodon,dipsadidae,squamata,lepidosauria,TRUE,Isolation/Observation,Isolation,FALSE,Shaw,Shaw et al. 2020 Mol Ecol,https://doi.org/10.1111/mec.15463,2002,"Geue L, 2002, Vet Microbiol, 84",11731161,NA,8852,NA,High
B2,Salmonella enterica non typhoidal serovars,Pathogens,manual,0.5,28901,salmonella enterica,bacteria/rickettsia,gammaproteobacteria,enterobacterales,enterobacteriaceae,salmonella,TRUE,homo sapiens,9606,homo,hominidae,primates,mammalia,TRUE,PCR/Sequencing; Isolation/Observation,NCBI Nucleotide; Isolation,FALSE,EID2; Shaw,Wardeh et al. 2015 Sci Data; Shaw et al. 2020 Mol Ecol,https://doi.org/10.1038/sdata.2015.49; https://doi.org/10.1111/mec.15463,NA; 2003; 1991; 2016; 2002; 1997; 2004; 2014,"NCBI Nucleotide; Mahajan RK, 2003, J Clin Microbiol, 41; Chong Y, 1991, Yonsei Med J, 32; Horvath L, 2016, Open Forum Infect Dis, 3; Agasan A, 2002, J Clin Microbiol, 40; Rowe B, 1997, Clin Infect Dis, 24 Suppl 1; Wybo I, 2004, Acta Clin Belg, 59; Ma JS, 2003, J Microbiol Immunol Infect, 36; Nair S, 2014, J Med Microbiol, 63",NA; 14662995; 1781188; 27186588; 12037044; 8994789; 15597733; 14723260; 24696514,2011; 2009; 2010; 2007; 2012; NA,56767; 56768; 56769; 56770; 56771; 56772; 56773; 56774; 56775; 56776; 56777; 56778; 56779; 56780; 56781; 56782; 56783; 56784; 56785; 56786; 56787; 56788; 56789; 56790; 56791; 56792; 56793; 56794; 56795; 56796; 56797; 56798; 56799; 56800; 56801; 56802; 56803; 56804; 56805; 56806; 56807; 56808; 56809; 56810; 56811; 56812; 56813; 56814; 56815; 56816; 56817; 56818; 56819; 56820; 56821; 56822; 56823; 56824; 56825; 56826; 56827; 56828; 56829; 56830; 56831; 56832; 56833; 56834; 56835; 56836; 56837; 56838; 56839; 56840; 56841; 56842; 56843; 56844; 56845; 56846; 56847; 56848; 56849; 56850; 56851; 56852; 56853; 56854; 56855; 56856; 56857; 56858; 56859; 56860; 56861; 56862; 56863; 56864; 56865; 56866; 56867; 56868; 56869; 56870; 56871; 56872; 56873; 56874,340762956; 340762292; 269148333; 340763194; 340366083; 340763666; 340761674; 269148287; 340763148; 269148425; 353077947; 340763102; 322645276; 340762910; 340761582; 269148379; 340763474; 340762810; 340761728; 340762146; 322645806; 340761528; 322647775; 340762112; 340763340; 240282428; 322644317; 340763348; 340763182; 322646473; 340761402; 340763374; 322645983; 340761290; 340762192; 269148433; 269148445; 340761502; 340763566; 340763554; 353073928; 340761098; 340762776; 260100983; 269148405; 340762126; 340761416; 289157484; 149693010; 269148307; 340761702; 340763546; 269148259; 322647386; 340761608; 340762272; 269148353; 340762836; 340762796; 340762464; 340762358; 318085427; 340761170; 340762166; 340763494; 340762890; 340762558; 269148319; 340761370; 269148413; 340762942; 269148267; 269148393; 322647993; 340762518; 340763514; 340763420; 340762326; 269148299; 322643559; 340761734; 340762710; 269148279; 322646813; 340761848; 340761244; 340761648; 340763706; 340762922; 340761296; 340762624; 340761342; 322647838; 353074675; 340761622; 371942876; 340762252; 269148373; 340763042; 340761714; NA,High
B2,Salmonella enterica non typhoidal serovars,Pathogens,manual,0.5,28901,salmonella enterica,bacteria/rickettsia,gammaproteobacteria,enterobacterales,enterobacteriaceae,salmonella,TRUE,hoplocephalus bungaroides,83403,hoplocephalus,elapidae,squamata,lepidosauria,TRUE,Isolation/Observation,Isolation,FALSE,Shaw,Shaw et al. 2020 Mol Ecol,https://doi.org/10.1111/mec.15463,2011,"Scheelings TF, 2011, J Wildl Dis, 47",21269991,NA,8853,NA,High
B2,Salmonella enterica non typhoidal serovars,Pathogens,manual,0.5,28901,salmonella enterica,bacteria/rickettsia,gammaproteobacteria,enterobacterales,enterobacteriaceae,salmonella,TRUE,iguana iguana,8517,iguana,iguanidae,squamata,lepidosauria,TRUE,Isolation/Observation,Isolation,FALSE,Shaw,Shaw et al. 2020 Mol Ecol,https://doi.org/10.1111/mec.15463,1998; 2002,"Orós J, 1998, Avian Dis, 42; Geue L, 2002, Vet Microbiol, 84",9876856; 11731161,NA,8869; 8870; 8871,NA,High
B2,Salmonella enterica non typhoidal serovars,Pathogens,manual,0.5,28901,salmonella enterica,bacteria/rickettsia,gammaproteobacteria,enterobacterales,enterobacteriaceae,salmonella,TRUE,lampropeltis alterna,163490,lampropeltis,colubridae,squamata,lepidosauria,TRUE,Isolation/Observation,Isolation,FALSE,Shaw,Shaw et al. 2020 Mol Ecol,https://doi.org/10.1111/mec.15463,2002,"Geue L, 2002, Vet Microbiol, 84",11731161,NA,8876,NA,High
B2,Salmonella enterica non typhoidal serovars,Pathogens,manual,0.5,28901,salmonella enterica,bacteria/rickettsia,gammaproteobacteria,enterobacterales,enterobacteriaceae,salmonella,TRUE,lampropeltis triangulum,140017,lampropeltis,colubridae,squamata,lepidosauria,TRUE,Isolation/Observation,Isolation,FALSE,Shaw,Shaw et al. 2020 Mol Ecol,https://doi.org/10.1111/mec.15463,1996,"Orós J, 1996, J Comp Pathol, 115",8910746,NA,8878,NA,High
B2,Salmonella enterica non typhoidal serovars,Pathogens,manual,0.5,28901,salmonella enterica,bacteria/rickettsia,gammaproteobacteria,enterobacterales,enterobacteriaceae,salmonella,TRUE,larus occidentalis,126713,larus,laridae,charadriiformes,aves,TRUE,Isolation/Observation,Isolation,FALSE,Shaw,Shaw et al. 2020 Mol Ecol,https://doi.org/10.1111/mec.15463,2002,"Smith WA, 2002, J Zoo Wildl Med, 33",12462489,NA,7250,NA,High
B2,Salmonella enterica non typhoidal serovars,Pathogens,manual,0.5,28901,salmonella enterica,bacteria/rickettsia,gammaproteobacteria,enterobacterales,enterobacteriaceae,salmonella,TRUE,lialis burtonis,95110,lialis,pygopodidae,squamata,lepidosauria,TRUE,Isolation/Observation,Isolation,FALSE,Shaw,Shaw et al. 2020 Mol Ecol,https://doi.org/10.1111/mec.15463,2011,"Scheelings TF, 2011, J Wildl Dis, 47",21269991,NA,8880,NA,High
B2,Salmonella enterica non typhoidal serovars,Pathogens,manual,0.5,28901,salmonella enterica,bacteria/rickettsia,gammaproteobacteria,enterobacterales,enterobacteriaceae,salmonella,TRUE,lichanura trivirgata,51879,lichanura,boidae,squamata,lepidosauria,TRUE,Isolation/Observation,Isolation,FALSE,Shaw,Shaw et al. 2020 Mol Ecol,https://doi.org/10.1111/mec.15463,1996,"Pérez J, 1996, J Comp Pathol, 115",8910747,NA,8881,NA,High
B2,Salmonella enterica non typhoidal serovars,Pathogens,manual,0.5,28901,salmonella enterica,bacteria/rickettsia,gammaproteobacteria,enterobacterales,enterobacteriaceae,salmonella,TRUE,lynx lynx,13125,lynx,felidae,carnivora,mammalia,TRUE,Isolation/Observation,DirectOther; Isolation,FALSE,GMPD2; Shaw,Stephens et al. 2017 Ecology; Shaw et al. 2020 Mol Ecol,https://doi.org/10.1002/ecy.1799; https://doi.org/10.1111/mec.15463,1997,"Macri et al. 1997; Macri NP, 1997, J Wildl Dis, 33",NA; 9391983,NA,64589; 64591,NA,High
B2,Salmonella enterica non typhoidal serovars,Pathogens,manual,0.5,28901,salmonella enterica,bacteria/rickettsia,gammaproteobacteria,enterobacterales,enterobacteriaceae,salmonella,TRUE,macaca mulatta,9544,macaca,cercopithecidae,primates,mammalia,TRUE,Isolation/Observation,Isolation,FALSE,Shaw,Shaw et al. 2020 Mol Ecol,https://doi.org/10.1111/mec.15463,1986,"Klumpp SA, 1986, Vet Pathol, 23",3962085,NA,64721,NA,High
B2,Salmonella enterica non typhoidal serovars,Pathogens,manual,0.5,28901,salmonella enterica,bacteria/rickettsia,gammaproteobacteria,enterobacterales,enterobacteriaceae,salmonella,TRUE,macropus fuliginosus,9316,macropus,macropodidae,diprotodontia,mammalia,TRUE,Isolation/Observation,Isolation,FALSE,Shaw,Shaw et al. 2020 Mol Ecol,https://doi.org/10.1111/mec.15463,2011,"Potter AS, 2011, J Wildl Dis, 47",22102658,NA,64746,NA,High
B2,Salmonella enterica non typhoidal serovars,Pathogens,manual,0.5,28901,salmonella enterica,bacteria/rickettsia,gammaproteobacteria,enterobacterales,enterobacteriaceae,salmonella,TRUE,meleagris gallopavo,9103,meleagris,phasianidae,galliformes,aves,TRUE,Isolation/Observation,Isolation,FALSE,Shaw,Shaw et al. 2020 Mol Ecol,https://doi.org/10.1111/mec.15463,1983; 1999,"Ekperigin HE, 1983, Avian Dis, 27; Sato Y, 1999, Avian Dis, 43",6639554; 10494436,NA,8027; 8028,NA,High
B2,Salmonella enterica non typhoidal serovars,Pathogens,manual,0.5,28901,salmonella enterica,bacteria/rickettsia,gammaproteobacteria,enterobacterales,enterobacteriaceae,salmonella,TRUE,meles meles,9662,meles,mustelidae,carnivora,mammalia,TRUE,Isolation/Observation,DirectOther,FALSE,GMPD2,Stephens et al. 2017 Ecology,https://doi.org/10.1002/ecy.1799,2004,Hammer et al. 2004,NA,NA,64929,NA,High
B2,Salmonella enterica non typhoidal serovars,Pathogens,manual,0.5,28901,salmonella enterica,bacteria/rickettsia,gammaproteobacteria,enterobacterales,enterobacteriaceae,salmonella,TRUE,mirounga angustirostris,9716,mirounga,phocidae,carnivora,mammalia,TRUE,Isolation/Observation,DirectOther,FALSE,GMPD2,Stephens et al. 2017 Ecology,https://doi.org/10.1002/ecy.1799,2007; 1997,Dennison et al. 2007; Gulland et al. 1997b,NA,NA,65333; 65334,NA,High
B2,Salmonella enterica non typhoidal serovars,Pathogens,manual,0.5,28901,salmonella enterica,bacteria/rickettsia,gammaproteobacteria,enterobacterales,enterobacteriaceae,salmonella,TRUE,morelia spilota,51896,morelia,pythonidae,squamata,lepidosauria,TRUE,Isolation/Observation,Isolation,FALSE,Shaw,Shaw et al. 2020 Mol Ecol,https://doi.org/10.1111/mec.15463,2011; 2002,"Scheelings TF, 2011, J Wildl Dis, 47; Geue L, 2002, Vet Microbiol, 84",21269991; 11731161,NA,8883; 8884,NA,High
B2,Salmonella enterica non typhoidal serovars,Pathogens,manual,0.5,28901,salmonella enterica,bacteria/rickettsia,gammaproteobacteria,enterobacterales,enterobacteriaceae,salmonella,TRUE,mus musculus,10090,mus,muridae,rodentia,mammalia,TRUE,Isolation/Observation,Isolation,FALSE,Shaw,Shaw et al. 2020 Mol Ecol,https://doi.org/10.1111/mec.15463,1995; 2014,"Davies RH, 1995, Vet Rec, 137; Sathyabama S, 2014, Gut Pathog, 6",8560683; 24721679,NA,66258; 66259,NA,High
B2,Salmonella enterica non typhoidal serovars,Pathogens,manual,0.5,28901,salmonella enterica,bacteria/rickettsia,gammaproteobacteria,enterobacterales,enterobacteriaceae,salmonella,TRUE,notechis ater,111176,notechis,elapidae,squamata,lepidosauria,TRUE,Isolation/Observation,Isolation,FALSE,Shaw,Shaw et al. 2020 Mol Ecol,https://doi.org/10.1111/mec.15463,2011,"Scheelings TF, 2011, J Wildl Dis, 47",21269991,NA,8886,NA,High
B2,Salmonella enterica non typhoidal serovars,Pathogens,manual,0.5,28901,salmonella enterica,bacteria/rickettsia,gammaproteobacteria,enterobacterales,enterobacteriaceae,salmonella,TRUE,notechis scutatus,8663,notechis,elapidae,squamata,lepidosauria,TRUE,Isolation/Observation,Isolation,FALSE,Shaw,Shaw et al. 2020 Mol Ecol,https://doi.org/10.1111/mec.15463,2011,"Scheelings TF, 2011, J Wildl Dis, 47",21269991,NA,8887,NA,High
B2,Salmonella enterica non typhoidal serovars,Pathogens,manual,0.5,28901,salmonella enterica,bacteria/rickettsia,gammaproteobacteria,enterobacterales,enterobacteriaceae,salmonella,TRUE,nymphicus hollandicus,13180,nymphicus,cacatuidae,psittaciformes,aves,TRUE,Isolation/Observation,Isolation,FALSE,Shaw,Shaw et al. 2020 Mol Ecol,https://doi.org/10.1111/mec.15463,1978,"Phillips WE Jr, 1978, Avian Dis, 22",678238,NA,8207,NA,High
B2,Salmonella enterica non typhoidal serovars,Pathogens,manual,0.5,28901,salmonella enterica,bacteria/rickettsia,gammaproteobacteria,enterobacterales,enterobacteriaceae,salmonella,TRUE,odocoileus virginianus,9874,odocoileus,cervidae,artiodactyla,mammalia,TRUE,Isolation/Observation,Isolation,FALSE,Shaw,Shaw et al. 2020 Mol Ecol,https://doi.org/10.1111/mec.15463,2006,"Renter DG, 2006, J Wildl Dis, 42",17092906,NA,67163,NA,High
B2,Salmonella enterica non typhoidal serovars,Pathogens,manual,0.5,28901,salmonella enterica,bacteria/rickettsia,gammaproteobacteria,enterobacterales,enterobacteriaceae,salmonella,TRUE,oryctolagus cuniculus,9986,oryctolagus,leporidae,lagomorpha,mammalia,TRUE,PCR/Sequencing; Isolation/Observation,NCBI Nucleotide; Isolation,FALSE,EID2; Shaw,Wardeh et al. 2015 Sci Data; Shaw et al. 2020 Mol Ecol,https://doi.org/10.1038/sdata.2015.49; https://doi.org/10.1111/mec.15463,NA; 1999,"NCBI Nucleotide; Sato Y, 1999, Avian Dis, 43",NA; 10494436,2004; 2010; NA,67940; 67941; 67942; 67943,46019644; 295311790; 295311792; NA,High
B2,Salmonella enterica non typhoidal serovars,Pathogens,manual,0.5,28901,salmonella enterica,bacteria/rickettsia,gammaproteobacteria,enterobacterales,enterobacteriaceae,salmonella,TRUE,ovis aries,9940,ovis,bovidae,artiodactyla,mammalia,TRUE,Isolation/Observation,Isolation,FALSE,Shaw,Shaw et al. 2020 Mol Ecol,https://doi.org/10.1111/mec.15463,1981; 1990; 2007; 2004,"Harp JA, 1981, Am J Vet Res, 42; Pritchard J, 1990, Can Vet J, 31; Ferreras Mdel C, 2007, J Vet Diagn Invest, 19; Davies RH, 2004, J Appl Microbiol, 96",7332118; 17423497; 17402617; 15012813,NA,71372; 71373; 71374; 71375,NA,High
B2,Salmonella enterica non typhoidal serovars,Pathogens,manual,0.5,28901,salmonella enterica,bacteria/rickettsia,gammaproteobacteria,enterobacterales,enterobacteriaceae,salmonella,TRUE,oxyuranus microlepidotus,111177,oxyuranus,elapidae,squamata,lepidosauria,TRUE,Isolation/Observation,Isolation,FALSE,Shaw,Shaw et al. 2020 Mol Ecol,https://doi.org/10.1111/mec.15463,2011,"Scheelings TF, 2011, J Wildl Dis, 47",21269991,NA,8889,NA,High
B2,Salmonella enterica non typhoidal serovars,Pathogens,manual,0.5,28901,salmonella enterica,bacteria/rickettsia,gammaproteobacteria,enterobacterales,enterobacteriaceae,salmonella,TRUE,oxyuranus scutellatus,8668,oxyuranus,elapidae,squamata,lepidosauria,TRUE,Isolation/Observation,Isolation,FALSE,Shaw,Shaw et al. 2020 Mol Ecol,https://doi.org/10.1111/mec.15463,2011,"Scheelings TF, 2011, J Wildl Dis, 47",21269991,NA,8890,NA,High
B2,Salmonella enterica non typhoidal serovars,Pathogens,manual,0.5,28901,salmonella enterica,bacteria/rickettsia,gammaproteobacteria,enterobacterales,enterobacteriaceae,salmonella,TRUE,pantherophis guttatus,94885,pantherophis,colubridae,squamata,lepidosauria,TRUE,Isolation/Observation,Isolation,FALSE,Shaw,Shaw et al. 2020 Mol Ecol,https://doi.org/10.1111/mec.15463,2002,"Geue L, 2002, Vet Microbiol, 84",11731161,NA,8894,NA,High
B2,Salmonella enterica non typhoidal serovars,Pathogens,manual,0.5,28901,salmonella enterica,bacteria/rickettsia,gammaproteobacteria,enterobacterales,enterobacteriaceae,salmonella,TRUE,papio ursinus,36229,papio,cercopithecidae,primates,mammalia,TRUE,Isolation/Observation,Tissue,FALSE,GMPD2,Stephens et al. 2017 Ecology,https://doi.org/10.1002/ecy.1799,1973,de Vos et al. 1973,NA,NA,72147,NA,High
B2,Salmonella enterica non typhoidal serovars,Pathogens,manual,0.5,28901,salmonella enterica,bacteria/rickettsia,gammaproteobacteria,enterobacterales,enterobacteriaceae,salmonella,TRUE,passer domesticus,48849,passer,passeridae,passeriformes,aves,TRUE,Isolation/Observation,Isolation,FALSE,Shaw,Shaw et al. 2020 Mol Ecol,https://doi.org/10.1111/mec.15463,1969,"Wobeser GA, 1969, Arch Environ Health, 19",4900690,NA,8234,NA,High
B2,Salmonella enterica non typhoidal serovars,Pathogens,manual,0.5,28901,salmonella enterica,bacteria/rickettsia,gammaproteobacteria,enterobacterales,enterobacteriaceae,salmonella,TRUE,perca fluviatilis,8168,perca,percidae,perciformes,actinopteri,TRUE,PCR/Sequencing,NCBI Nucleotide,FALSE,EID2,Wardeh et al. 2015 Sci Data,https://doi.org/10.1038/sdata.2015.49,NA,NCBI Nucleotide,NA,2011,2339; 2340; 2341; 2342; 2343; 2344; 2345; 2346; 2347; 2348; 2349; 2350; 2351; 2352; 2353; 2354; 2355; 2356; 2357; 2358; 2359; 2360; 2361; 2362; 2363; 2364; 2365; 2366; 2367; 2368; 2369; 2370; 2371; 2372; 2373; 2374; 2375; 2376; 2377; 2378,340761064; 340761148; 340761210; 340761280; 340761346; 340761406; 340761480; 340761552; 340761634; 340761686; 340761738; 340761854; 340761910; 340761962; 340762054; 340762082; 340762184; 340762212; 340762284; 340762362; 340762482; 340762544; 340762610; 340762626; 340762730; 340762792; 340762868; 340762972; 340762994; 340763086; 340763136; 340763204; 340763296; 340763346; 340763404; 340763492; 340763550; 340763612; 340763686; 340763804,High
B2,Salmonella enterica non typhoidal serovars,Pathogens,manual,0.5,28901,salmonella enterica,bacteria/rickettsia,gammaproteobacteria,enterobacterales,enterobacteriaceae,salmonella,TRUE,phelsuma madagascariensis,88162,phelsuma,gekkonidae,squamata,lepidosauria,TRUE,Isolation/Observation,Isolation,FALSE,Shaw,Shaw et al. 2020 Mol Ecol,https://doi.org/10.1111/mec.15463,2002,"Geue L, 2002, Vet Microbiol, 84",11731161,NA,8897,NA,High
B2,Salmonella enterica non typhoidal serovars,Pathogens,manual,0.5,28901,salmonella enterica,bacteria/rickettsia,gammaproteobacteria,enterobacterales,enterobacteriaceae,salmonella,TRUE,phocoena phocoena,9742,phocoena,phocoenidae,artiodactyla,mammalia,TRUE,PCR/Sequencing,NCBI Nucleotide,FALSE,EID2,Wardeh et al. 2015 Sci Data,https://doi.org/10.1038/sdata.2015.49,NA,NCBI Nucleotide,NA,2009,72778,262317404,High
B2,Salmonella enterica non typhoidal serovars,Pathogens,manual,0.5,28901,salmonella enterica,bacteria/rickettsia,gammaproteobacteria,enterobacterales,enterobacteriaceae,salmonella,TRUE,physignathus cocincinus,52200,physignathus,agamidae,squamata,lepidosauria,TRUE,Isolation/Observation,Isolation,FALSE,Shaw,Shaw et al. 2020 Mol Ecol,https://doi.org/10.1111/mec.15463,2002,"Geue L, 2002, Vet Microbiol, 84",11731161,NA,8900,NA,High
B2,Salmonella enterica non typhoidal serovars,Pathogens,manual,0.5,28901,salmonella enterica,bacteria/rickettsia,gammaproteobacteria,enterobacterales,enterobacteriaceae,salmonella,TRUE,pogona vitticeps,103695,pogona,agamidae,squamata,lepidosauria,TRUE,Isolation/Observation,Isolation,FALSE,Shaw,Shaw et al. 2020 Mol Ecol,https://doi.org/10.1111/mec.15463,2002,"Geue L, 2002, Vet Microbiol, 84",11731161,NA,8913,NA,High
B2,Salmonella enterica non typhoidal serovars,Pathogens,manual,0.5,28901,salmonella enterica,bacteria/rickettsia,gammaproteobacteria,enterobacterales,enterobacteriaceae,salmonella,TRUE,procyon lotor,9654,procyon,procyonidae,carnivora,mammalia,TRUE,Isolation/Observation,DirectFecal; Isolation,FALSE,GMPD2; Shaw,Stephens et al. 2017 Ecology; Shaw et al. 2020 Mol Ecol,https://doi.org/10.1002/ecy.1799; https://doi.org/10.1111/mec.15463,2008,"Compton et al. 2008; Compton JA, 2008, J Clin Microbiol, 46",NA; 18596136,NA,72953; 72954; 72955; 72956; 72957; 72958; 72959; 72960; 72961; 72962; 72963; 72964,NA,High
B2,Salmonella enterica non typhoidal serovars,Pathogens,manual,0.5,28901,salmonella enterica,bacteria/rickettsia,gammaproteobacteria,enterobacterales,enterobacteriaceae,salmonella,TRUE,pseudechis porphyriacus,8671,pseudechis,elapidae,squamata,lepidosauria,TRUE,Isolation/Observation,Isolation,FALSE,Shaw,Shaw et al. 2020 Mol Ecol,https://doi.org/10.1111/mec.15463,2011,"Scheelings TF, 2011, J Wildl Dis, 47",21269991,NA,8917,NA,High
B2,Salmonella enterica non typhoidal serovars,Pathogens,manual,0.5,28901,salmonella enterica,bacteria/rickettsia,gammaproteobacteria,enterobacterales,enterobacteriaceae,salmonella,TRUE,pseudonaja textilis,8673,pseudonaja,elapidae,squamata,lepidosauria,TRUE,Isolation/Observation,Isolation,FALSE,Shaw,Shaw et al. 2020 Mol Ecol,https://doi.org/10.1111/mec.15463,2011,"Scheelings TF, 2011, J Wildl Dis, 47",21269991,NA,8918,NA,High
B2,Salmonella enterica non typhoidal serovars,Pathogens,manual,0.5,28901,salmonella enterica,bacteria/rickettsia,gammaproteobacteria,enterobacterales,enterobacteriaceae,salmonella,TRUE,pyrrhula pyrrhula,37607,pyrrhula,fringillidae,passeriformes,aves,TRUE,Isolation/Observation,Isolation,FALSE,Shaw,Shaw et al. 2020 Mol Ecol,https://doi.org/10.1111/mec.15463,2003,"Refsum T, 2003, J Wildl Dis, 39",12685069,NA,8417,NA,High
B2,Salmonella enterica non typhoidal serovars,Pathogens,manual,0.5,28901,salmonella enterica,bacteria/rickettsia,gammaproteobacteria,enterobacterales,enterobacteriaceae,salmonella,TRUE,python molurus,51750,python,pythonidae,squamata,lepidosauria,TRUE,Isolation/Observation,Isolation,FALSE,Shaw,Shaw et al. 2020 Mol Ecol,https://doi.org/10.1111/mec.15463,2002,"Geue L, 2002, Vet Microbiol, 84",11731161,NA,8926,NA,High
B2,Salmonella enterica non typhoidal serovars,Pathogens,manual,0.5,28901,salmonella enterica,bacteria/rickettsia,gammaproteobacteria,enterobacterales,enterobacteriaceae,salmonella,TRUE,python regius,51751,python,pythonidae,squamata,lepidosauria,TRUE,Isolation/Observation,Isolation,FALSE,Shaw,Shaw et al. 2020 Mol Ecol,https://doi.org/10.1111/mec.15463,2002,"Geue L, 2002, Vet Microbiol, 84",11731161,NA,8931,NA,High
B2,Salmonella enterica non typhoidal serovars,Pathogens,manual,0.5,28901,salmonella enterica,bacteria/rickettsia,gammaproteobacteria,enterobacterales,enterobacteriaceae,salmonella,TRUE,rupicapra rupicapra,34869,rupicapra,bovidae,artiodactyla,mammalia,TRUE,Isolation/Observation,Isolation,FALSE,Shaw,Shaw et al. 2020 Mol Ecol,https://doi.org/10.1111/mec.15463,NA,http://article.thesislog.net/?seq=319265,NA,NA,74201,NA,High
B2,Salmonella enterica non typhoidal serovars,Pathogens,manual,0.5,28901,salmonella enterica,bacteria/rickettsia,gammaproteobacteria,enterobacterales,enterobacteriaceae,salmonella,TRUE,saguinus geoffroyi,43778,saguinus,cebidae,primates,mammalia,TRUE,Isolation/Observation,Fecal,FALSE,GMPD2,Stephens et al. 2017 Ecology,https://doi.org/10.1002/ecy.1799,1969,Kourany and Porter 1969,NA,NA,74229; 74230; 74231; 74232,NA,High
B2,Salmonella enterica non typhoidal serovars,Pathogens,manual,0.5,28901,salmonella enterica,bacteria/rickettsia,gammaproteobacteria,enterobacterales,enterobacteriaceae,salmonella,TRUE,scomberomorus cavalla,13679,scomberomorus,scombridae,scombriformes,actinopteri,TRUE,PCR/Sequencing,NCBI Nucleotide,FALSE,EID2,Wardeh et al. 2015 Sci Data,https://doi.org/10.1038/sdata.2015.49,NA,NCBI Nucleotide,NA,2011,2871; 2872; 2873; 2874; 2875; 2876; 2877; 2878; 2879; 2880; 2881; 2882; 2883; 2884; 2885; 2886; 2887; 2888; 2889; 2890; 2891; 2892; 2893; 2894; 2895; 2896; 2897; 2898; 2899; 2900; 2901; 2902; 2903; 2904; 2905; 2906; 2907; 2908; 2909; 2910,340761024; 340761130; 340761220; 340761238; 340761372; 340761376; 340761452; 340761576; 340761600; 340761662; 340761752; 340761796; 340761898; 340761936; 340762048; 340762072; 340762152; 340762210; 340762280; 340762396; 340762472; 340762484; 340762586; 340762628; 340762756; 340762814; 340762844; 340762906; 340762988; 340763060; 340763122; 340763232; 340763272; 340763334; 340763438; 340763476; 340763558; 340763640; 340763728; 340763776,High
B2,Salmonella enterica non typhoidal serovars,Pathogens,manual,0.5,28901,salmonella enterica,bacteria/rickettsia,gammaproteobacteria,enterobacterales,enterobacteriaceae,salmonella,TRUE,spinus spinus,160760,spinus,fringillidae,passeriformes,aves,TRUE,Isolation/Observation,Isolation,FALSE,Shaw,Shaw et al. 2020 Mol Ecol,https://doi.org/10.1111/mec.15463,2003,"Refsum T, 2003, J Wildl Dis, 39",12685069,NA,8498,NA,High
B2,Salmonella enterica non typhoidal serovars,Pathogens,manual,0.5,28901,salmonella enterica,bacteria/rickettsia,gammaproteobacteria,enterobacterales,enterobacteriaceae,salmonella,TRUE,strix aluco,111821,strix,strigidae,strigiformes,aves,TRUE,Isolation/Observation,Isolation,FALSE,Shaw,Shaw et al. 2020 Mol Ecol,https://doi.org/10.1111/mec.15463,2004,"Millán J, 2004, Rev Sci Tech, 23",15861885,NA,8529,NA,High
B2,Salmonella enterica non typhoidal serovars,Pathogens,manual,0.5,28901,salmonella enterica,bacteria/rickettsia,gammaproteobacteria,enterobacterales,enterobacteriaceae,salmonella,TRUE,sus scrofa,9823,sus,suidae,artiodactyla,mammalia,TRUE,PCR/Sequencing; Isolation/Observation,NCBI Nucleotide; Isolation,FALSE,EID2; Shaw,Wardeh et al. 2015 Sci Data; Shaw et al. 2020 Mol Ecol,https://doi.org/10.1038/sdata.2015.49; https://doi.org/10.1111/mec.15463,NA; 2004; 1992; 2013; 1996,"NCBI Nucleotide; Millán J, 2004, Rev Sci Tech, 23; Hall ML, 1992, Epidemiol Infect, 108; Chiari M, 2013, Acta Vet Scand, 55; Liebisch B, 1996, J Med Microbiol, 44",NA; 15861885; 1547841; 23692883; 8544212,2000; 2002; 2004; 2005; 2008; 2009; 2010; 2012; NA,81371; 81372; 81373; 81374; 81375; 81376; 81377; 81378; 81379; 81380; 81381; 81382; 81383; 81384; 81385; 81386; 81387; 81388; 81389; 81390; 81391; 81392; 81393; 81394; 81395; 81396; 81397; 81398; 81399; 81500; 81501; 81502; 81503; 81504,11066270; 18026882; 18026889; 51011757; 58737230; 58737233; 168828930; 208612656; 208972170; 208972172; 208972174; 208972176; 208972178; 208972180; 209360879; 209360881; 209491106; 209491108; 209491110; 210063812; 210063813; 210063814; 210063815; 210063816; 210063817; 239837387; 293407708; 293407714; 394986442; NA,High
B2,Salmonella enterica non typhoidal serovars,Pathogens,manual,0.5,28901,salmonella enterica,bacteria/rickettsia,gammaproteobacteria,enterobacterales,enterobacteriaceae,salmonella,TRUE,testudo hermanni,86976,testudo,testudinidae,testudines,NA,TRUE,Isolation/Observation,Isolation,FALSE,Shaw,Shaw et al. 2020 Mol Ecol,https://doi.org/10.1111/mec.15463,2002,"Geue L, 2002, Vet Microbiol, 84",11731161,NA,83662,NA,High
B2,Salmonella enterica non typhoidal serovars,Pathogens,manual,0.5,28901,salmonella enterica,bacteria/rickettsia,gammaproteobacteria,enterobacterales,enterobacteriaceae,salmonella,TRUE,tiliqua nigrolutea,155307,tiliqua,scincidae,squamata,lepidosauria,TRUE,Isolation/Observation,Isolation,FALSE,Shaw,Shaw et al. 2020 Mol Ecol,https://doi.org/10.1111/mec.15463,2011,"Scheelings TF, 2011, J Wildl Dis, 47",21269991,NA,8944,NA,High
B2,Salmonella enterica non typhoidal serovars,Pathogens,manual,0.5,28901,salmonella enterica,bacteria/rickettsia,gammaproteobacteria,enterobacterales,enterobacteriaceae,salmonella,TRUE,tiliqua rugosa,8527,tiliqua,scincidae,squamata,lepidosauria,TRUE,Isolation/Observation,Isolation,FALSE,Shaw,Shaw et al. 2020 Mol Ecol,https://doi.org/10.1111/mec.15463,2011,"Scheelings TF, 2011, J Wildl Dis, 47",21269991,NA,8945,NA,High
B2,Salmonella enterica non typhoidal serovars,Pathogens,manual,0.5,28901,salmonella enterica,bacteria/rickettsia,gammaproteobacteria,enterobacterales,enterobacteriaceae,salmonella,TRUE,tiliqua scincoides,71010,tiliqua,scincidae,squamata,lepidosauria,TRUE,Isolation/Observation,Isolation,FALSE,Shaw,Shaw et al. 2020 Mol Ecol,https://doi.org/10.1111/mec.15463,2011,"Scheelings TF, 2011, J Wildl Dis, 47",21269991,NA,8946,NA,High
B2,Salmonella enterica non typhoidal serovars,Pathogens,manual,0.5,28901,salmonella enterica,bacteria/rickettsia,gammaproteobacteria,enterobacterales,enterobacteriaceae,salmonella,TRUE,trichoglossus haematodus,176049,trichoglossus,psittaculidae,psittaciformes,aves,TRUE,Isolation/Observation,Isolation,FALSE,Shaw,Shaw et al. 2020 Mol Ecol,https://doi.org/10.1111/mec.15463,NA,http://www.jstor.org/stable/20094976,NA,NA,8686,NA,High
B2,Salmonella enterica non typhoidal serovars,Pathogens,manual,0.5,28901,salmonella enterica,bacteria/rickettsia,gammaproteobacteria,enterobacterales,enterobacteriaceae,salmonella,TRUE,trioceros ellioti,179930,trioceros,chamaeleonidae,squamata,lepidosauria,TRUE,Isolation/Observation,Isolation,FALSE,Shaw,Shaw et al. 2020 Mol Ecol,https://doi.org/10.1111/mec.15463,2002,"Geue L, 2002, Vet Microbiol, 84",11731161,NA,8947,NA,High
B2,Salmonella enterica non typhoidal serovars,Pathogens,manual,0.5,28901,salmonella enterica,bacteria/rickettsia,gammaproteobacteria,enterobacterales,enterobacteriaceae,salmonella,TRUE,tropidophorus grayi,338354,tropidophorus,scincidae,squamata,lepidosauria,TRUE,Isolation/Observation,Isolation,FALSE,Shaw,Shaw et al. 2020 Mol Ecol,https://doi.org/10.1111/mec.15463,2002,"Geue L, 2002, Vet Microbiol, 84",11731161,NA,8948,NA,High
B2,Salmonella enterica non typhoidal serovars,Pathogens,manual,0.5,28901,salmonella enterica,bacteria/rickettsia,gammaproteobacteria,enterobacterales,enterobacteriaceae,salmonella,TRUE,varanus indicus,62043,varanus,varanidae,squamata,lepidosauria,TRUE,Isolation/Observation,Isolation,FALSE,Shaw,Shaw et al. 2020 Mol Ecol,https://doi.org/10.1111/mec.15463,2011,"Scheelings TF, 2011, J Wildl Dis, 47",21269991,NA,8952,NA,High
B2,Salmonella enterica non typhoidal serovars,Pathogens,manual,0.5,28901,salmonella enterica,bacteria/rickettsia,gammaproteobacteria,enterobacterales,enterobacteriaceae,salmonella,TRUE,varanus mertensi,62044,varanus,varanidae,squamata,lepidosauria,TRUE,Isolation/Observation,Isolation,FALSE,Shaw,Shaw et al. 2020 Mol Ecol,https://doi.org/10.1111/mec.15463,2011,"Scheelings TF, 2011, J Wildl Dis, 47",21269991,NA,8953,NA,High
B2,Salmonella enterica non typhoidal serovars,Pathogens,manual,0.5,28901,salmonella enterica,bacteria/rickettsia,gammaproteobacteria,enterobacterales,enterobacteriaceae,salmonella,TRUE,varanus varius,8559,varanus,varanidae,squamata,lepidosauria,TRUE,Isolation/Observation,Isolation,FALSE,Shaw,Shaw et al. 2020 Mol Ecol,https://doi.org/10.1111/mec.15463,2011,"Scheelings TF, 2011, J Wildl Dis, 47",21269991,NA,8960,NA,High
B2,Salmonella enterica non typhoidal serovars,Pathogens,manual,0.5,28901,salmonella enterica,bacteria/rickettsia,gammaproteobacteria,enterobacterales,enterobacteriaceae,salmonella,TRUE,vulpes vulpes,9627,vulpes,canidae,carnivora,mammalia,TRUE,Isolation/Observation,DirectFecal; DirectOther; Isolation,FALSE,GMPD2; Shaw,Stephens et al. 2017 Ecology; Shaw et al. 2020 Mol Ecol,https://doi.org/10.1002/ecy.1799; https://doi.org/10.1111/mec.15463,2008; 2009; 2004,"Handeland et al. 2008; Millan et al. 2009c; Millán J, 2004, Rev Sci Tech, 23",NA; 15861885,NA,83165; 83166; 83167,NA,High
B3,Shigella dysenteriae serotype 1,Pathogens,manual,0.5,622,shigella dysenteriae,bacteria/rickettsia,gammaproteobacteria,enterobacterales,enterobacteriaceae,shigella,TRUE,homo sapiens,9606,homo,hominidae,primates,mammalia,TRUE,PCR/Sequencing; Isolation/Observation,NCBI Nucleotide; Isolation,FALSE,EID2; Shaw,Wardeh et al. 2015 Sci Data; Shaw et al. 2020 Mol Ecol,https://doi.org/10.1038/sdata.2015.49; https://doi.org/10.1111/mec.15463,NA; 1993,"NCBI Nucleotide; Ashkenazi S, 1993, Clin Infect Dis, 17",NA; 8286636,2007; 2010; 2011; 2012; NA,57608; 57609; 57610; 57611; 57612; 57613; 57614; 57615; 57616; 57617; 57618; 57619; 57620; 57621; 57622; 57623; 57624; 57625; 57626; 57627; 57628; 57629; 57630; 57631; 57632; 57633; 57634; 57635; 57636; 57637; 57638; 57639; 57640; 57641; 57642; 57643; 57644; 57645; 57646; 57647; 57648; 57649; 57650; 57651; 57652; 57653; 57654; 57655; 57656; 57657; 57658; 57659; 57660; 57661; 57662; 57663; 57664; 57665; 57666; 57667; 57668; 57669; 57670; 57671; 57672; 57673,148337507; 148337510; 309399236; 309399242; 323710377; 323710381; 323710385; 323710391; 323710395; 323710397; 323710401; 323710403; 323710409; 323710423; 323710437; 323710459; 323710461; 391295690; 391295777; 391295969; 391295976; 391295983; 391296110; 391296120; 391296197; 391296248; 391296486; 391296608; 391296646; 391296695; 391297028; 391297057; 391297136; 391297589; 391297620; 391297717; 391297757; 391297853; 391298465; 391298769; 391298837; 391299144; 391299614; 391299728; 391299762; 391299967; 391300162; 391300597; 391300692; 391301312; 391301383; 391301591; 391301821; 391302236; 391302655; 391302686; 391302826; 391302948; 391303334; 391303800; 391304024; 396582479; 399568924; 399568926; 399568928; NA,High
B3,Shigella dysenteriae serotype 1,Pathogens,manual,0.5,622,shigella dysenteriae,bacteria/rickettsia,gammaproteobacteria,enterobacterales,enterobacteriaceae,shigella,TRUE,macaca fascicularis,9541,macaca,cercopithecidae,primates,mammalia,TRUE,Isolation/Observation,Isolation,FALSE,Shaw,Shaw et al. 2020 Mol Ecol,https://doi.org/10.1111/mec.15463,NA,http://en.cnki.com.cn/Article_en/CJFDTOTAL-ZGSD200001006.htm,NA,NA,64659,NA,High
B3,Shigella dysenteriae serotype 1,Pathogens,manual,0.5,622,shigella dysenteriae,bacteria/rickettsia,gammaproteobacteria,enterobacterales,enterobacteriaceae,shigella,TRUE,pan troglodytes,9598,pan,hominidae,primates,mammalia,TRUE,Isolation/Observation,Isolation,FALSE,Shaw,Shaw et al. 2020 Mol Ecol,https://doi.org/10.1111/mec.15463,1988,"Enurah LU, 1988, J Wildl Dis, 24",3280840,NA,71976,NA,High
B4,Vibrio cholerae serogroup 0139,Pathogens,manual,0.5,666,vibrio cholerae,bacteria/rickettsia,gammaproteobacteria,vibrionales,vibrionaceae,vibrio,TRUE,anas platyrhynchos,8839,anas,anatidae,anseriformes,aves,TRUE,PCR/Sequencing,NCBI Nucleotide,FALSE,EID2,Wardeh et al. 2015 Sci Data,https://doi.org/10.1038/sdata.2015.49,NA,NCBI Nucleotide,NA,2002,3894,22478842,High
B4,Vibrio cholerae serogroup 0139,Pathogens,manual,0.5,666,vibrio cholerae,bacteria/rickettsia,gammaproteobacteria,vibrionales,vibrionaceae,vibrio,TRUE,cyprinus carpio,7962,cyprinus,cyprinidae,cypriniformes,actinopteri,TRUE,PCR/Sequencing,NCBI Nucleotide,FALSE,EID2,Wardeh et al. 2015 Sci Data,https://doi.org/10.1038/sdata.2015.49,NA,NCBI Nucleotide,NA,2008,653,193244767,High
B4,Vibrio cholerae serogroup 0139,Pathogens,manual,0.5,666,vibrio cholerae,bacteria/rickettsia,gammaproteobacteria,vibrionales,vibrionaceae,vibrio,TRUE,enhydra lutris,34882,enhydra,mustelidae,carnivora,mammalia,TRUE,Isolation/Observation,DirectFecal,FALSE,GMPD2,Stephens et al. 2017 Ecology,https://doi.org/10.1002/ecy.1799,2010,Miller et al. 2010,NA,NA,24753,NA,High
B4,Vibrio cholerae serogroup 0139,Pathogens,manual,0.5,666,vibrio cholerae,bacteria/rickettsia,gammaproteobacteria,vibrionales,vibrionaceae,vibrio,TRUE,homo sapiens,9606,homo,hominidae,primates,mammalia,TRUE,PCR/Sequencing; Isolation/Observation,NCBI Nucleotide; Isolation,FALSE,EID2; Shaw,Wardeh et al. 2015 Sci Data; Shaw et al. 2020 Mol Ecol,https://doi.org/10.1038/sdata.2015.49; https://doi.org/10.1111/mec.15463,NA; 1993,"NCBI Nucleotide; , 1993, Lancet, 342",NA; 8101899,2002; 2009; 2010; NA,63415; 63416; 63417; 63418; 63419; 63420; 63421; 63422; 63423; 63424; 63425; 63426; 63427; 63428; 63429; 63430; 63431; 63432; 63433; 63434; 63435; 63436; 63437; 63438; 63439; 63440; 63441; 63442; 63443; 63444; 63445; 63446; 63447; 63448; 63449; 63450; 63451; 63452; 63453; 63454; 63455; 63456; 63457; 63458; 63459; 63460; 63461; 63462; 63463; 63464; 63465; 63466; 63467; 63468; 63469; 63470; 63471; 63472; 63473; 63474; 63475; 63476; 63477; 63478; 63479; 63480; 63481; 63482; 63483; 63484; 63485; 63486; 63487; 63488; 63489; 63490; 63491; 63492; 63493; 63494; 63495; 63496; 63497; 63498; 63499; 63500; 63501; 63502; 63503; 63504; 63505; 63506; 63507; 63508; 63509; 63510; 63511; 63512; 63513; 63514; 63515,18653263; 226192421; 226192423; 226192425; 226192427; 226192429; 226192431; 226192433; 226192435; 226192437; 226192439; 226192441; 258523302; 259595804; 262021262; 262021325; 262021416; 262021564; 262021742; 262022064; 262022321; 262022532; 262022739; 262022951; 262023150; 262023314; 262023501; 262023604; 262023695; 262023785; 262023852; 262023925; 262023983; 262024042; 262024102; 262024167; 262024207; 262024249; 262024298; 262024338; 262024378; 262024415; 262024457; 262024501; 262024526; 262024564; 262024592; 262024621; 262024656; 262024687; 262024715; 262024720; 262024721; 262024723; 262024726; 262024730; 262024736; 262024740; 262024743; 262024744; 262028011; 262028124; 262028251; 262028298; 262028380; 262028652; 262028868; 262029091; 262029303; 262029479; 262029610; 262029760; 262029890; 262030001; 262030086; 262030159; 262030228; 262030292; 262030369; 262030431; 262030489; 262030495; 262030554; 262030596; 262030640; 262030696; 262030750; 262030760; 262030806; 262030854; 262030894; 262030931; 262030969; 262031007; 262031033; 262031070; 262031110; 262031113; 262031145; 262031164; NA,High
B4,Vibrio cholerae serogroup 0139,Pathogens,manual,0.5,666,vibrio cholerae,bacteria/rickettsia,gammaproteobacteria,vibrionales,vibrionaceae,vibrio,TRUE,ictalurus punctatus,7998,ictalurus,ictaluridae,siluriformes,actinopteri,TRUE,PCR/Sequencing,NCBI Nucleotide,FALSE,EID2,Wardeh et al. 2015 Sci Data,https://doi.org/10.1038/sdata.2015.49,NA,NCBI Nucleotide,NA,2009,1035; 1036,222154097; 222154100,High
B4,Vibrio cholerae serogroup 0139,Pathogens,manual,0.5,666,vibrio cholerae,bacteria/rickettsia,gammaproteobacteria,vibrionales,vibrionaceae,vibrio,TRUE,misgurnus anguillicaudatus,75329,misgurnus,cobitidae,cypriniformes,actinopteri,TRUE,PCR/Sequencing,NCBI Nucleotide,FALSE,EID2,Wardeh et al. 2015 Sci Data,https://doi.org/10.1038/sdata.2015.49,NA,NCBI Nucleotide,NA,2009; 2011,1260; 1261; 1262; 1263; 1264; 1265,239619166; 239619171; 353261409; 353261410; 353261411; 353261413,High
B4,Vibrio cholerae serogroup 0139,Pathogens,manual,0.5,666,vibrio cholerae,bacteria/rickettsia,gammaproteobacteria,vibrionales,vibrionaceae,vibrio,TRUE,neomonachus schauinslandi,29088,neomonachus,phocidae,carnivora,mammalia,TRUE,Isolation/Observation,DirectFecal,FALSE,GMPD2,Stephens et al. 2017 Ecology,https://doi.org/10.1002/ecy.1799,2006,Littnan et al. 2006,NA,NA,66745,NA,High
B4,Vibrio cholerae serogroup 0139,Pathogens,manual,0.5,666,vibrio cholerae,bacteria/rickettsia,gammaproteobacteria,vibrionales,vibrionaceae,vibrio,TRUE,pampus argenteus,206143,pampus,stromateidae,scombriformes,actinopteri,TRUE,PCR/Sequencing,NCBI Nucleotide,FALSE,EID2,Wardeh et al. 2015 Sci Data,https://doi.org/10.1038/sdata.2015.49,NA,NCBI Nucleotide,NA,2011,2265,338228702,High
B4,Vibrio cholerae serogroup 0139,Pathogens,manual,0.5,666,vibrio cholerae,bacteria/rickettsia,gammaproteobacteria,vibrionales,vibrionaceae,vibrio,TRUE,siniperca chuatsi,119488,siniperca,sinipercidae,centrarchiformes,actinopteri,TRUE,PCR/Sequencing,NCBI Nucleotide,FALSE,EID2,Wardeh et al. 2015 Sci Data,https://doi.org/10.1038/sdata.2015.49,NA,NCBI Nucleotide,NA,2012,3079,401555302,High
B4,Vibrio cholerae serogroup 0139,Pathogens,manual,0.5,666,vibrio cholerae,bacteria/rickettsia,gammaproteobacteria,vibrionales,vibrionaceae,vibrio,TRUE,tachysurus fulvidraco,1234273,tachysurus,bagridae,siluriformes,actinopteri,TRUE,PCR/Sequencing,NCBI Nucleotide,FALSE,EID2,Wardeh et al. 2015 Sci Data,https://doi.org/10.1038/sdata.2015.49,NA,NCBI Nucleotide,NA,2009,3189,255689647,High
B5,Yersinia pestis,Pathogens,exact,0,632,yersinia pestis,bacteria/rickettsia,gammaproteobacteria,enterobacterales,yersiniaceae,yersinia,TRUE,apodemus chevrieri,129246,apodemus,muridae,rodentia,mammalia,TRUE,Isolation/Observation,Isolation,FALSE,Shaw,Shaw et al. 2020 Mol Ecol,https://doi.org/10.1111/mec.15463,2013,"Cui Y, 2013, Proc Natl Acad Sci U S A, 110",23271803,NA,9230,NA,High
B5,Yersinia pestis,Pathogens,exact,0,632,yersinia pestis,bacteria/rickettsia,gammaproteobacteria,enterobacterales,yersiniaceae,yersinia,TRUE,cerradomys subflavus,37022,cerradomys,cricetidae,rodentia,mammalia,TRUE,PCR/Sequencing,NCBI Nucleotide,FALSE,EID2,Wardeh et al. 2015 Sci Data,https://doi.org/10.1038/sdata.2015.49,NA,NCBI Nucleotide,NA,2012,23865,406828476,High
B5,Yersinia pestis,Pathogens,exact,0,632,yersinia pestis,bacteria/rickettsia,gammaproteobacteria,enterobacterales,yersiniaceae,yersinia,TRUE,cynomys ludovicianus,45480,cynomys,sciuridae,rodentia,mammalia,TRUE,Isolation/Observation,Isolation,FALSE,Shaw,Shaw et al. 2020 Mol Ecol,https://doi.org/10.1111/mec.15463,NA,DOI: 10.1890/1540-9295(2004)002[0235:POEIPD]2.0.CO,NA,NA,24412,NA,High
B5,Yersinia pestis,Pathogens,exact,0,632,yersinia pestis,bacteria/rickettsia,gammaproteobacteria,enterobacterales,yersiniaceae,yersinia,TRUE,eothenomys miletus,259054,eothenomys,cricetidae,rodentia,mammalia,TRUE,Isolation/Observation,Isolation,FALSE,Shaw,Shaw et al. 2020 Mol Ecol,https://doi.org/10.1111/mec.15463,2013,"Cui Y, 2013, Proc Natl Acad Sci U S A, 110",23271803,NA,24764,NA,High
B5,Yersinia pestis,Pathogens,exact,0,632,yersinia pestis,bacteria/rickettsia,gammaproteobacteria,enterobacterales,yersiniaceae,yersinia,TRUE,homo sapiens,9606,homo,hominidae,primates,mammalia,TRUE,PCR/Sequencing; Isolation/Observation,NCBI Nucleotide; Isolation,FALSE,EID2; Shaw,Wardeh et al. 2015 Sci Data; Shaw et al. 2020 Mol Ecol,https://doi.org/10.1038/sdata.2015.49; https://doi.org/10.1111/mec.15463,NA; 2001,"NCBI Nucleotide; Parkhill J, 2001, Nature, 413",NA; 11586360,1999; 2009; 2010; 2011; 2012; NA,64190; 64191; 64192; 64193; 64194; 64195; 64196; 64197; 64198; 64199; 64200; 64201; 64202; 64203; 64204; 64205; 64206; 64207; 64208; 64209; 64210; 64211; 64212; 64213,6015962; 6066835; 6066849; 6066875; 6066889; 6249554; 226934919; 226934922; 310756648; 310756650; 310756652; 320013210; 320017468; 320017522; 320017637; 406828461; 406828462; 406828469; 406828472; 406828473; 406828475; 406828478; 406828479; NA,High
B5,Yersinia pestis,Pathogens,exact,0,632,yersinia pestis,bacteria/rickettsia,gammaproteobacteria,enterobacterales,yersiniaceae,yersinia,TRUE,lasiopodomys brandtii,407171,lasiopodomys,cricetidae,rodentia,mammalia,TRUE,Isolation/Observation,Isolation,FALSE,Shaw,Shaw et al. 2020 Mol Ecol,https://doi.org/10.1111/mec.15463,2013,"Cui Y, 2013, Proc Natl Acad Sci U S A, 110",23271803,NA,64419,NA,High
B5,Yersinia pestis,Pathogens,exact,0,632,yersinia pestis,bacteria/rickettsia,gammaproteobacteria,enterobacterales,yersiniaceae,yersinia,TRUE,lynx canadensis,61383,lynx,felidae,carnivora,mammalia,TRUE,Isolation/Observation,Isolation,FALSE,Shaw,Shaw et al. 2020 Mol Ecol,https://doi.org/10.1111/mec.15463,2006,"Wild MA, 2006, J Wildl Dis, 42",17092896,NA,64579,NA,High
B5,Yersinia pestis,Pathogens,exact,0,632,yersinia pestis,bacteria/rickettsia,gammaproteobacteria,enterobacterales,yersiniaceae,yersinia,TRUE,marmota baibacina,93157,marmota,sciuridae,rodentia,mammalia,TRUE,PCR/Sequencing; Isolation/Observation,NCBI Nucleotide; Isolation,FALSE,EID2; Shaw,Wardeh et al. 2015 Sci Data; Shaw et al. 2020 Mol Ecol,https://doi.org/10.1038/sdata.2015.49; https://doi.org/10.1111/mec.15463,NA; 2013,"NCBI Nucleotide; Cui Y, 2013, Proc Natl Acad Sci U S A, 110",NA; 23271803,2004; NA,64751; 64752,49617358; NA,High
B5,Yersinia pestis,Pathogens,exact,0,632,yersinia pestis,bacteria/rickettsia,gammaproteobacteria,enterobacterales,yersiniaceae,yersinia,TRUE,marmota caudata,71802,marmota,sciuridae,rodentia,mammalia,TRUE,Isolation/Observation,Isolation,FALSE,Shaw,Shaw et al. 2020 Mol Ecol,https://doi.org/10.1111/mec.15463,2013,"Cui Y, 2013, Proc Natl Acad Sci U S A, 110",23271803,NA,64753,NA,High
B5,Yersinia pestis,Pathogens,exact,0,632,yersinia pestis,bacteria/rickettsia,gammaproteobacteria,enterobacterales,yersiniaceae,yersinia,TRUE,marmota himalayana,93163,marmota,sciuridae,rodentia,mammalia,TRUE,Isolation/Observation,Isolation,FALSE,Shaw,Shaw et al. 2020 Mol Ecol,https://doi.org/10.1111/mec.15463,2013,"Cui Y, 2013, Proc Natl Acad Sci U S A, 110",23271803,NA,64756,NA,High
B5,Yersinia pestis,Pathogens,exact,0,632,yersinia pestis,bacteria/rickettsia,gammaproteobacteria,enterobacterales,yersiniaceae,yersinia,TRUE,marmota sibirica,93166,marmota,sciuridae,rodentia,mammalia,TRUE,Isolation/Observation,Isolation,FALSE,Shaw,Shaw et al. 2020 Mol Ecol,https://doi.org/10.1111/mec.15463,2013,"Cui Y, 2013, Proc Natl Acad Sci U S A, 110",23271803,NA,64762,NA,High
B5,Yersinia pestis,Pathogens,exact,0,632,yersinia pestis,bacteria/rickettsia,gammaproteobacteria,enterobacterales,yersiniaceae,yersinia,TRUE,meles meles,9662,meles,mustelidae,carnivora,mammalia,TRUE,Isolation/Observation,Isolation,FALSE,Shaw,Shaw et al. 2020 Mol Ecol,https://doi.org/10.1111/mec.15463,2013,"Cui Y, 2013, Proc Natl Acad Sci U S A, 110",23271803,NA,64935,NA,High
B5,Yersinia pestis,Pathogens,exact,0,632,yersinia pestis,bacteria/rickettsia,gammaproteobacteria,enterobacterales,yersiniaceae,yersinia,TRUE,meriones meridianus,261754,meriones,muridae,rodentia,mammalia,TRUE,Isolation/Observation,Isolation,FALSE,Shaw,Shaw et al. 2020 Mol Ecol,https://doi.org/10.1111/mec.15463,2013,"Cui Y, 2013, Proc Natl Acad Sci U S A, 110",23271803,NA,64964,NA,High
B5,Yersinia pestis,Pathogens,exact,0,632,yersinia pestis,bacteria/rickettsia,gammaproteobacteria,enterobacterales,yersiniaceae,yersinia,TRUE,meriones unguiculatus,10047,meriones,muridae,rodentia,mammalia,TRUE,Isolation/Observation,Isolation,FALSE,Shaw,Shaw et al. 2020 Mol Ecol,https://doi.org/10.1111/mec.15463,2013,"Cui Y, 2013, Proc Natl Acad Sci U S A, 110",23271803,NA,65002,NA,High
B5,Yersinia pestis,Pathogens,exact,0,632,yersinia pestis,bacteria/rickettsia,gammaproteobacteria,enterobacterales,yersiniaceae,yersinia,TRUE,microtus arvalis,47230,microtus,cricetidae,rodentia,mammalia,TRUE,Isolation/Observation,Isolation,FALSE,Shaw,Shaw et al. 2020 Mol Ecol,https://doi.org/10.1111/mec.15463,2013,"Cui Y, 2013, Proc Natl Acad Sci U S A, 110",23271803,NA,65197,NA,High
B5,Yersinia pestis,Pathogens,exact,0,632,yersinia pestis,bacteria/rickettsia,gammaproteobacteria,enterobacterales,yersiniaceae,yersinia,TRUE,mustela eversmannii,77149,mustela,mustelidae,carnivora,mammalia,TRUE,Isolation/Observation,Isolation,FALSE,Shaw,Shaw et al. 2020 Mol Ecol,https://doi.org/10.1111/mec.15463,2013,"Cui Y, 2013, Proc Natl Acad Sci U S A, 110",23271803,NA,66374,NA,High
B5,Yersinia pestis,Pathogens,exact,0,632,yersinia pestis,bacteria/rickettsia,gammaproteobacteria,enterobacterales,yersiniaceae,yersinia,TRUE,mustela nigripes,77151,mustela,mustelidae,carnivora,mammalia,TRUE,Isolation/Observation,Isolation,FALSE,Shaw,Shaw et al. 2020 Mol Ecol,https://doi.org/10.1111/mec.15463,1994,"Williams ES, 1994, J Wildl Dis, 30",7760495,NA,66378,NA,High
B5,Yersinia pestis,Pathogens,exact,0,632,yersinia pestis,bacteria/rickettsia,gammaproteobacteria,enterobacterales,yersiniaceae,yersinia,TRUE,necromys lasiurus,30635,necromys,cricetidae,rodentia,mammalia,TRUE,PCR/Sequencing,NCBI Nucleotide,FALSE,EID2,Wardeh et al. 2015 Sci Data,https://doi.org/10.1038/sdata.2015.49,NA,NCBI Nucleotide,NA,2012,66725; 66726; 66727; 66728; 66729,406828460; 406828467; 406828468; 406828474; 406828477,High
B5,Yersinia pestis,Pathogens,exact,0,632,yersinia pestis,bacteria/rickettsia,gammaproteobacteria,enterobacterales,yersiniaceae,yersinia,TRUE,neodon fuscus,771787,neodon,cricetidae,rodentia,mammalia,TRUE,Isolation/Observation,Isolation,FALSE,Shaw,Shaw et al. 2020 Mol Ecol,https://doi.org/10.1111/mec.15463,2013,"Cui Y, 2013, Proc Natl Acad Sci U S A, 110",23271803,NA,66730,NA,High
B5,Yersinia pestis,Pathogens,exact,0,632,yersinia pestis,bacteria/rickettsia,gammaproteobacteria,enterobacterales,yersiniaceae,yersinia,TRUE,ochotona dauurica,130827,ochotona,ochotonidae,lagomorpha,mammalia,TRUE,Isolation/Observation,Isolation,FALSE,Shaw,Shaw et al. 2020 Mol Ecol,https://doi.org/10.1111/mec.15463,2013,"Cui Y, 2013, Proc Natl Acad Sci U S A, 110",23271803,NA,66912,NA,High
B5,Yersinia pestis,Pathogens,exact,0,632,yersinia pestis,bacteria/rickettsia,gammaproteobacteria,enterobacterales,yersiniaceae,yersinia,TRUE,ochotona pallasi,130839,ochotona,ochotonidae,lagomorpha,mammalia,TRUE,Isolation/Observation,Isolation,FALSE,Shaw,Shaw et al. 2020 Mol Ecol,https://doi.org/10.1111/mec.15463,NA,doi:10.3103/S0891416815010073,NA,NA,66913,NA,High
B5,Yersinia pestis,Pathogens,exact,0,632,yersinia pestis,bacteria/rickettsia,gammaproteobacteria,enterobacterales,yersiniaceae,yersinia,TRUE,odocoileus hemionus,9872,odocoileus,cervidae,artiodactyla,mammalia,TRUE,Isolation/Observation,DirectOther; Isolation,FALSE,GMPD2; Shaw,Stephens et al. 2017 Ecology; Shaw et al. 2020 Mol Ecol,https://doi.org/10.1002/ecy.1799; https://doi.org/10.1111/mec.15463,2008; NA,"Edmunds et al. 2008; Edmunds DR, 2008, J Wildl Dis, 44; GMPD",NA; 18957655,NA,66992; 66994; 66995,NA,High
B5,Yersinia pestis,Pathogens,exact,0,632,yersinia pestis,bacteria/rickettsia,gammaproteobacteria,enterobacterales,yersiniaceae,yersinia,TRUE,onychomys leucogaster,38668,onychomys,cricetidae,rodentia,mammalia,TRUE,Isolation/Observation,Isolation,FALSE,Shaw,Shaw et al. 2020 Mol Ecol,https://doi.org/10.1111/mec.15463,2013,"Cui Y, 2013, Proc Natl Acad Sci U S A, 110",23271803,NA,67194,NA,High
B5,Yersinia pestis,Pathogens,exact,0,632,yersinia pestis,bacteria/rickettsia,gammaproteobacteria,enterobacterales,yersiniaceae,yersinia,TRUE,orientallactaga sibirica,234626,orientallactaga,dipodidae,rodentia,mammalia,TRUE,Isolation/Observation,Isolation,FALSE,Shaw,Shaw et al. 2020 Mol Ecol,https://doi.org/10.1111/mec.15463,2013,"Cui Y, 2013, Proc Natl Acad Sci U S A, 110",23271803,NA,67205,NA,High
B5,Yersinia pestis,Pathogens,exact,0,632,yersinia pestis,bacteria/rickettsia,gammaproteobacteria,enterobacterales,yersiniaceae,yersinia,TRUE,ovis aries,9940,ovis,bovidae,artiodactyla,mammalia,TRUE,Isolation/Observation,Isolation,FALSE,Shaw,Shaw et al. 2020 Mol Ecol,https://doi.org/10.1111/mec.15463,2013,"Cui Y, 2013, Proc Natl Acad Sci U S A, 110",23271803,NA,71760,NA,High
B5,Yersinia pestis,Pathogens,exact,0,632,yersinia pestis,bacteria/rickettsia,gammaproteobacteria,enterobacterales,yersiniaceae,yersinia,TRUE,pseudois nayaur,59542,pseudois,bovidae,artiodactyla,mammalia,TRUE,Isolation/Observation,Isolation,FALSE,Shaw,Shaw et al. 2020 Mol Ecol,https://doi.org/10.1111/mec.15463,2013,"Cui Y, 2013, Proc Natl Acad Sci U S A, 110",23271803,NA,72990,NA,High
B5,Yersinia pestis,Pathogens,exact,0,632,yersinia pestis,bacteria/rickettsia,gammaproteobacteria,enterobacterales,yersiniaceae,yersinia,TRUE,puma concolor,9696,puma,felidae,carnivora,mammalia,TRUE,Isolation/Observation,DirectBlood,FALSE,GMPD2,Stephens et al. 2017 Ecology,https://doi.org/10.1002/ecy.1799,1994,Paul-Murphy et al. 1994,NA,NA,73029,NA,High
B5,Yersinia pestis,Pathogens,exact,0,632,yersinia pestis,bacteria/rickettsia,gammaproteobacteria,enterobacterales,yersiniaceae,yersinia,TRUE,rattus norvegicus,10116,rattus,muridae,rodentia,mammalia,TRUE,Isolation/Observation,Isolation,FALSE,Shaw,Shaw et al. 2020 Mol Ecol,https://doi.org/10.1111/mec.15463,2013,"Cui Y, 2013, Proc Natl Acad Sci U S A, 110",23271803,NA,73983,NA,High
B5,Yersinia pestis,Pathogens,exact,0,632,yersinia pestis,bacteria/rickettsia,gammaproteobacteria,enterobacterales,yersiniaceae,yersinia,TRUE,rattus rattus,10117,rattus,muridae,rodentia,mammalia,TRUE,PCR/Sequencing; Isolation/Observation,NCBI Nucleotide; Isolation,FALSE,EID2; Shaw,Wardeh et al. 2015 Sci Data; Shaw et al. 2020 Mol Ecol,https://doi.org/10.1038/sdata.2015.49; https://doi.org/10.1111/mec.15463,NA; 2010,"NCBI Nucleotide; Tollenaere C, 2010, Ecohealth, 7",NA; 20443044,2012; NA,74103; 74104; 74105,406828463; 406828466; NA,High
B5,Yersinia pestis,Pathogens,exact,0,632,yersinia pestis,bacteria/rickettsia,gammaproteobacteria,enterobacterales,yersiniaceae,yersinia,TRUE,rattus tanezumi,35732,rattus,muridae,rodentia,mammalia,TRUE,Isolation/Observation,Isolation,FALSE,Shaw,Shaw et al. 2020 Mol Ecol,https://doi.org/10.1111/mec.15463,2013,"Cui Y, 2013, Proc Natl Acad Sci U S A, 110",23271803,NA,74110,NA,High
B5,Yersinia pestis,Pathogens,exact,0,632,yersinia pestis,bacteria/rickettsia,gammaproteobacteria,enterobacterales,yersiniaceae,yersinia,TRUE,rhombomys opimus,186474,rhombomys,muridae,rodentia,mammalia,TRUE,Isolation/Observation,Isolation,FALSE,Shaw,Shaw et al. 2020 Mol Ecol,https://doi.org/10.1111/mec.15463,2013,"Cui Y, 2013, Proc Natl Acad Sci U S A, 110",23271803,NA,74140,NA,High
B5,Yersinia pestis,Pathogens,exact,0,632,yersinia pestis,bacteria/rickettsia,gammaproteobacteria,enterobacterales,yersiniaceae,yersinia,TRUE,spermophilus alashanicus,99830,spermophilus,sciuridae,rodentia,mammalia,TRUE,Isolation/Observation,Isolation,FALSE,Shaw,Shaw et al. 2020 Mol Ecol,https://doi.org/10.1111/mec.15463,2013,"Cui Y, 2013, Proc Natl Acad Sci U S A, 110",23271803,NA,74343,NA,High
B5,Yersinia pestis,Pathogens,exact,0,632,yersinia pestis,bacteria/rickettsia,gammaproteobacteria,enterobacterales,yersiniaceae,yersinia,TRUE,spermophilus dauricus,99837,spermophilus,sciuridae,rodentia,mammalia,TRUE,Isolation/Observation,Isolation,FALSE,Shaw,Shaw et al. 2020 Mol Ecol,https://doi.org/10.1111/mec.15463,2013,"Cui Y, 2013, Proc Natl Acad Sci U S A, 110",23271803,NA,74359,NA,High
B5,Yersinia pestis,Pathogens,exact,0,632,yersinia pestis,bacteria/rickettsia,gammaproteobacteria,enterobacterales,yersiniaceae,yersinia,TRUE,urocitellus parryii,9999,urocitellus,sciuridae,rodentia,mammalia,TRUE,Isolation/Observation,Isolation,FALSE,Shaw,Shaw et al. 2020 Mol Ecol,https://doi.org/10.1111/mec.15463,2013,"Cui Y, 2013, Proc Natl Acad Sci U S A, 110",23271803,NA,82837,NA,High
B5,Yersinia pestis,Pathogens,exact,0,632,yersinia pestis,bacteria/rickettsia,gammaproteobacteria,enterobacterales,yersiniaceae,yersinia,TRUE,urocyon cinereoargenteus,55040,urocyon,canidae,carnivora,mammalia,TRUE,Isolation/Observation,DirectBlood,FALSE,GMPD2,Stephens et al. 2017 Ecology,https://doi.org/10.1002/ecy.1799,1995,Patrick and Harrison 1995,NA,NA,82880,NA,High
B5,Yersinia pestis,Pathogens,exact,0,632,yersinia pestis,bacteria/rickettsia,gammaproteobacteria,enterobacterales,yersiniaceae,yersinia,TRUE,ursus americanus,9643,ursus,ursidae,carnivora,mammalia,TRUE,Isolation/Observation,DirectBlood,FALSE,GMPD2,Stephens et al. 2017 Ecology,https://doi.org/10.1002/ecy.1799,1982,Ruppanner et al. 1982,NA,NA,82958,NA,High
B5,Yersinia pestis,Pathogens,exact,0,632,yersinia pestis,bacteria/rickettsia,gammaproteobacteria,enterobacterales,yersiniaceae,yersinia,TRUE,vulpes vulpes,9627,vulpes,canidae,carnivora,mammalia,TRUE,Isolation/Observation,Isolation,FALSE,Shaw,Shaw et al. 2020 Mol Ecol,https://doi.org/10.1111/mec.15463,2013,"Cui Y, 2013, Proc Natl Acad Sci U S A, 110",23271803,NA,83174,NA,High
