disease,hosts,second,vectors,total,level,add geog,correct_region,combine,comment,good?,countries,no.countries,group,group2,disease,all_host,host_type,secondary,secondary_type,all_vectors,vector_type,Type,host_type,human_to_human
alkhurma,2,NA,NA,2,3,,,1,,1,SA,2,flavivirus,flavivirus,Tick-borne Encephalitis,"sheep,camelus",domestic,NA,NA,ornithodoros savignyi,NA,HOST->VECTOR->HUMAN,HOST->VECTOR->HUMAN,no
allpahuayo,3,NA,NA,3,3,,,2,,1,PE,2,arenavirus,arenavirus,None reported,oecomys,mammalia,NA,NA,NA,NA,HOST->HUMAN,HOST->HUMAN,no
amur,1,NA,NA,1,1,RU,,3,,1,"CN,KR,KP",8,hantavirus,hantavirus,Hantavirus hemorrhagic fever with renal syndrome (HFRS),apodemus peninsulae,mammalia,NA,NA,NA,NA,HOST->HUMAN,HOST->HUMAN,no
anajatuba,1,NA,NA,1,0,,,4,,0,BR,2,hantavirus,hantavirus,HCPS,oligoryzomys fornesi,mammalia,NA,NA,NA,NA,HOST->HUMAN,HOST->HUMAN,no
anaplasma phagocytophilum,14,NA,9,23,0,,,5,,1,"CA,US,ES,IT,DE,AT,CY,CZ,PL,BG,FI,NO,SE,CN",41,bacteria,bacteria,Ehrlichioses,"alces alces,apodemus agrarius,apodemus sylvaticus,capreolus capreolus,cervus elaphus,myodes glareolus,odocoileus virginianus,peromyscus leucopus,procyon lotor,sciurus carolinensis,sciurus griseus,sorex araneus,sylvilagus floridanus,tamias striatus",mammalia,NA,NA,"ixodes pacificus,amblyomma americanum,amblyomma maculatum,amblyomma testudinarium,haemaphysalis longicornis,haemaphysalis yeni,haemaphysalis yeni ,ixodes ricinus,dermacentor variabilis,ixodes pacificus,amblyomma americanum,rhipicephalus sanguineus",NA,HOST->VECTOR->HUMAN,HOST->VECTOR->HUMAN,no
andes,1,NA,NA,1,3,,,6,,1,"CL,AR",8,hantavirus,hantavirus,Hantavirus Cardiopulmonary Syndrome,oligoryzomys longicaudatus,mammalia,NA,NA,NA,NA,HOST->HUMAN->HUMAN,HOST->HUMAN,yes
oran,1,NA,NA,1,2,,,6,,0,AR,2,hantavirus,hantavirus,Hantavirus Pulmonary Syndrome,oligoryzomys longicaudatus,mammalia,NA,NA,NA,NA,HOST->HUMAN,HOST->HUMAN,no
angiostrongylus cantonensis,2,NA,2,4,1,,,7,,1,"US,EC,BR,TO,AS,PF,CU,DO,JM,CI,EG,IN,CN,TH,VN,TW,AU,PG,JP,ID,MY,NC",65,parasite,angiostrongylus,Eosinophilic meningitis,"bandicota,varanus",mammalia,NA,NA,"achatina fulica,pomacea canaliculata",NA,HOST->VECTOR->HUMAN,HOST->VECTOR->HUMAN,no
angiostrongylus costaricensis ,2,NA,1,3,2,,,8,,1,"CR,PA,EC,CO,PE,VE,BR,MX",23,parasite,angiostrongylus,Eosinophilic meningitis,sigmodon hispidus,mammalia,NA,NA,"sarasinula,veronicella",NA,HOST->VECTOR->HUMAN,HOST->VECTOR->HUMAN,no
apeu,2,NA,2,4,3,,,9,,1,"PE,BR",5,orthobunyavirus,orthobunyavirus,Bunyavirus Group C Disease,"caluromys philander,marmosa demerarae",mammalia,NA,NA,"howardina arborealis,howardina septemstriata,culex aikenii ",mosquito,HOST->VECTOR->HUMAN,HOST->VECTOR->HUMAN,no
araraquara,1,NA,NA,1,0,,,10,,0,BR,2,hantavirus,hantavirus,Hantavirus Pulmonary Syndrome,necromys lasiurus,mammalia,NA,NA,NA,NA,HOST->HUMAN,HOST->HUMAN,no
aravan,1,NA,NA,1,2,,,11,,1,"KZ,UZ,TM,TJ,KG,PK,AF",23,lyssavirus,lyssavirus,Rabies,myotis blythii,mammalia,NA,NA,NA,NA,HOST->HUMAN,HOST->HUMAN,no
khujand,2,NA,NA,2,3,,,1111,same as but better than aravan - asian lyssaviruses -combine,1,"KZ,UZ,TM,TJ,KG,PK,AF",23,lyssavirus,lyssavirus,None reported,myotis mystacinus,mammalia,NA,NA,NA,NA,HOST->HUMAN,HOST->HUMAN,no
asama,1,NA,NA,1,2,,japan,12,,1,JP,2,hantavirus,hantavirus,None reported,urotrichus talpoides,mammalia,NA,NA,NA,NA,HOST->HUMAN,HOST->HUMAN,no
ashriver,1,NA,NA,1,1,,,13,,0,US,2,hantavirus,hantavirus,None reported,sorex cinereus,mammalia,NA,NA,NA,NA,HOST->HUMAN,HOST->HUMAN,no
australian bat lyssa,2,NA,NA,2,2,,australia,14,,1,AU,2,lyssavirus,lyssavirus,Fatal encephalitis,"saccolaimus flaviventris,pteropus",mammalia,NA,NA,NA,NA,HOST->HUMAN,HOST->HUMAN,no
azagny,1,NA,NA,1,0,,,15,,0,CI,2,hantavirus,hantavirus,None reported,crocidura obscurior,mammalia,NA,NA,NA,NA,HOST->HUMAN,HOST->HUMAN,no
babesia divergens,1,NA,1,2,2,,,16,,1,"PT,FR,ES,GB,IT,CH,AT,BE,NL,FI",29,parasite,babesia,Babesiosis,cattle,domestic,NA,NA,ixodes ricinus,tick,HOST->VECTOR->HUMAN,HOST->VECTOR->HUMAN,no
babesia venatorum,2,NA,1,3,2,,,16,same as above babesia divergens,1,"PT,FR,ES,GB,IT,CH,AT,BE,NL,FI",29,parasite,babesia,Babesiosis,"goats,capreolus",domestic,NA,NA,ixodes ricinus,tick,HOST->VECTOR->HUMAN,HOST->VECTOR->HUMAN,no
babesia meri,1,NA,3,4,2,,,17,,1,"EG,TN,LY,MO,DZ,MA,JO,SA",59,parasite,babesia,None reported,psammomys obesus,mammalia,NA,NA,ornithodoros erraticus,NA,HOST->VECTOR->HUMAN,HOST->VECTOR->HUMAN,no
babesia microti,5,NA,1,6,2,,,18,,1,"US,CA,MX",8,parasite,babesia,Babesiosis,"peromyscus leucopus,procyon lotor,blarina brevicauda,tamias striatus",mammalia,NA,NA,ixodes scapularis,tick,HOST->VECTOR->HUMAN,HOST->VECTOR->HUMAN,no
babesia microti european,1,NA,1,2,2,,,19,,1,DE,2,parasite,babesia,Babesiosis,microtus agrestis,mammalia,NA,NA,ixodes ricinus,tick,HOST->VECTOR->HUMAN,HOST->VECTOR->HUMAN,no
babesia microti japanese,2,NA,1,3,2,,japan,20,,1,JP,2,parasite,babesia,Babesiosis,"apodemus speciosus,apodemus argenteus",mammalia,NA,NA,ixodes ovatus,tick,HOST->VECTOR->HUMAN,HOST->VECTOR->HUMAN,no
banna,1,NA,10,11,2,,,22,,1,"CN,ID,VN",8,seadornavirus,seadornavirus,None reported,pigs,domestic,NA,NA,"stegomyia albopicta,aedimorphus vexans,anopheles sinensis,culex annulus,culex modestus,culex pipiens,culex tritaeniorhynchus,ochlerotatus dorsalis",NA,HOST->VECTOR->HUMAN,HOST->VECTOR->HUMAN,no
barmah forest,4,NA,12,16,2,,,23,,1,AU,2,alphavirus ,alphavirus,Barmah Forest virus disease,"macropus,dendrolagus,petrogale,thylogale",mammalia,NA,NA,"ochlerotatus normanensis,ochlerotatus normanensis,ochlerotatus bancroftianus,ochlerotatus vigilax,culex annulirostris,culex molestus,culex cylindricus,coquillettidia linealis,ochlerotatus vigilax,ochlerotatus camptorhynchus,culicoides marksi  ",mosquito,HOST->VECTOR->HUMAN,HOST->VECTOR->HUMAN,no
bartonella bacilliformis,1,NA,4,5,2,,,24,,1,"CO,EC,PE",8,bacteria,bacteria,Bartonellosis,human,human,NA,NA,lutzomyia verrucarum,sandfly,HUMAN->VECTOR->HUMAN,HUMAN->VECTOR,no
bat sars-like coronavirus wiv1,1,1,NA,2,NA,,,25,,1,NA,2,betacoronavirus,betacoronavirus,SARS,rhinolophus sinicus,mammalia,paguma larvata,mammalia,NA,NA,HOST->HUMAN,HOST->HUMAN,no
baylisascaris procyonis,2,NA,NA,2,0,,,26,,1,"US,CA",5,parasite,baylisascaris,Raccoon Roundworm Infection,procyon lotor,mammalia,NA,NA,NA,NA,HOST->HUMAN,HOST->HUMAN,no
bayou,2,NA,NA,2,2,,,27,,1,US,2,hantavirus,hantavirus,Hantavirus Pulmonary Syndrome,oryzomys palustris,mammalia,NA,NA,NA,NA,HOST->HUMAN,HOST->HUMAN,no
bear canyon,1,NA,NA,1,3,,,28,,1,US,2,arenavirus,arenavirus,None reported,peromyscus californicus,mammalia,NA,NA,NA,NA,HOST->HUMAN,HOST->HUMAN,no
bermejo,1,NA,NA,1,3,,,29,hotspot_issue,1,AR,2,hantavirus,hantavirus,Hantavirus Pulmonary Syndrome,oligoryzomys chacoensis,mammalia,NA,NA,NA,NA,HOST->HUMAN,HOST->HUMAN,no
neembucu,1,NA,NA,1,2,,,29,paraguay hotspot - check similarity and combine,0,PY,2,hantavirus,hantavirus,None reported,oligoryzomys chacoensis,mammalia,NA,NA,NA,NA,HOST->HUMAN,HOST->HUMAN,no
bloodland lake,1,NA,NA,1,2,,,31,,1,US,2,hantavirus,hantavirus,None reported,microtus ochrogaster,mammalia,NA,NA,NA,NA,HOST->HUMAN,HOST->HUMAN,no
blue river,1,NA,NA,1,2,,,32,,1,US,2,hantavirus,hantavirus,None reported,peromyscus leucopus,mammalia,NA,NA,NA,NA,HOST->HUMAN,HOST->HUMAN,no
monongahela,1,NA,NA,1,1,,,32,,0,US,2,hantavirus,hantavirus,Hantavirus Pulmonary Syndrome,peromyscus leucopus,mammalia,NA,NA,NA,NA,HOST->HUMAN,HOST->HUMAN,no
bokeloh bat lyssavirus,2,NA,NA,2,2,,,33,score_limit_value,1,"DE,FR",5,lyssavirus,lyssavirus,None reported,myotis nattereri,mammalia,NA,NA,NA,NA,HOST->HUMAN,HOST->HUMAN,no
borna,5,4,NA,9,0,,,34,,0,"US,CA,MX,PE,ES,PT,IT,SN,GM,GW,GN,SL,LR,CI,GH,ML,BF,TG,BJ,NE,NG,SO,ET,KE,UG,TZ,BI,RW,TR,IL,GE,JO,LB,SY,PS,IQ,SA,IR,AM,AZ,MM,TH,LA,KH,VN,MY,PH,BN,MN",146,bornaviridae,bornaviridae,None reported,"canis lupus,crocidura,procyon,vulpes",mammalia,"cattle,pigs,sheep,goats",domestic,NA,NA,HOST->HUMAN,HOST->HUMAN,no
borrelia afzelii,4,NA,NA,4,0,,,35,,1,"PT,FR,ES,GB,IT,CH,AT,BE,NL,SI,SK,RO,PL,CZ,HU,HR,BA,RS,AL,BG,MK,GR,UA,MD,BY,EE,LT,LV,NO,SE,FI,RU,MN,JP,CN",104,bacteria,borrelia,Lyme disease,"myodes rufocanus,myodes rutilus,apodemus speciosus,lepus timidus",mammalia,NA,NA,ixodes persculatus,tick,HOST->VECTOR->HUMAN,HOST->VECTOR->HUMAN,no
borrelia burgdorferi,7,NA,5,12,2,,,36,,1,"US,CA,MX,PT,FR,ES,GB,IT",8,bacteria,borrelia,Lyme disease,"peromyscus leucopus,tamias striatus,blarina brevicauda,sorex cinereus,sciurus carolinensis,sciurus griseus",mammalia,NA,NA,"ixodes pacificus,ixodes persculatus,ixodes pacificus ,ixodes persulcaus,ixodes ricinus,ixodes scapularis",NA,HOST->VECTOR->HUMAN,HOST->VECTOR->HUMAN,no
borrelia crocidurae,1,NA,1,2,2,,,37,,1,"EG,ML,SN,TN",11,bacteria,borrelia,Soft Tick-Borne Relapsing Fever,crocidura,mammalia,NA,NA,"ornithodoros erraticus,ornithodoros sonrai",NA,HOST->VECTOR->HUMAN,HOST->VECTOR->HUMAN,no
borrelia duttoni,1,2,1,4,2,,,38,,1,"SN,KE,MW,TD,ZA",14,bacteria,borrelia,Soft Tick-Borne Relapsing Fever,mastomys natalensis,human,NA,NA,ornithodoros moubata,NA,HOST->VECTOR->HUMAN,HOST->VECTOR->HUMAN,no
borrelia garinii,3,4,1,8,2,,europe,39,,1,"PT,FR,ES,GB,IT,CH,AT,BE,NL,SI,SK,RO,PL,CZ,HU,HR,BA,RS,AL,BG,MK,GR,UA,MD",71,bacteria,borrelia,Lyme disease,"sus scrofa,capreolus capreolus,cervus elaphus",mammalia,"cattle,pigs,sheep,goats",domestic,ixodes ricinus,NA,HOST->VECTOR->HUMAN,HOST->VECTOR->HUMAN,no
borrelia hermsii,3,NA,1,4,2,,,40,,1,"US,CA",5,bacteria,borrelia,Soft Tick-Borne Relapsing Fever,"tamias,tamiasciurus hudsonicus,peromyscus maniculatus",mammalia,NA,NA,ornithodoros hermsi,NA,HOST->VECTOR->HUMAN,HOST->VECTOR->HUMAN,no
borrelia miyamotoi,13,NA,4,17,0,,,41,,1,"JP,RU",8,bacteria,borrelia,Hard Tick-Borne Relapsing Fever,"peromyscus leucopus,tamias striatus,blarina brevicauda,sorex cinereus,sciurus carolinensis,sciurus griseus,myodes rufocanus,myodes rutilus,apodemus speciosus,lepus timidus,sus scrofa,capreolus capreolus,cervus elaphus",mammalia,NA,NA,"ixodes pacificus,ixodes persculatus,ixodes pacificus ,ixodes persulcaus,ixodes ricinus,ixodes scapularis,ixodes persculatus,ixodes ricinus",NA,HOST->VECTOR->HUMAN,HOST->VECTOR->HUMAN,no
brucella abortus,8,NA,NA,8,0,,,42,,1,"MX,PE,ES,PT,IT,SN,GM,GW,GN,SL,LR,CI,GH,ML,BF,TG,BJ,NE,NG,SO,ET,KE,UG,TZ,BI,RW,TR,IL,GE,JO,LB,SY,PS,IQ,SA,IR,AM,AZ,MM,TH,LA,KH,VN,MY,PH,BN,MN",140,bacteria,brucella,Brucellosis ,"bison bison,bos,syncerus caffer,bison bonasus,cattle,pigs,sheep,goats",mammalia,NA,NA,NA,NA,HOST->HUMAN,HOST->HUMAN,no
brucella suis,6,NA,NA,6,0,,,43,,0,"MX,PE,ES,PT,IT,SN,GM,GW,GN,SL,LR,CI,GH,ML,BF,TG,BJ,NE,NG,SO,ET,KE,UG,TZ,BI,RW,TR,IL,GE,JO,LB,SY,PS,IQ,SA,IR,AM,AZ,MM,TH,LA,KH,VN,MY,PH,BN,MN",140,bacteria,brucella,Brucellosis,"lepus europaeus,rangifer tarandus,cattle,pigs,sheep,goats",mammalia,NA,NA,NA,NA,HOST->HUMAN,HOST->HUMAN,no
brugia malayi,1,NA,9,10,1,,,44,,1,"VN,TH,PH,ID,BN,MY",17,parasite,brugia,Filariasis,human,human,NA,NA,"aedes,anopheles,mansonia,culex ",NA,HUMAN->VECTOR->HUMAN,HUMAN->VECTOR,no
brugia timori,1,NA,3,4,0,,,45,,0,"ID,TL",5,parasite,brugia,Filariasis,human,human,NA,NA,"anopheles barbirostris,culex",NA,HUMAN->VECTOR->HUMAN,HUMAN->VECTOR,no
bunyamwera,27,NA,1,28,1,,,46,,1,"SN,GN,CI,NG,CM,CF,UG,KE,MG,ZA",29,orthobunyavirus,orthobunyavirus,Viral hemorrhagic fever,"thamnomys,rattus,mus,aethomys,thallomys,arvicanthis,dasymys,hybomys,lemniscomys,mylomys,oenomys,pelomys,praomys,hylomyscus,mastomys,zelotomys,leggadina,acomys,colomys,cricetomys,lophuromys,malacomys,saccostomus,uranomys,ochrotomys",mammalia,NA,NA,stegomyia aegypti,NA,HOST->VECTOR->HUMAN,HOST->VECTOR->HUMAN,no
cache valley,4,NA,8,12,2,,,47,,1,US,2,orthobunyavirus,orthobunyavirus,Bunyamwera Viral fever,"odocoileus hemionus,odocoileus virginianus,cervus elaphus",mammalia,NA,NA,"neomelaniconion circumluteolum,skusea pembaensis,ochlerotatus sollicitan,culex tritaeniorhynchus,culiseta inornata,psorophora confinnis,anopheles grabhamii,anopheles quadrimaculatus,anopheles crucians ",mosquito,HOST->VECTOR->HUMAN,HOST->VECTOR->HUMAN,no
calabazo,1,NA,NA,1,2,,,48,,1,PA,2,hantavirus,hantavirus,None reported,zygodontomys brevicauda,mammalia,NA,NA,NA,NA,HOST->HUMAN,HOST->HUMAN,no
campripley,1,NA,NA,1,0,,,49,maine_hotspot?,0,US,2,hantavirus,hantavirus,None reported,blarina brevicauda,mammalia,NA,NA,NA,NA,HOST->HUMAN,HOST->HUMAN,no
caraparu,7,NA,3,10,2,,"central america,south america",50,,1,"PA,TT,GF,GY,SR,BR,PE",20,orthobunyavirus,orthobunyavirus,Bunyavirus Group C Disease,"hylaeamys megacephalus,hylaeamys laticeps,proechimys guyannensis,nectomys squamipes,zygodontomys brevicauda,heteromys anomalus,artibeus",mammalia,NA,NA,"culex vomerifer,culex portesi,culex caudelli,culex spissipes,limatus durhamii,wyeomyia",mosquito,HOST->VECTOR->HUMAN,HOST->VECTOR->HUMAN,no
castelo dos sonhos,1,NA,NA,1,1,,,51,,0,BR,2,hantavirus,hantavirus,HCPS,olygoryzomys utiaritensis,mammalia,NA,NA,NA,NA,HOST->HUMAN,HOST->HUMAN,no
cercopithecine herpes,1,NA,NA,1,2,,,52,,1,"AF,BD,CN,IN,LA,MM,VN,JP,TH,PK,NP",32,lymphocryptovirus,lymphocryptovirus,None reported,macaca,mammalia,NA,NA,NA,NA,HOST->HUMAN,HOST->HUMAN,no
chikungunya,22,NA,2,24,2,,,53,,1,"SN,GM,GW,GN,SL,LR,CI,GH,ML,BF,TG,BJ,NE,NG,ZA,NA,LS,BW,ZW,ZM,AO,MZ,SO,ET,KE,UG,TZ,BI,RW,IN,PK,MM,TH,LA,KH,VN,MY,PH,BN,CN,NC,TL",125,alphavirus ,alphavirus,Chikungunya Fever,"human,pan,pongo,gorilla,papio,mandrillus,callicebus,cercopithecus,macaca,saguinus,trachypithecus,alouatta,mico,aotus,presbytis,procolobus,pithecia,sapajus,ateles,hylobates,nomascus,semnopithecus,callithrix,cercocebus,chlorocebus,lophocebus,chiropotes,colobus,papio,rhinopithecus,saimiri",mammalia,NA,NA,"stegomyia aegypti,stegomyia albopicta",NA,HOST->VECTOR->HUMAN->VECTOR->HUMAN->HUMAN,HOST->VECTOR->HUMAN,yes
choclo,4,NA,NA,4,0,,,54,,0,PA,2,hantavirus,hantavirus,Hantavirus Pulmonary Syndrome,"oligoryzomys fulvescens,sigmodon hispidus",mammalia,NA,NA,NA,NA,HOST->HUMAN,HOST->HUMAN,no
clonorchis sinesis,6,NA,13,19,1,,,55,,1,"CN,TH,VN,KR,KP,JP,RU,TW",23,parasite,clonorchis,Clonorichiasis,"bithynia,parafossarulus,melanoides tuberculata,semisulcospira libertina,assiminea lutea,tarebia granifera",invert,NA,NA,"cyprinus carpio,ctenopharyngodon idellus,carassius carassius,pseudorasbora parva,abbottina rivularis,hemiculter,opsariichthys,rhodeus,sarcocheilichthys,zacco platypus,nipponocypris temminckii,hypomesus olidus",NA,HOST->VECTOR->HUMAN,HOST->VECTOR->HUMAN,no
colorado tick,13,NA,1,14,3,,,56,,1,"US,CA",5,coltivirus,coltivirus,Colorado Tick fever,"erethizon,coendou,chaetomys,ammospermophilus,spermophilus,cynomys,marmota,tamias,sciurotamias",mammalia,NA,NA,dermacentor andersoni,NA,HOST->VECTOR->HUMAN,HOST->VECTOR->HUMAN,no
cowpox,4,NA,NA,4,1,,europe,57,,1,"PT,FR,ES,GB,IT,CH,AT,BE,NL,SI,SK,RO,PL,CZ,HU,HR,BA,RS,AL,BG,MK,GR,UA,MD,BY,EE,LT,LV,NO,SE,FI",92,poxviridae,poxviridae,cowpox,"microtus,apodemus,myodes",mammalia,NA,NA,NA,NA,HOST->HUMAN,HOST->HUMAN,no
coxiella burnetii,6,NA,11,17,0,,,58,,0,"AG,DZ,AZ,AL,AM,AO,AS,AR,AU,BH,BB,BM,BS,BD,BZ,BA,BO,MM,BJ,SB,BR,BG,BN,CA,KH,LK,CG,CD,BI,CN,AF,BT,CL,KY,CM,TD,KM,CO,CR,CF,CU,CV,CK,CY,DK,DJ,DM,DO,EC,EG,IE,GQ,EE,ER,SV,ET,AT,CZ,GF,FI,FJ,FK,FM,PF,FR,GM,GA,GE,GH,GD,GL,DE,GU,GR,GT,GN,GY,HT,HN,HR,HU,IS,IN,IR,IL,IT,CI,IQ,JP,JM,JO,KE,KG,KP,KI,KR,KW,KZ,LA,LB,LV,BY,LT,LR,SK,LI,LY,MG,MQ,MN,MS,MK,ML,MA,MU,MR,MT,OM,MV,MX,MY,MZ,MW,NC,NU,NE,AW,AI,BE,HK,MP,FO,AD,GI,IM,LU,MO,MC,PS,ME,YT,AX,NF,CC,BV,TF,HM,IO,CX,UM,VU,NG,NL,NO,NP,NR,SR,NI,NZ,PY,PE,PK,PL,PA,PT,PG,GW,QA,RE,RO,MD,PH,PR,RU,RW,SA,KN,SC,ZA,LS,BW,SN,SI,SL,SG,SO,ES,LC,SD,SE,SY,CH,TT,TH,TJ,TK,TO,TG,ST,TN,TR,TV,TM,TZ,UG,GB,UA,US,BF,UY,UZ,VC,VE,VG,VN,VI,NA,WF,WS,SZ,YE,ZM,ZW,ID,GP,AN,AE,TL,PN,PW,MH,PM,SH,SM,TC,EH,RS,VA,MF,BL,GG,JE,GS,TW",731,bacteria,coxiella,Q Fever,"cattle,goats,sheep,macropus,dendrolagus,petrogale,thylogale",mammalia,NA,NA,"rhipicephalus sanguineus,haemaphysalis humerosa,amblyomma triguttatum,dermacentor occidentalis,amblyomma americanum,haemaphysalis leporis-palustris,ixodes dentatus,otobius magnini,ixodes holocyclus,haemaphysalis bispinosa,dermacentor andersoni,ixodes",NA,HOST->VECTOR->HUMAN->HUMAN,HOST->VECTOR->HUMAN,yes
crimean congo hemorrhagic,8,NA,14,22,0,,,59,,0,"MR,BF,CG,UG,KE,TZ,ZA,RS,KZ,TR,BG,IR,IQ,UA,SA,OM,AF,TJ,UZ",65,nairovirus,nairovirus,Crimean-Congo Hemorrhagic Fever,"lepus victoriae,lepus saxatilis,lepus capensis,lepus europaeus,lepus crawshayi,lepus microtis,sheep,cattle",mammalia,NA,NA,"hyalomma  plumbeum,hyalomma turanicum,hyalomma anatolicum,hyalomma asiaticum,hyalomma detritum,haemaphysalis punctata,rhipicephalus bursa,rhipicephalus pumilio,rhipicephalus sanguineus,rhipicephalus rossicus,rhipicephalus turanicus,dermancentor marginatus,ixodes ricinus,boophilus calcaratus,argas persicus  ",tick,HOST->VECTOR->HUMAN->HUMAN,HOST->VECTOR->HUMAN,yes
deer tick,1,NA,1,2,NA,,,60,,1,NA,5,flavivirus,flavivirus,Tick-borne Encephalitis,peromyscus leucopus,mammalia,NA,NA,ixodes scapularis,NA,HOST->VECTOR->HUMAN,HOST->VECTOR->HUMAN,no
dengue,1,NA,4,5,2,,,61,,1,"AG,DZ,AO,AS,BH,BB,BM,BS,BD,BZ,BO,MM,BJ,SB,BR,BN,KH,LK,CG,CD,BI,BT,KY,CM,TD,KM,CO,CR,CF,CU,CV,CK,DJ,DM,DO,EC,EG,GQ,ER,SV,ET,GF,FJ,FM,PF,GM,GA,GH,GD,GU,GT,GN,GY,HT,HN,IN,IR,IL,CI,IQ,JM,JO,KE,KI,KW,LA,LR,LY,MG,MQ,MS,ML,MA,MU,MR,OM,MV,MX,MY,MZ,MW,NC,NU,NE,AW,AI,HK,MP,MO,PS,YT,CC,IO,CX,UM,VU,NG,NP,NR,SR,NI,PY,PE,PK,PA,PG,GW,QA,RE,PH,PR,RW,SA,KN,SC,BW,SN,SL,SG,SO,LC,SD,TT,TH,TK,TO,TG,ST,TV,TZ,UG,BF,VC,VE,VG,VN,VI,NA,WF,WS,YE,ZM,ZW,ID,GP,AN,AE,TL,PW,MH,SH,TC,EH,MF,BL,TW,CN",467,flavivirus,flavivirus,Dengue,human,human,NA,NA,"stegomyia aegypti,stegomyia albopicta,stegomyia niveus,anopheles balabacensis,anopheles balabacensis ",NA,HUMAN->VECTOR->HUMAN,HUMAN->VECTOR,no
dobrava belgrade,3,NA,NA,3,2,,europe,62,,1,"RU,DK,DE,LT,LV,CZ,SI,SK,HR,CH,AT,RO,HU,BA,RS,BG,GR,MK",53,hantavirus,hantavirus,Hemorrhagic Fever with Renal Syndrome,"apodemus agrarius,apodemus flavicollis,apodemus ponticus",mammalia,NA,NA,NA,NA,HOST->HUMAN,HOST->HUMAN,no
west caucasian bat,2,NA,NA,2,0,,,63,,0,"SI,SK,RO,PL,CZ,HU,HR,BA,RS,AL,BG,MK,GR,UA,MD,BY,EE,LT,LV",56,lyssavirus,lyssavirus,Rabies,miniopterus schreibersii,mammalia,NA,NA,NA,NA,HOST->HUMAN,HOST->HUMAN,no
duvenhage,3,NA,NA,3,1,,,63,,1,"KE,ZA",5,lyssavirus,lyssavirus,Fatal encephalitis,"miniopterus schreibersii,nycteris thebaica",mammalia,NA,NA,NA,NA,HOST->HUMAN,HOST->HUMAN,no
eastern equine encephalitis,NA,NA,3,3,2,,,64,,1,"US,MX,GT,DO,JM,EC,CO,VE,TT,GY,GF,BR,AR,PE",41,alphavirus,alphavirus,Eastern Equine Encephalitis,passerina,aves,NA,NA,"culiseta melanura,culiseta morsitans",NA,HOST->VECTOR->HUMAN,HOST->VECTOR->HUMAN,no
ebola,4,NA,NA,4,3,,,65,,1,"CI,CD,UG,CG,GA,SD",20,filovirus,filovirus,ebola,"eidolon helvum,epomophorus gambianus,epomops franqueti,hypsignathus monstrosus",mammalia,NA,NA,NA,NA,HOST->HUMAN->HUMAN,HOST->HUMAN,yes
echinococcosis multilocularis,2,6,NA,8,0,,,66,,0,"AG,DZ,AZ,AL,AM,AO,AS,AR,AU,BH,BB,BM,BS,BD,BZ,BA,BO,MM,BJ,SB,BR,BG,BN,CA,KH,LK,CG,CD,BI,CN,AF,BT,CL,KY,CM,TD,KM,CO,CR,CF,CU,CV,CK,CY,DK,DJ,DM,DO,EC,EG,IE,GQ,EE,ER,SV,ET,AT,CZ,GF,FI,FJ,FK,FM,PF,FR,GM,GA,GE,GH,GD,GL,DE,GU,GR,GT,GN,GY,HT,HN,HR,HU,IS,IN,IR,IL,IT,CI,IQ,JP,JM,JO,KE,KG,KP,KI,KR,KW,KZ,LA,LB,LV,BY,LT,LR,SK,LI,LY,MG,MQ,MN,MS,MK,ML,MA,MU,MR,MT,OM,MV,MX,MY,MZ,MW,NC,NU,NE,AW,AI,BE,HK,MP,FO,AD,GI,IM,LU,MO,MC,PS,ME,YT,AX,NF,CC,BV,TF,HM,IO,CX,UM,VU,NG,NL,NO,NP,NR,SR,NI,NZ,PY,PE,PK,PL,PA,PT,PG,GW,QA,RE,RO,MD,PH,PR,RU,RW,SA,KN,SC,ZA,LS,BW,SN,SI,SL,SG,SO,ES,LC,SD,SE,SY,CH,TT,TH,TJ,TK,TO,TG,ST,TN,TR,TV,TM,TZ,UG,GB,UA,US,BF,UY,UZ,VC,VE,VG,VN,VI,NA,WF,WS,SZ,YE,ZM,ZW,ID,GP,AN,AE,TL,PN,PW,MH,PM,SH,SM,TC,EH,RS,VA,MF,BL,GG,JE,GS,TW",731,parasite,echinococcosis,Alveolar echinococcosis,"vulpes,canis",mammalia,"arvicola,chionomys,stenocranius,microtus",NA,NA,NA,HOST->HUMAN,HOST->HUMAN,no
ehrlichia chaffeensis,1,NA,8,9,0,,,67,,1,"US,BR,VE,CM,PT,IT",17,bacteria,ehrlichia,Ehrlichioses,odocoileus virginianus,mammalia,NA,NA,"ixodes pacificus,amblyomma americanum,amblyomma maculatum,amblyomma testudinarium,haemaphysalis longicornis,haemaphysalis yeni,haemaphysalis yeni ,ixodes ricinus",NA,HOST->VECTOR->HUMAN,HOST->VECTOR->HUMAN,no
ehrlichia ewingii,3,NA,9,12,3,,,68,,1,US,2,bacteria,ehrlichia,Ehrlichioses,"procyon lotor,canis lupus",mammalia,NA,NA,"ixodes pacificus,amblyomma americanum,amblyomma maculatum,amblyomma testudinarium,haemaphysalis longicornis,haemaphysalis yeni,haemaphysalis yeni ,ixodes ricinus,dermacentor variabilis,ixodes pacificus,amblyomma americanum,rhipicephalus sanguineus",NA,HOST->VECTOR->HUMAN,HOST->VECTOR->HUMAN,no
el moro canyon,1,NA,NA,1,3,,,69,,1,US,2,hantavirus,hantavirus,None reported,reithrodontomys megalotis,mammalia,NA,NA,NA,NA,HOST->HUMAN,HOST->HUMAN,no
european bat lyssa 1,1,NA,NA,1,1,,,70,,1,"PT,FR,ES,GB,IT,CH,AT,BE,NL,SI,SK,RO,PL,CZ,HU,HR,BA,RS,AL,BG,MK,GR,UA,MD,BY,EE,LT,LV,NO,SE,FI,DE,DK",92,lyssavirus,lyssavirus,Rabies,eptesicus serotinus,mammalia,NA,NA,NA,NA,HOST->HUMAN,HOST->HUMAN,no
european bat lyssa 2,2,NA,NA,2,1,,,70,combine,1,"GB,NO,FI,DE,NL,CZ",92,lyssavirus,lyssavirus,Rabies,"myotis dasycneme,myotis daubentonii",mammalia,NA,NA,NA,NA,HOST->HUMAN,HOST->HUMAN,no
everglades,2,NA,2,4,1,,,72,,0,US,2,alphavirus,alphavirus,VEE,"peromyscus gossypinus,sigmodon hispidus",mammalia,NA,NA,culex cedecei,NA,HOST->VECTOR->HUMAN,HOST->VECTOR->HUMAN,no
eyach,3,NA,1,4,2,,europe,73,,1,"FR,DE,CZ,NL",11,coltivirus,coltivirus,None reported,"lepus,apodemus,goats",mammalia,NA,NA,"ixodes rincus,ixodes ventalloi",tick,HOST->VECTOR->HUMAN,HOST->VECTOR->HUMAN,no
fasciola gigantica,1,4,4,9,0,,,74,,0,"CU,PE,BO,CL,BR,PR,FR,EG,ZW,UG,ET,SA,IR,UZ,PH,VN,AU",50,parasite,fasciola,Fascioliasis,human,human,"cattle,buffalo,goats,sheep,donkeys",domestic,"radix auricularia,radix rufescens,radix acuminata,radix rubiginosa,radix natalensis,radix cailliaudi",NA,HUMAN->VECTOR->HUMAN,HUMAN->VECTOR,no
fasciola hepatica,1,4,17,22,0,,,75,,0,"US,MX,PE,EC,BO,CL,AR,VE,CU,PR,PT,ES,FR,IT,NO,TR,EG,TN,IN,TH,KR,JP,NG",68,parasite,fasciola,Fascioliasis,human,human,"cattle,buffalo,goats,sheep,donkeys",domestic,"stagnicola fuscus,lymnaea viatrix,lymnaea stagnalis,radix auricularia,radix peregra,omphiscola glabra,stagnicola palustris,lymnaea neotropica,lymnaea cubensis,radix natalensis,austropeplea ollula,pseudosuccinea columella,stagnicola turricula,lymnaea cousini,lymnaea occulta,radix rubiginosa,radix viridis,galba truncatula,stagnicola caperata,lymnaea diaphana,lymnaea humilis,radix lagotis,austropeplea tomentosa,galba bulimoides",NA,HUMAN->VECTOR->HUMAN,HUMAN->VECTOR,no
fort morgan,1,NA,NA,1,3,,,76,,1,US,2,alphavirus,alphavirus,None reported,petrochelidon pyrrhonota,aves,NA,NA,oeciacus vicarius,NA,HOST->VECTOR->HUMAN,HOST->VECTOR->HUMAN,no
francisella tularensis holarctica,3,NA,5,8,2,,"europe, russia",77,,1,"RU,SE,FI,NO",11,bacteria,francisella,Tularemia (Type B),"castor canadensis,castor canadensis,lepus,lepus,lepus,ondatra zibethicus,ondatra zibethicus",mammalia,NA,NA,"chrysops,ochlerotatus sticticus,aedimorphus vexans,ochlerotatus punctor,ixodes liberelis,dermacentor marginatus",NA,HOST->VECTOR->HUMAN,HOST->VECTOR->HUMAN,no
francisella tularensis tularensis,1,NA,4,5,2,,,77,combine with above,1,"US,CA",5,bacteria,francisella,Tularemia (Type A),marmota,mammalia,NA,NA,"chrysops,dermacentor variabilis,dermacentor andersoni,amblyomma americanum",NA,HOST->VECTOR->HUMAN,HOST->VECTOR->HUMAN,no
germiston,6,NA,1,7,3,,,79,,1,"UG,KE,AO,ZW,MZ,ZA",17,orthobunyavirus,bunyavirus,germiston,"rattus,mus,praomys,mastomys,grammomys,arvicanthis",mammalia,NA,NA,culex rubinotus,mosquito,HOST->VECTOR->HUMAN,HOST->VECTOR->HUMAN,no
guanarito,3,NA,NA,3,3,,northern south america,80,,0,VE,2,arenavirus,arenavirus,Venezuelan hemorrhagic fever,"calomys callosus,zygodontomys brevicauda,tatera,otomys,acomys,lophuromys",mammalia,NA,NA,NA,NA,HOST->HUMAN,HOST->HUMAN,no
guaroa,NA,NA,1,1,2,,,81,,1,"BR,VE,PE,BO",11,orthobunyavirus,bunyavirus,guaroa,human,mammalia,NA,NA,anopheles neivai,NA,HOST->VECTOR->HUMAN,HOST->VECTOR->HUMAN,no
gumbo limbo,1,NA,1,2,NA,,,82,,1,US,2,orthobunyavirus,orthobunyavirus,None reported,sigmodon hispidus,mammalia,NA,NA,"culex tritaeniorhynchus,culex",NA,HOST->VECTOR->HUMAN,HOST->VECTOR->HUMAN,no
hantaan,1,NA,NA,1,3,,,83,,1,"CN,KP,KR",11,hantavirus,hantavirus,Hemorrhagic Fever with Renal Syndrome,apodemus agrarius,mammalia,NA,NA,NA,NA,HOST->HUMAN,HOST->HUMAN,no
hojo,1,NA,NA,1,3,,"north korea, south korea, japanese",83,,1,KR,2,hantavirus,hantavirus,None reported,apodemus agrarius,mammalia,NA,NA,NA,NA,HOST->HUMAN,HOST->HUMAN,no
hendra,1,NA,NA,1,NA,,,84,,1,AU,2,paramyxoviridae,paramyxoviridae,Hendra virus,pteropus,mammalia,NA,NA,NA,NA,HOST->HUMAN,HOST->HUMAN,no
menangle,1,1,NA,2,1,,,84,,1,AU,2,paramyxoviridae,paramyxoviridae,managle,pteropus,mammalia,pigs,domestic,NA,NA,HOST->HUMAN,HOST->HUMAN,no
histoplasma capsulatum,3,NA,NA,3,0,,,85,,0,US,2,fungi,fungi,Ohio Valley Disease,"myotis grisescens,myotis austroriparius",mammalia,NA,NA,NA,NA,HOST->HUMAN,HOST->HUMAN,no
ilhéus,28,NA,1,29,1,,,87,,1,"BR,BO,EC,PE",5,flavivirus,flavivirus,Encephalitis,"ducks,chickens,accipiter,aegypius,agelaius,anas,aquila,athene,bonasa,branta,bubo,bubulcus,buteo,butorides,carpodacus,colaptes,corvus,cyanocitta,falco,garrulus,mimus,molothrus,passer,phalacrocorax,pica,parus,quiscalus,turdus,zenaida,turdus,anser,branta,cereopsis,coscoroba,cygnus,amazonetta,anas,lophonetta,nettapus,speculanas,bonasa,falcipennis,centrocercus,dendragapus,lagopus,tetrao",aves,NA,NA,ochlerotatus scapularis,NA,HOST->VECTOR->HUMAN,HOST->VECTOR->HUMAN,no
imjin,1,NA,NA,1,0,,,88,,0,KR,2,hantavirus,hantavirus,None reported,crocidura lasiura,mammalia,NA,NA,NA,NA,HOST->HUMAN,HOST->HUMAN,no
inkoo,1,NA,2,3,3,,"europe, east russia",89,,1,"RU,FI,SE",8,orthobunyavirus,orthobunyavirus,California Group Virus disease,lepus timidus,mammalia,NA,NA,"aedes communis,ochlerotatus punctor ",mosquito,HOST->VECTOR->HUMAN,HOST->VECTOR->HUMAN,no
ippy,1,NA,NA,1,2,,,90,,1,CF,2,arenavirus,arenavirus,None reported,arvicanthis,mammalia,NA,NA,NA,NA,HOST->HUMAN,HOST->HUMAN,no
irkut,1,NA,NA,1,2,,"west russian, china, japan, mongolia, north korea, south korea",91,,1,"CN,MN,RU",8,lyssavirus,lyssavirus,Rabies,murina leucogaster,mammalia,NA,NA,NA,NA,HOST->HUMAN,HOST->HUMAN,no
isla vista,1,NA,NA,1,0,,,92,,0,US,2,hantavirus,hantavirus,None reported,microtus pennsylvanicus,mammalia,NA,NA,NA,NA,HOST->HUMAN,HOST->HUMAN,no
prospect hill,1,NA,NA,1,1,,,92,,1,US,2,hantavirus,hantavirus,None reported,microtus pennsylvanicus,mammalia,NA,NA,NA,NA,HOST->HUMAN,HOST->HUMAN,no
itapua,1,NA,NA,1,3,,,93,hotspot?,1,PY,2,hantavirus,hantavirus,HCPS,oligoryzomys nigripes,mammalia,NA,NA,NA,NA,HOST->HUMAN,HOST->HUMAN,no
juquitiba,1,NA,NA,1,0,,,93,hotspot,1,BR,2,hantavirus,hantavirus,Hantavirus Pulmonary Syndrome,oligoryzomys nigripes,mammalia,NA,NA,NA,NA,HOST->HUMAN,HOST->HUMAN,no
jamestown canyon,1,NA,9,10,2,,,94,,1,"CA,US",5,orthobunyavirus,orthobunyavirus,California Group Virus disease,odocoileus virginianus,mammalia,NA,NA,"culiseta inornata,aedes communis,ochlerotatus stimulans,hybomitra lasiophthalma,chrysops cincticornis,ochlerotatus abserratus,aedimorphus vexans,ochlerotatus cantator,aedes triseriatus,psorophora",mosquito,HOST->VECTOR->HUMAN,HOST->VECTOR->HUMAN,no
japanese encephalitis,8,NA,3,11,2,,,95,,1,"MM,TH,LA,KH,VN,MY,PH,BN,IN,NP,BT,PK,CN,KR,KP,TW,JP,PG,AU,TL",59,flavivirus,flavivirus,Japanese Encephalitis,"bubulcus,ardea,egretta,gorsachius,nycticorax,ardeola,ixobrychus,botaurus",aves,NA,NA,"culex gelidus,culex tritaenorhynchus,culex vishnui",NA,HOST->VECTOR->HUMAN,HOST->VECTOR->HUMAN,no
jemezsprings,2,NA,NA,2,2,,continental us,96,,1,US,2,hantavirus,hantavirus,None reported,sorex monticolus,mammalia,NA,NA,NA,NA,HOST->HUMAN,HOST->HUMAN,no
junin,2,NA,NA,2,3,,,97,,1,AR,2,arenavirus,arenavirus,Argentinian hemorrhagic fever,"calomys laucha,calomys musculinus",mammalia,NA,NA,NA,NA,HOST->HUMAN,HOST->HUMAN,no
laguna negra,1,NA,NA,1,3,,,97,,1,"AR,BO,PY",8,hantavirus,hantavirus,Hantavirus Pulmonary Syndrome,calomys laucha,mammalia,NA,NA,NA,NA,HOST->HUMAN,HOST->HUMAN,no
kyasanur,6,NA,1,7,1,,,100,,0,IN,2,flavivirus,flavivirus,Tick-borne Encephalitis,"hystrix,rattus,funambulus,mus,sorex,macaca,semnopithecus",mammalia,NA,NA,haemaphysalis spinigera,NA,HOST->VECTOR->HUMAN,HOST->VECTOR->HUMAN,no
la crosse,2,NA,1,3,3,,,101,,1,US,2,orthobunyavirus,orthobunyavirus,California Group Virus disease,"tamias,sciurus",mammalia,NA,NA,aedes triseriatus,mosquito,HOST->VECTOR->HUMAN,HOST->VECTOR->HUMAN,no
lagos bat,10,NA,NA,10,2,,,102,good for Ebola,1,"ZA,NA,LS,BW,ZW,ZM,AO,MZ,CD,CG,GA,GQ,CM,CF,SD,TD",50,lyssavirus,lyssavirus,Rabies,"eonycteris,rousettus,eidolon,epomophorus,epomops,hypsignathus,micropteropus,nanonycteris,acerodon,desmalopex,mirimiri,neopteryx,pteralopex,pteropus,styloctenium,lissonycteris,megaloglossus,myonycteris",mammalia,NA,NA,NA,NA,HOST->HUMAN,HOST->HUMAN,no
lassa,1,NA,NA,1,3,,,104,,1,"SN,GM,GW,GN,SL,LR,CI,GH,ML,BF,TG,BJ,NE,NG",68,arenavirus,arenavirus,Lassa Fever,mastomys natalensis,mammalia,NA,NA,NA,NA,HOST->HUMAN->HUMAN,HOST->HUMAN,yes
lechiguanas,1,NA,NA,1,2,,"chile, argentina, paraguay, uraguay",105,,1,AR,2,hantavirus,hantavirus,Hantavirus Pulmonary Syndrome,oligoryzomys flavescens,mammalia,NA,NA,NA,NA,HOST->HUMAN,HOST->HUMAN,no
lee,1,NA,NA,1,3,,,106,,1,KR,2,hantavirus,hantavirus,None reported,apodemus agrarius,mammalia,NA,NA,NA,NA,HOST->HUMAN,HOST->HUMAN,no
leishmania infantum chagasi,1,NA,1,2,2,,,107,,1,"CD,CF,SD,SS,EG,LY,DZ,TS,MA,MR,KZ,KG,PK,AF,IR,TM,UZ,TR,UA,RO,IT,FR,ES,PT,HU,CZ,GR,SY,IQ,BR,BO,PE,EC,CO,VE,GY,SR,GF,NI,HN,MX,PA,CR,GT",135,parasite,leishmania,Visceral Leishmaniasis,human,human,"hyraxes, canids, rodents",mammalia,phlebotomus,NA,HUMAN->VECTOR->HUMAN,HUMAN->VECTOR,no
leishmania tropica,1,NA,1,2,2,,,107,combine all leicshmanias,1,"ET,KE,EG,LY,DZ,SA,IR,IQ,PK,TN,AF,TR,SY,TM,UZ,AZ,IN,DJ,YE,MA",98,parasite,leishmania,Cutaneous leishmaniasis,human,human,"hyraxes, canids, rodents",mammalia,phlebotomus,NA,HUMAN->VECTOR->HUMAN,HUMAN->VECTOR,no
leishmania donovani,1,NA,1,2,2,,,107,,1,"CN,IN,BD,LK,TR,IQ,IR,SD,TD,CM,NE,EG,YE,SA,CY,SO,ET,KE,UG,ZM",152,parasite,leishmania,Visceral Leishmaniasis,human,human,"hyraxes, canids, rodents",mammalia,"lutzomyia,phlebotomus",NA,HUMAN->VECTOR->HUMAN,HUMAN->VECTOR,no
leishmania amazonensis,1,NA,2,3,2,,,107,,1,"CO,VE,GY,SR,GF,EC,BR,PE,BO,UY,BZ,GT,HN,SV,NI,CR,PA,MX",62,parasite,leishmania,Cutaneous leishmaniasis,human,human,"hyraxes, canids, rodents",mammalia,lutzomyia,NA,HUMAN->VECTOR->HUMAN,HUMAN->VECTOR,no
leishmania aethiopica,1,NA,NA,1,NA,,,107,,1,"ET,KE",5,parasite,leishmania,Cutaneous leishmaniasis,human,human,NA,NA,NA,NA,HUMAN->VECTOR->HUMAN,HUMAN->VECTOR,no
leishmania guyanensis,1,NA,NA,1,NA,,,107,,1,"CO,VE,GY,SR,GF,EC,BR,PE,BO,CL,AR,PY,UY",38,parasite,leishmania,Cutaneous leishmaniasis,human,human,NA,NA,NA,NA,HUMAN->VECTOR->HUMAN,HUMAN->VECTOR,no
leishmania major,1,NA,NA,1,NA,,,107,,1,"KZ,RU,UZ,TM,TJ,KG,PK,AF,MA,DZ,TN,LY,EG,TR,IL,GE,JO,LB,SY,PS,IQ,SA,IR,AM,AZ,SO,ET,KE,UG,TZ,BI,RW",95,parasite,leishmania,Cutaneous leishmaniasis,human,human,NA,NA,NA,NA,HUMAN->VECTOR->HUMAN,HUMAN->VECTOR,no
leishmania mexicana,1,NA,NA,1,NA,,,107,,1,"BZ,GT,HN,SV,NI,CR,PA,MX,US",26,parasite,leishmania,Cutaneous leishmaniasis,human,human,NA,NA,NA,NA,HUMAN->VECTOR->HUMAN,HUMAN->VECTOR,no
leishmania panamensis,1,NA,NA,1,NA,,,107,,1,"CR,PA,EC,CO,PE,VE,BR,GF,GY,SR",29,parasite,leishmania,Cutaneous leishmaniasis,human,human,NA,NA,NA,NA,HUMAN->VECTOR->HUMAN,HUMAN->VECTOR,no
leptospira spp,8,NA,NA,8,0,,,116,,0,"US,CA,MX,CO,VE,GY,SR,GF,EC,BR,PE,BO,CL,AR,PY,UY,PT,FR,ES,GB,IT,CH,AT,BE,NL,SL,SK,RO,PL,CZ,HU,HR,BA,RS,AL,BG,MK,GR,UA,MD,BY,EE,LT,LV,NO,SE,FI,MM,TH,LA,KH,VN,MY,PH,BN,AU,PG,ID,NC,SB,CK,FJ,DZ,KE,SO",194,bacteria,leptospira,Leptospirosis,"apodemus,micromys minutus,rattus,mephitis,procyon,cattle,pigs,equus",mammalia,NA,NA,NA,NA,HOST->HUMAN,HOST->HUMAN,no
ljungan,4,NA,NA,4,0,,,117,,0,SE,8,picornivirdea,picornivirdea,None reported,"myodes glareolus,apodemus sylvaticus,microtus agrestis,mus musculus",mammalia,NA,NA,NA,NA,HOST->HUMAN,HOST->HUMAN,no
loa loa,1,NA,1,2,0,,,118,,0,"SN,GM,GW,GN,SL,LR,CI,GH,ML,BF,TG,BJ,NE,NG,CD,CG,GA,GQ,CM,CF,SD,TD",68,parasite,loa,Loiasis,human,human,NA,NA,"semisulcospira,chrysops silacea,chrysops dimidiatus,chrysops distinctipennis,chrysops centurionis,chrysops longicornis",NA,HUMAN->VECTOR->HUMAN,HUMAN->VECTOR,no
luxi,1,NA,NA,1,1,,southern china,119,,1,CN,2,hantavirus,hantavirus,None reported,Eothenomys miletus,mammalia,NA,NA,NA,NA,HOST->HUMAN,HOST->HUMAN,no
lymphocytic choriomeningitis,3,NA,NA,3,0,,,120,,0,"US,CA,MX,CO,VE,GY,SR,GF,EC,BR,PE,BO,CL,AR,PY,UY,PT,FR,ES,GB,IT,CH,AT,BE,NL,SI,SK,RO,PL,CZ,HU,HR,BA,RS,AL,BG,MK,GR,UA,MD,BY,EE,LT,LV,NO,SE,FI,MM,TH,LA,KH,VN,MY,PH,BN,AU,PG,ID,NC,SB,CK,FJ,DZ,KE,SO,JP",197,arenavirus,arenavirus,Encephalitis,"mus musculus,apodemus sylvaticus,apodemus flavicollis",mammalia,NA,NA,NA,NA,HOST->HUMAN,HOST->HUMAN,no
machupo,2,NA,NA,2,1,,,121,,0,BO,2,arenavirus,arenavirus,Bolivian hemorrhagic fever,"calomys callosus,calomys laucha",mammalia,NA,NA,NA,NA,HOST->HUMAN->HUMAN,HOST->HUMAN,yes
maciel,1,NA,NA,1,3,,,122,,1,AR,2,hantavirus,hantavirus,Hantavirus Pulmonary Syndrome,necromys obscurus,mammalia,NA,NA,NA,NA,HOST->HUMAN,HOST->HUMAN,no
magboi,1,NA,NA,1,1,,,123,,1,SL,2,hantavirus,hantavirus,None reported,nycteris hispida,mammalia,NA,NA,NA,NA,HOST->HUMAN,HOST->HUMAN,no
maporal,1,NA,NA,1,2,,north south america,124,,1,PY,2,hantavirus,hantavirus,HCPS,Oligoryzomys delicatus,mammalia,NA,NA,NA,NA,HOST->HUMAN,HOST->HUMAN,no
marburg,1,NA,NA,1,3,,,125,,1,"AO,CD,KE,UG,ZM,ZA",17,filovirus,filovirus,Marburg virus,rousettus aegyptiacus,mammalia,NA,NA,NA,NA,HOST->HUMAN->HUMAN,HOST->HUMAN,yes
ravn,2,NA,NA,2,3,,,125,same as marburg,1,"AO,CD,KE,UG,ZM,ZA",17,filovirus,filovirus,Marburg virus,rousettus aegyptiacus,mammalia,NA,NA,NA,NA,HOST->HUMAN,HOST->HUMAN,no
mayaro,25,NA,9,34,3,,south america,126,https://amandala.com.bz/news/mayaro-fever-viral-disease-radar/,1,"PE,VE,TT,SR,GF,BR,BO",20,alphavirus,alphavirus,Mayaro Fever,"human,pan,pongo,gorilla,papio,mandrillus,callicebus,cercopithecus,macaca,saguinus,trachypithecus,alouatta,mico,aotus,presbytis,procolobus,pithecia,sapajus,ateles,hylobates,nomascus,semnopithecus,callithrix,cercocebus,chlorocebus,lophocebus,chiropotes,colobus,papio,rhinopithecus,saimiri",mammalia,NA,NA,"mansonia venezuelensis,ochlerotatus serratus,psorophora ferox,sabethes,culex,haemagogus janthinomys",NA,HOST->VECTOR->HUMAN->VECTOR->HUMAN,HOST->VECTOR->HUMAN,no
mers coronavirus,2,NA,NA,2,3,,middle east,128,remove eygpt,1,"EG,OM,QA,SA,IR,JO,AE",20,betacoronavirus,betacoronavirus,Severe Acute Respiratory Syndrome,camelus,mammalia,NA,NA,NA,NA,HOST->HUMAN->HUMAN,HOST->HUMAN,yes
mobala,2,NA,NA,2,2,,,129,,1,CF,2,arenavirus,arenavirus,None reported,praomys,mammalia,NA,NA,NA,NA,HOST->HUMAN,HOST->HUMAN,no
mokola,2,1,NA,3,1,,sub-saharan africa,130,,1,"SN,GM,GW,GN,SL,LR,CI,GH,ML,BF,TG,BJ,NE,NG,SO,ET,KE,UG,TZ,BI,RW,CD,CG,GA,GQ,CM,CF,SD,TD,ZA",92,lyssavirus,lyssavirus,Encephalitis,"crocidura,lophuromys",mammalia,felis,mammalia,NA,NA,HOST->HUMAN,HOST->HUMAN,no
monkeypox,4,NA,NA,4,1,,sub-saharan africa,131,,1,"SN,GM,GW,GN,SL,LR,CI,GH,ML,BF,TG,BJ,NE,NG,CD,CG,GA,GQ,CM,CF,SD,TD,SD",71,poxviridae,poxviridae,monkeypox,"graphiurus,mus",mammalia,NA,NA,NA,NA,HOST->HUMAN->HUMAN,HOST->HUMAN,yes
mopeia,1,NA,NA,1,1,,,133,,1,"ZA,NA,LS,BW,ZW,ZM,AO,MZ,CD,CG,GA,GQ,CM,CF,SD,TD",50,arenavirus,arenavirus,None reported,mastomys natalensis,mammalia,NA,NA,NA,NA,HOST->HUMAN,HOST->HUMAN,no
muju,3,NA,NA,3,1,,"north korea, south korea",134,,1,KR,2,hantavirus,hantavirus,None reported,"myodes regulus,myodes rufocanus",mammalia,NA,NA,NA,NA,HOST->HUMAN,HOST->HUMAN,no
muleshoe,1,NA,NA,1,3,,,135,,1,US,2,hantavirus,hantavirus,None reported,sigmodon hispidus,mammalia,NA,NA,NA,NA,HOST->HUMAN,HOST->HUMAN,no
murray valley,3,NA,1,4,2,,,136,,1,"AU,PG",5,flavivirus,flavivirus,Murray Valley Encephalitis,"phalacrocorax,ardea,egretta",aves,NA,NA,culex annulirostris,NA,HOST->VECTOR->HUMAN,HOST->VECTOR->HUMAN,no
black creek canal,2,NA,NA,2,0,,,136,,0,US,2,hantavirus,hantavirus,Hantavirus Pulmonary Syndrome,sigmodon hispidus,mammalia,NA,NA,NA,NA,HOST->HUMAN,HOST->HUMAN,no
mycobacterium leprae,1,NA,NA,1,0,,,137,,0,"BR,LR,KM,NP,PG,PW,FM,MH",23,bacteria,mycobacterium,Leprosy,dasypus novemcinctus,mammalia,humans,human,NA,NA,HOST->HUMAN->HUMAN,HOST->HUMAN,yes
new york,2,NA,NA,2,1,,,139,,0,US,2,hantavirus,hantavirus,Hantavirus Pulmonary Syndrome,"peromyscus leucopus,peromyscus maniculatus",mammalia,NA,NA,NA,NA,HOST->HUMAN,HOST->HUMAN,no
nipah,2,NA,NA,2,2,,south-east asia,140,,1,"IN,BD,MY,CN,ID,VN,KH",8,paramyxoviridae,paramyxoviridae,Nipah virus,pteropus,mammalia,NA,NA,NA,NA,HOST->HUMAN,HOST->HUMAN,no
tioman virus,2,1,NA,3,0,,,140,,0,"MY,SG",5,paramyxoviridae,paramyxoviridae,None reported,pteropus,mammalia,pigs,domestic,NA,NA,HOST->HUMAN,HOST->HUMAN,no
omsk,3,NA,NA,3,3,,east russia,141,,1,RU,2,flavivirus,flavivirus,Tick-borne Encephalitis,"ondatra zibethicus,arvicola amphibius,microtus gregalis",mammalia,NA,NA,"dermacentor reticulatus,dermacentor marginatus,ixodes persulcatus",NA,HOST->VECTOR->HUMAN,HOST->VECTOR->HUMAN,no
opisthorchis felineus,1,NA,1,2,0,,"europe, east russia",142,,0,"IT,UA,BY,KZ,RU",14,parasite,opisthorchis,Opisthorchiasis,human,human,NA,NA,bithynia,NA,HUMAN->VECTOR->HUMAN,HUMAN->VECTOR,no
opisthorchis viverrini,1,NA,1,2,3,,,143,,1,"TH,KH,VN,LA,KR,JP",17,parasite,opisthorchis,Opisthorchiasis,human,human,NA,NA,bithynia,NA,HUMAN->VECTOR->HUMAN,HUMAN->VECTOR,no
orientia chuto,1,NA,NA,1,0,,,145,problem with data?,0,AE,2,bacteria,orientia,Scrub typhus,leptotrombidium,invert,NA,NA,NA,NA,HOST->HUMAN,HOST->HUMAN,no
orientia tsutsugamushi,1,NA,NA,1,0,,,146,,0,"MM,TH,LA,KH,VN,MY,PH,BN,IN,JP,AU,AU,PG,ID,NC,SB,CK,FJ",53,bacteria,orientia,Scrub typhus,leptotrombidium,invert,NA,NA,NA,NA,HOST->HUMAN,HOST->HUMAN,no
oropouche,1,NA,3,4,2,,"central america, south america",147,,1,"PA,PE,BR,TT",11,orthobunyavirus,orthobunyavirus,Oropouche Virus Disease,bradypus,mammalia,NA,NA,"culex quinquefasciatus,ochlerotatus serratus",NA,HOST->VECTOR->HUMAN->VECTOR->HUMAN,HOST->VECTOR->HUMAN,no
paracoccidiodes brasiliensis,1,NA,NA,1,2,,,148,,1,"MX,PA,CO,VE,BR,AR,UY,EC,PE,BO,",30,fungi,fungi,Paracoccidioidomycosis,dasypus novemcinctus,mammalia,NA,NA,NA,NA,HOST->HUMAN,HOST->HUMAN,no
paragonimus kellicotti,1,NA,3,4,2,,,148,,1,"US,CA,MX",8,parasite,paragonimus,Paragonimiasis,human,human,NA,NA,"aroapyrgus,semisulcospira,thiara",NA,HUMAN->VECTOR->HUMAN,HUMAN->VECTOR,no
paragonimus mexicanus,1,NA,3,4,2,,,148,,1,"BZ,GT,HN,SV,NI,CR,PA,CO,VE,GY,SR,GF,EC,BR,PE,BO,CL,AR,PY,UY",59,parasite,paragonimus,Paragonimiasis,human,human,NA,NA,"aroapyrgus,semisulcospira,thiara",NA,HUMAN->VECTOR->HUMAN,HUMAN->VECTOR,no
paragonimus africanus,1,3,3,7,2,,,149,,1,"SN,GM,GW,GN,SL,LR,CI,GH,ML,BF,TG,BJ,NE,NG",41,parasite,paragonimus,Paragonimiasis,human,human,"callinectes,liberonautes,sudanonautes",crustacean,"potodoma,melania",NA,HUMAN->VECTOR->HUMAN,HUMAN->VECTOR,no
paragonimus uterobilateralis,1,3,2,6,2,,,149,,0,"SN,GM,GW,GN,SL,LR,CI,GH,ML,BF,TG,BJ,NE,NG",41,parasite,paragonimus,Paragonimiasis,human,human,"callinectes,liberonautes,sudanonautes",crustacean,"potodoma,melania",NA,HUMAN->VECTOR->HUMAN,HUMAN->VECTOR,no
paragonimus heterotremus,1,NA,2,3,2,,,150,sames as something above - check,1,"TH,CN,MM,TH,LA,KH,VN,MY,PH,BN",29,parasite,paragonimus,Paragonimiasis,human,human,NA,NA,"aroapyrgus,semisulcospira,thiara",NA,HUMAN->VECTOR->HUMAN,HUMAN->VECTOR,no
paragonimus skjabini,1,NA,3,4,2,,,150,,1,"CN,MM,TH,LA,KH,VN,MY,PH,BN",26,parasite,paragonimus,Paragonimiasis,human,human,NA,NA,"aroapyrgus,semisulcospira,thiara",NA,HUMAN->VECTOR->HUMAN,HUMAN->VECTOR,no
paragonimus westermani,1,NA,2,3,2,,,150,combine together by region,1,"MM,TH,LA,KH,VN,MY,PH,BN,IN,PH,PG",32,parasite,paragonimus,Paragonimiasis,human,human,NA,NA,"aroapyrgus,semisulcospira,thiara",NA,HUMAN->VECTOR->HUMAN,HUMAN->VECTOR,no
paragonimus miyazakii,1,6,3,10,2,,,153,,1,JP,2,parasite,paragonimus,Paragonimiasis,human,human,"eriocheir japonicus,eriocheir sinensis,cambaroides similis,potamon dehaani",crustacean,"aroapyrgus,semisulcospira,thiara",NA,HUMAN->VECTOR->HUMAN,HUMAN->VECTOR,no
penicillium marneffi,4,NA,NA,4,2,,,157,,1,"IN,MM,JP,CN,TH,LA,KH,VN,MY,ID",29,fungi,fungi,Penicilliosis,"cannomys badius,rhizomys pruinosus,rhizomys sinensis,rhizomys sumatrensis",mammalia,NA,NA,NA,NA,HOST->HUMAN,HOST->HUMAN,no
pergamino,1,NA,NA,1,0,,,158,,0,AR,2,hantavirus,hantavirus,None reported,akodon azarae,mammalia,NA,NA,NA,NA,HOST->HUMAN,HOST->HUMAN,no
pirital,1,NA,NA,1,3,,,159,,1,VE,2,arenavirus,arenavirus,None reported,sigmodon alstoni,mammalia,NA,NA,NA,NA,HOST->HUMAN,HOST->HUMAN,no
plasmodium falciparum,1,NA,1,2,0,,,160,,1,"AG,DZ,AO,AS,BH,BB,BM,BS,BD,BZ,BO,MM,BJ,SB,BR,BN,KH,LK,CG,CD,BI,BT,KY,CM,TD,KM,CO,CR,CF,CU,CV,CK,DJ,DM,DO,EC,EG,GQ,ER,SV,ET,GF,FJ,FM,PF,GM,GA,GH,GD,GU,GT,GN,GY,HT,HN,IN,IR,IL,CI,IQ,JM,JO,KE,KI,KW,LA,LR,LY,MG,MQ,MS,ML,MA,MU,MR,OM,MV,MX,MY,MZ,MW,NC,NU,NE,AW,AI,HK,MP,MO,PS,YT,CC,IO,CX,UM,VU,NG,NP,NR,SR,NI,PY,PE,PK,PA,PG,GW,QA,RE,PH,PR,RW,SA,KN,SC,BW,SN,SL,SG,SO,LC,SD,TT,TH,TK,TO,TG,ST,TV,TZ,UG,BF,VC,VE,VG,VN,VI,NA,WF,WS,YE,ZM,ZW,ID,GP,AN,AE,TL,PW,MH,SH,TC,EH,MF,BL,TW",467,parasite,plasmodium,Malaria,human,human,NA,NA,anopheles,NA,HUMAN->VECTOR->HUMAN->HUMAN,HUMAN->VECTOR,yes
plasmodium knowlesi,3,NA,1,4,3,,,161,,1,"MM,TH,LA,KH,VN,MY,PH,BN",23,parasite,plasmodium,Malaria,"macaca,presbytis femoralis",mammalia,NA,NA,"anopheles hackeri,anopheles latens,anopheles cracens",NA,HOST->VECTOR->HUMAN->VECTOR->HUMAN,HOST->VECTOR->HUMAN,no
plasmodium ovale,1,NA,1,2,0,,,162,,0,"SN,GM,GW,GN,SL,LR,CI,GH,ML,BF,TG,BJ,NE,NG,CD,CG,GA,GQ,CM,CF,SD,TD,SO,ET,KE,UG,TZ,BI,RW,MM,TH,LA,KH,VN,MY,PH,BN,IN,LK",119,parasite,plasmodium,Malaria,human,human,NA,NA,anopheles,NA,HUMAN->VECTOR->HUMAN,HUMAN->VECTOR,no
plasmodium vivax,1,NA,1,2,0,,,163,,1,"AG,DZ,AO,AS,BH,BB,BM,BS,BD,BZ,BO,MM,BJ,SB,BR,BN,KH,LK,CG,CD,BI,BT,KY,CM,TD,KM,CO,CR,CF,CU,CV,CK,DJ,DM,DO,EC,EG,GQ,ER,SV,ET,GF,FJ,FM,PF,GM,GA,GH,GD,GU,GT,GN,GY,HT,HN,IN,IR,IL,CI,IQ,JM,JO,KE,KI,KW,LA,LR,LY,MG,MQ,MS,ML,MA,MU,MR,OM,MV,MX,MY,MZ,MW,NC,NU,NE,AW,AI,HK,MP,MO,PS,YT,CC,IO,CX,UM,VU,NG,NP,NR,SR,NI,PY,PE,PK,PA,PG,GW,QA,RE,PH,PR,RW,SA,KN,SC,BW,SN,SL,SG,SO,LC,SD,TT,TH,TK,TO,TG,ST,TV,TZ,UG,BF,VC,VE,VG,VN,VI,NA,WF,WS,YE,ZM,ZW,ID,GP,AN,AE,TL,PW,MH,SH,TC,EH,MF,BL,TW",467,parasite,plasmodium,Malaria,human,human,NA,NA,anopheles,NA,HUMAN->VECTOR->HUMAN,HUMAN->VECTOR,no
powassan3,1,NA,1,2,1,,"us, ca",164,combine all powassan,1,"US,CA",5,flavivirus,flavivirus,Tick-borne Encephalitis,peromyscus leucopus,mammalia,NA,NA,ixodes scapularis,NA,HOST->VECTOR->HUMAN,HOST->VECTOR->HUMAN,no
powassan2,5,NA,1,6,1,,"us, ca",164,,1,"US,CA",5,flavivirus,flavivirus,Tick-borne Encephalitis,"tamias,sciurus,tamiasciurus",mammalia,NA,NA,ixodes marxi,NA,HOST->VECTOR->HUMAN,HOST->VECTOR->HUMAN,no
powassan1,2,NA,1,3,1,,"us, ca",164,,1,"US,CA",5,flavivirus,flavivirus,Tick-borne Encephalitis,marmota monax,mammalia,NA,NA,ixodes cookei,NA,HOST->VECTOR->HUMAN,HOST->VECTOR->HUMAN,no
puumala,1,NA,NA,1,0,,,168,,0,"ES,IT,DE,BE,NL,DK,NO,SE,FI,PL,LT,LV,EE,KZ,UA,CZ,SI,SK,HR,CH,AT,RO,HU,BA,RS,BG,GR,TR,MK",86,hantavirus,hantavirus,Nephropathia epidemica,myodes glareolus,mammalia,NA,NA,NA,NA,HOST->HUMAN,HOST->HUMAN,no
rabies,16,NA,NA,16,0,,,169,,0,"AG,DZ,AZ,AL,AM,AO,AS,AR,AU,BH,BB,BM,BS,BD,BZ,BA,BO,MM,BJ,SB,BR,BG,BN,CA,KH,LK,CG,CD,BI,CN,AF,BT,CL,KY,CM,TD,KM,CO,CR,CF,CU,CV,CK,CY,DK,DJ,DM,DO,EC,EG,IE,GQ,EE,ER,SV,ET,AT,CZ,GF,FI,FJ,FK,FM,PF,FR,GM,GA,GE,GH,GD,GL,DE,GU,GR,GT,GN,GY,HT,HN,HR,HU,IS,IN,IR,IL,IT,CI,IQ,JP,JM,JO,KE,KG,KP,KI,KR,KW,KZ,LA,LB,LV,BY,LT,LR,SK,LI,LY,MG,MQ,MN,MS,MK,ML,MA,MU,MR,MT,OM,MV,MX,MY,MZ,MW,NC,NU,NE,AW,AI,BE,HK,MP,FO,AD,GI,IM,LU,MO,MC,PS,ME,YT,AX,NF,CC,BV,TF,HM,IO,CX,UM,VU,NG,NL,NO,NP,NR,SR,NI,NZ,PY,PE,PK,PL,PA,PT,PG,GW,QA,RE,RO,MD,PH,PR,RU,RW,SA,KN,SC,ZA,LS,BW,SN,SI,SL,SG,SO,ES,LC,SD,SE,SY,CH,TT,TH,TJ,TK,TO,TG,ST,TN,TR,TV,TM,TZ,UG,GB,UA,US,BF,UY,UZ,VC,VE,VG,VN,VI,NA,WF,WS,SZ,YE,ZM,ZW,ID,GP,AN,AE,TL,PN,PW,MH,PM,SH,SM,TC,EH,RS,VA,MF,BL,GG,JE,GS,TW",731,lyssavirus,lyssavirus,rabies,"canis aureus,canis lupus,desmodus rotundus,eptesicus fuscus,lasiurus cinereus,martes martes,meles meles,mephitis mephitis,mustela putorius,myotis chiloensis,nyctereutes procyonoides,procyon lotor,saimiri sciureus,tadarida brasiliensis,vulpes lagopus,vulpes vulpes",mammalia,NA,NA,NA,NA,HOST->HUMAN,HOST->HUMAN,no
reston,1,NA,NA,1,2,,philipines,171,,1,PH,2,filovirus,filovirus,None reported,cynomolgus,mammalia,NA,NA,NA,NA,HOST->HUMAN,HOST->HUMAN,no
rickettsia africae,5,NA,NA,5,2,,,172,,1,"SN,GM,GW,GN,SL,LR,CI,GH,ML,BF,TG,BJ,NE,NG,SO,ET,KE,UG,TZ,BI,RW,CD,CG,GA,GQ,CM,CF,SD,TD",104,bacteria,rickettsia,African tick bite fever,"amblyomma hebraeum,amblyomma lepidum,amblyomma variegatum,rhipicephalus appendiculatus,rhipicephalus decoloratus",invert,NA,NA,NA,NA,HOST->HUMAN,HOST->HUMAN,no
rickettsia aeschlimannii,5,NA,NA,5,2,,,172,,0,"ML,NE,DZ,MA,ES,PT,IT,GR,HR",26,bacteria,rickettsia,Rickettsiosis,"haemaphysalis punctata,hyalomma marginatum,ixodes,rhipicephalus appendiculatus",invert,NA,NA,NA,NA,HOST->HUMAN,HOST->HUMAN,no
rickettsia helvetica,3,NA,NA,3,2,,,172,,1,"PT,FR,IT,SI,BG,SE",17,bacteria,rickettsia,None reported,"ixodes monospinosus,ixodes ovatus,ixodes persulcatus,ixodes ricinus",invert,NA,NA,NA,NA,HOST->HUMAN,HOST->HUMAN,no
rickettsia massiliae,1,NA,NA,1,2,,,172,,0,"MA,DZ,ES,CH,IT,NE,CD,CG,CF",26,bacteria,rickettsia,Rickettsiosis,rhipicephalus,invert,NA,NA,NA,NA,HOST->HUMAN,HOST->HUMAN,no
rickettsia conorii conorii,1,NA,NA,1,2,,,172,,1,"ZW,SO,CF,MA,DZ,TN,LY,EG,PT,ES,IT,HR,TR,GR,AL,BA,RS,BG,MK",56,bacteria,rickettsia,Mediterranean spotted fever,rhipicephalus sanguineus,invert,NA,NA,NA,NA,HOST->HUMAN,HOST->HUMAN,no
rickettsia conorii indica,1,NA,NA,1,2,,,172,,0,"IN,PK",5,bacteria,rickettsia,Indian tick typhus,rhipicephalus sanguineus,invert,NA,NA,NA,NA,HOST->HUMAN,HOST->HUMAN,no
rickettsia honei,2,NA,NA,2,2,,,174,,1,"NP,TH,AU",8,bacteria,rickettsia,Flinders Island spotted fever,bothriocroton hydrosauri,invert,NA,NA,NA,NA,HOST->HUMAN,HOST->HUMAN,no
rickettsia australis,2,NA,NA,2,2,,,174,,1,AU,2,bacteria,rickettsia,Queensland tick typhus,"ixodes holocyclus,ixodes tasmani",invert,NA,NA,NA,NA,HOST->HUMAN,HOST->HUMAN,no
rickettsia japonica,2,NA,NA,2,2,,,179,,1,JP,2,bacteria,rickettsia,Japanese spotted fever,"haemaphysalis flava,haemaphysalis hystericis",invert,NA,NA,NA,NA,HOST->HUMAN,HOST->HUMAN,no
rickettsia rickettsii,5,NA,NA,5,2,,,181,combine together by region,1,"US,MX,PA,CR,CO,BR",17,bacteria,rickettsia,Rocky mountain spotted fever,"amblyomma americanum,amblyomma cajennense,dermacentor andersoni,dermacentor variabilis,rhipicephalus sanguineus",invert,NA,NA,NA,NA,HOST->HUMAN,HOST->HUMAN,no
rickettsia parkeri,4,NA,NA,4,2,,,181,,1,"US,AR,UY,BR",8,bacteria,rickettsia,American tick bite fever,"amblyomma americanum,amblyomma maculatum,amblyomma nodosum,amblyomma triste",invert,NA,NA,NA,NA,HOST->HUMAN,HOST->HUMAN,no
rift valley,3,NA,4,7,3,,,183,,1,"SN,GM,GW,GN,SL,LR,CI,GH,ML,BF,TG,BJ,NE,NG,CD,CG,GA,GQ,CM,CF,SD,TD,SO,ET,KE,UG,TZ,BI,RW,ZA,NA,LS,BW,ZW,ZM,AO,MZ",113,phlebovirus,phlebovirus,Rift Valley Fever,"kobus ellipsiprymnus,syncerus caffer,cattle",mammalia,NA,NA,"ochlerotatus caballus,neomelaniconion circumluteolum,culex theileri,",NA,HOST->VECTOR->HUMAN,HOST->VECTOR->HUMAN,no
rio mamore,1,NA,NA,1,2,,,184,,1,"BR,PE,BO,GF",5,hantavirus,hantavirus,None reported,oligoryzomys microtis,mammalia,NA,NA,NA,NA,HOST->HUMAN,HOST->HUMAN,no
rio mearim,1,NA,NA,1,1,,,185,,0,BR,2,hantavirus,hantavirus,None reported,holochilus sciureus,mammalia,NA,NA,NA,NA,HOST->HUMAN,HOST->HUMAN,no
rio segundo,1,NA,NA,1,0,,,186,,1,"PA,US,CR",2,hantavirus,hantavirus,None reported,reithrodontomys mexicanus,mammalia,NA,NA,NA,NA,HOST->HUMAN,HOST->HUMAN,no
rocio,37,NA,3,40,2,,,187,very general,1,BR,2,flavivirus,flavivirus,Encephalitis,"ducks,chickens,accipiter,aegypius,agelaius,anas,aquila,athene,bonasa,branta,bubo,bubulcus,buteo,butorides,carpodacus,colaptes,corvus,cyanocitta,falco,garrulus,mimus,molothrus,passer,phalacrocorax,pica,parus,quiscalus,turdus,zenaida,turdus,anser,branta,cereopsis,coscoroba,cygnus,amazonetta,anas,lophonetta,nettapus,speculanas,bonasa,falcipennis,centrocercus,dendragapus,lagopus,tetrao",aves,NA,NA,"psorophora ferox,ochlerotatus scapularis",NA,HOST->VECTOR->HUMAN,HOST->VECTOR->HUMAN,no
ross river,3,NA,4,7,2,,,188,,1,"AU,PG,NC,FJ,AS,CK",17,alphavirus ,alphavirus,Ross River virus disease,"macropus,dendrolagus,petrogale,thylogale",mammalia,NA,NA,"ochlerotatus camptorhynchus,culex annulirostris,ochlerotatus vigilax,stegomyia polynesiensis",mosquito,HOST->VECTOR->HUMAN,HOST->VECTOR->HUMAN,no
saarema,1,NA,NA,1,3,,europe,189,,1,"DK,DE,LT,LV,CZ,SI,SK,HR,CH,AT,RO,HU,BA,RS,BG,GR,MK",50,hantavirus,hantavirus,Hemorrhagic Fever with Renal Syndrome,apodemus agrarius,mammalia,NA,NA,NA,NA,HOST->HUMAN,HOST->HUMAN,no
sangassou,1,NA,NA,1,0,,,190,,0,GN,2,hantavirus,hantavirus,None reported,hylomyscus alleni,mammalia,NA,NA,NA,NA,HOST->HUMAN,HOST->HUMAN,no
sars coronavirus,4,2,NA,6,3,,,191,,1,"CN,TW,HK,PH,VN",17,betacoronavirus,betacoronavirus,Severe Acute Respiratory Syndrome,"rhinolophus macrotis,rhinolophus pearsonii,rhinolophus pusillus,rhinolophus sinicus",mammalia,"paguma larvata,nyctereutes procyonoides",mammalia,NA,NA,HOST->HUMAN->HUMAN,HOST->HUMAN,yes
schistosoma guineensis,1,NA,2,3,2,,,192,,1,"GA,GQ,CM",8,parasite,schistosoma,Schistosomiasis,human,human,NA,NA,bulinus,NA,HUMAN->VECTOR->HUMAN,HUMAN->VECTOR,no
schistosoma intercalatum,1,NA,1,2,2,,,192,combine with guinesis,1,"CD,GA,GQ,CM",11,parasite,schistosoma,Schistosomiasis,human,human,NA,NA,bulinus,NA,HUMAN->VECTOR->HUMAN,HUMAN->VECTOR,no
schistosoma haematobium,1,NA,1,2,2,,,193,,1,"SN,GM,GW,GN,SL,LR,CI,GH,ML,BF,TG,BJ,NE,NG,SO,ET,KE,UG,TZ,BI,RW,CD,CG,GA,GQ,CM,CF,SD,TD,MA,DZ,TN,LY,EG",104,parasite,schistosoma,Schistosomiasis,human,human,NA,NA,bulinus,NA,HUMAN->VECTOR->HUMAN,HUMAN->VECTOR,no
schistosoma mansoni,1,NA,1,2,2,,,193,,1,"SN,GM,GW,GN,SL,LR,CI,GH,ML,BF,TG,BJ,NE,NG,SO,ET,KE,UG,TZ,BI,RW,CD,CG,GA,GQ,CM,CF,SD,TD,MA,DZ,TN,LY,EG,MG,SA,BR,VE,PR,SR,",123,parasite,schistosoma,Schistosomiasis,human,human,NA,NA,biomphalaria glabrata,NA,HUMAN->VECTOR->HUMAN,HUMAN->VECTOR,no
schistosoma mekongi,1,NA,NA,1,2,,,195,,1,"TH,LA,KH,CH",8,parasite,schistosoma,Schistosomiasis,human,human,NA,NA,neotricula aperta,NA,HUMAN->VECTOR->HUMAN,HUMAN->VECTOR,no
schistosoma japonicum,1,NA,2,3,2,,,195,,1,"CN,PH,ID",8,parasite,schistosoma,Schistosomiasis,human,human,NA,NA,"bubalus bubalis,oncomelania",NA,HUMAN->VECTOR->HUMAN,HUMAN->VECTOR,no
schistosoma malayensis,2,NA,NA,2,2,,,196,,1,MY,2,parasite,schistosoma,Schistosomiasis,rattus muelleri,human,NA,NA,"robertsiella kaporenisis,robertsiella gismanni,robertsiella silvicola",NA,HOST->VECTOR->HUMAN,HOST->VECTOR->HUMAN,no
seoul,1,NA,NA,1,0,,,199,,0,"AG,DZ,AZ,AL,AM,AO,AS,AR,AU,BH,BB,BM,BS,BD,BZ,BA,BO,MM,BJ,SB,BR,BG,BN,CA,KH,LK,CG,CD,BI,CN,AF,BT,CL,KY,CM,TD,KM,CO,CR,CF,CU,CV,CK,CY,DK,DJ,DM,DO,EC,EG,IE,GQ,EE,ER,SV,ET,AT,CZ,GF,FI,FJ,FK,FM,PF,FR,GM,GA,GE,GH,GD,GL,DE,GU,GR,GT,GN,GY,HT,HN,HR,HU,IS,IN,IR,IL,IT,CI,IQ,JP,JM,JO,KE,KG,KP,KI,KR,KW,KZ,LA,LB,LV,BY,LT,LR,SK,LI,LY,MG,MQ,MN,MS,MK,ML,MA,MU,MR,MT,OM,MV,MX,MY,MZ,MW,NC,NU,NE,AW,AI,BE,HK,MP,FO,AD,GI,IM,LU,MO,MC,PS,ME,YT,AX,NF,CC,BV,TF,HM,IO,CX,UM,VU,NG,NL,NO,NP,NR,SR,NI,NZ,PY,PE,PK,PL,PA,PT,PG,GW,QA,RE,RO,MD,PH,PR,RU,RW,SA,KN,SC,ZA,LS,BW,SN,SI,SL,SG,SO,ES,LC,SD,SE,SY,CH,TT,TH,TJ,TK,TO,TG,ST,TN,TR,TV,TM,TZ,UG,GB,UA,US,BF,UY,UZ,VC,VE,VG,VN,VI,NA,WF,WS,SZ,YE,ZM,ZW,ID,GP,AN,AE,TL,PN,PW,MH,PM,SH,SM,TC,EH,RS,VA,MF,BL,GG,JE,GS,TW",731,hantavirus,hantavirus,Hantaviral Disease,rattus losea,mammalia,NA,NA,NA,NA,HOST->HUMAN,HOST->HUMAN,no
sin nombre,1,NA,NA,1,3,,,200,,1,"US,CA",5,hantavirus,hantavirus,Hantavirus Pulmonary Syndrome,peromyscus maniculatus,mammalia,NA,NA,NA,NA,HOST->HUMAN,HOST->HUMAN,no
sindbis,7,NA,1,8,3,,"europe, east russia",201,same as another - check,1,"SE,FI,RU,NO,DE,IT,GR,TR",11,alphavirus,alphavirus,Sindbis Fever,"turdus,anser,branta,cereopsis,coscoroba,cygnus,amazonetta,anas,lophonetta,nettapus,speculanas,bonasa,falcipennis,centrocercus,dendragapus,lagopus,tetrao",aves,NA,NA,ochlerotatus vigilax,NA,HOST->VECTOR->HUMAN,HOST->VECTOR->HUMAN,no
snowshoe hare,2,NA,10,12,2,,,202,,1,"US,CA,RU",8,orthobunyavirus,orthobunyavirus,California Group Virus disease,"lepus americanus,urocitellus parryii",mammalia,NA,NA,"ochlerotatus canadensis,ochlerotatus fitchii,aedes cinereus,aedes communis,culiseta inornata,ochlerotatus stimulans,ochlerotatus excrucians,ochlerotatus punctor,ochlerotatus cataphylla,ochlerotatus hexodontus,ochlerotatus intrudens,culiseta impatiens,simulium malysceri ",mosquito,HOST->VECTOR->HUMAN,HOST->VECTOR->HUMAN,no
spondweni,1,12,2,15,2,,,203,,1,"SN,GM,GW,GN,SL,LR,CI,GH,ML,BF,TG,BJ,NE,NG,CD,CG,GA,GQ,CM,CF,SD,TD,SO,ET,KE,UG,TZ,BI,RW",89,flavivirus,flavivirus,Zika Fever,human,human,"pan,pongo,gorilla,papio,mandrillus,callicebus,cercopithecus,macaca,saguinus,trachypithecus,alouatta,mico,aotus,presbytis,procolobus,pithecia,sapajus,ateles,hylobates,nomascus,semnopithecus,callithrix,cercocebus,chlorocebus,lophocebus,chiropotes,colobus,papio,rhinopithecus,saimiri",mammalia,"stegomyia aegypti,stegomyia albopicta",NA,HUMAN->VECTOR->HUMAN,HUMAN->VECTOR,no
tacaribe,1,NA,NA,1,NA,,,204,,1,NA,2,arenavirus,arenavirus,None reported,artibeus,mammalia,NA,NA,NA,NA,HOST->HUMAN,HOST->HUMAN,no
tahyna,1,NA,9,10,NA,,,205,,1,"GB,ES,MA,TR,FR,IT,DE,PL,RO,RS,RU,CN,TJ",38,orthobunyavirus,orthobunyavirus,California Group Virus disease,lepus,mammalia,NA,NA,"ochlerotatus caspius,aedimorphus vexans,ochlerotatus cantan,culiseta annulata,aedes cinereus,ochlerotatus sticticus,culex modestus,culiseta annulata,anopheles hyrcanus,aedes dianteus,aedes communis",mosquito,HOST->VECTOR->HUMAN,HOST->VECTOR->HUMAN,no
tamiami,1,NA,NA,1,0,,,206,,0,US,2,arenavirus,arenavirus,None reported,sigmodon hispidus,mammalia,NA,NA,NA,NA,HOST->HUMAN,HOST->HUMAN,no
tanganya,1,NA,NA,1,2,,,207,,1,GN,2,hantavirus,hantavirus,None reported,crocidura theresae,mammalia,NA,NA,NA,NA,HOST->HUMAN,HOST->HUMAN,no
tensaw,4,NA,5,9,2,,,208,,1,US,2,orthobunyavirus,orthobunyavirus,None reported,"sylvilagus palustris,urocyon cinereoargenteus",mammalia,NA,NA,"anopheles crucians,psorophora ciliata,psorophora confinnis,anopheles quadrimaculatus,deinocerites atlanticus,ochlerotatus mitchellae,culex nigripalpus,coquillettidia perturbans",mosquito,HOST->VECTOR->HUMAN,HOST->VECTOR->HUMAN,no
thailand,1,NA,NA,1,3,,"thailand,laos,cambodia,malaysia, vietnam",209,,1,TH,2,hantavirus,hantavirus,None reported,bandicota indica,mammalia,NA,NA,NA,NA,HOST->HUMAN,HOST->HUMAN,no
thottapalayam,2,NA,NA,2,1,,,210,,0,"IN,CN",5,hantavirus,hantavirus,None reported,suncus murinus,mammalia,NA,NA,NA,NA,HOST->HUMAN,HOST->HUMAN,no
tick borne encephalitis,1,NA,3,4,1,,,211,combine?,1,"SI,SK,RO,PL,CZ,HU,HR,BA,RS,AL,BG,MK,GR,UA,MD,BY,EE,LT,LV",56,flavivirus,flavivirus,Tick-borne Encephalitis,apodemus,mammalia,NA,NA,"ixodes ricinus,ixodes persulcatus",NA,HOST->VECTOR->HUMAN,HOST->VECTOR->HUMAN,no
topografov,1,NA,NA,1,2,,,213,,1,RU,2,hantavirus,hantavirus,None reported,lemmus sibiricus,mammalia,NA,NA,NA,NA,HOST->HUMAN,HOST->HUMAN,no
trypanosoma brucei gambinese,1,NA,1,2,3,,,214,,1,"SN,GM,GW,GN,SL,LR,CI,GH,ML,BF,TG,BJ,NE,NG,CD,CG,GA,GQ,CM,CF,SD,TD",68,parasite,trypanosoma,Sleeping sickness,human,human,NA,NA,"glossina fuscipes,glossina palpalis,glossina tachinoides",NA,HUMAN->VECTOR->HUMAN->HUMAN,HUMAN->VECTOR,yes
trypanosoma brucei rhodesiense,1,NA,1,2,3,,,215,,1,"KE,UG,TZ,MZ,MW,ZM",17,parasite,trypanosoma,Sleeping sickness,human,human,NA,NA,"glossina morsitans,glossina fuscipes,glossina palpalis",NA,HUMAN->VECTOR->HUMAN->HUMAN,HUMAN->VECTOR,yes
trypanosoma cruzi,1,NA,3,4,0,,"central america, south america",216,,1,"MX,BZ,GT,HN,SV,NI,CR,PA,CO,EC,PE,BO,AR,VE,GF,GY,SR,PY",53,parasite,trypanosoma,Chagas disease,human,human,NA,NA,"panstrongylus,rhodnius,triatoma",triatomid,HUMAN->VECTOR->HUMAN->HUMAN,HUMAN->VECTOR,yes
tula,1,NA,NA,1,NA,,,217,,1,"NO,SE,FI,PT,FR,ES,GB,IT,CH,AT,BE,NL,SI,SK,RO,PL,CZ,HU,HR,BA,RS,AL,BG,MK,GR,UA,MD,BY,EE,LT,LV,NO,SE,FI,RU",104,hantavirus,hantavirus,Hantaviral Disease,microtus arvalis,mammalia,NA,NA,NA,NA,HOST->HUMAN,HOST->HUMAN,no
una,12,NA,1,13,3,,"central america, south america",218,,1,"CO,VE,GY,SR,GF,EC,BR,PE,BO,CL,AR,PY,UY",38,alphavirus,alphavirus,None reported,"human,pan,pongo,gorilla,papio,mandrillus,callicebus,cercopithecus,macaca,saguinus,trachypithecus,alouatta,mico,aotus,presbytis,procolobus,pithecia,sapajus,ateles,hylobates,nomascus,semnopithecus,callithrix,cercocebus,chlorocebus,lophocebus,chiropotes,colobus,papio,rhinopithecus,saimiri",mammalia,humans,human,psorophora ferox,NA,HOST->VECTOR->HUMAN,HOST->VECTOR->HUMAN,no
usutu,12,NA,1,13,NA,,,219,,1,"SN,CF,NG,UG,BF,CI,MA,IT,AT",26,flavivirus,flavivirus,Usutu virus fever,"bycanistes sharpei,andropadus virens,turdus libonyanus,turdus merula,sylvia communis,sylvia curruca,sylvia borin (garden warbler),falco tinnunculus,circus aeruginosus,delichon urbica,acrocephalus scirpaceus,ficedula hypoleuca,hirundo rustica",aves,NA,NA,culex pipiens,NA,HOST->VECTOR->HUMAN->HUMAN,HOST->VECTOR->HUMAN,yes
venezuelan equine encephalitis,7,NA,21,28,NA,,,220,,1,"MX,BZ,GT,HN,SV,NI,CR,PA,CO,VE,EC,PE,BO",41,alphavirus,alphavirus,Venezuelan Equine Encephalitis,"heteromys,oligoryzomys,oryzomys,sigmodon,zygodontomys,peromyscus",mammalia,NA,NA,"stegomyia aegypti,ochlerotatus angustivittatus,ochlerotatus sollicitan,ochlerotatus scapularis,ochlerotatus serratus,culex tritaeniorhynchus,ochlerotatus thelcter,anopheles aquasalis,anopheles crucians,anopheles neomaculipalpus,anopheles pseudopunctipennis,anopheles punctimacula,culex ocossa,culex corniger,culex nigripalpus,culex quinquefasciatus,culex tarsalis,deinocerites pseudes,mansonia dyari,mansonia titillans,psorophora ciliata,psorophora cilipes,psorophora confinnis,psorophora cyanescens",NA,HOST->VECTOR->HUMAN,HOST->VECTOR->HUMAN,no
west nile,28,NA,9,37,2,,,222,,1,"CA,UA,AR,MX,CU,HT,FR,IT,MA,DZ,TN,CD,DJ,TR,RO,RU,HU,AU,PG",56,flavivirus,flavivirus,West Nile Fever,"ducks,accipiter,aegypius,agelaius,anas,aquila,athene,bonasa,branta,bubo,bubulcus,buteo,butorides,carpodacus,colaptes,corvus,cyanocitta,falco,garrulus,mimus,molothrus,passer,phalacrocorax,pica,parus,quiscalus,turdus,zenaida",aves,NA,NA,"ochlerotatus cantan,anopheles maculipennis,anopheles coustani,anopheles subpictus,culex univittatus,culex antennatus,culex modestus,culex vishnui,culex quinquefasciatus,culex weschei,culex modestus,argas hermanni,hyalomma marginatum",NA,HOST->VECTOR->HUMAN->HUMAN,HOST->VECTOR->HUMAN,yes
western equine encephalitis,38,NA,4,42,1,,,223,,1,"CA,US,AR",8,alphavirus,alphavirus,Western Equine Encephalitis,"ducks,chickens,accipiter,aegypius,agelaius,anas,aquila,athene,bonasa,branta,bubo,bubulcus,buteo,butorides,carpodacus,colaptes,corvus,cyanocitta,falco,garrulus,mimus,molothrus,passer,phalacrocorax,pica,parus,quiscalus,turdus,zenaida,turdus,anser,branta,cereopsis,coscoroba,cygnus,amazonetta,anas,lophonetta,nettapus,speculanas,bonasa,falcipennis,centrocercus,dendragapus,lagopus,tetrao",aves,NA,NA,"ochlerotatus dorsalis,ochlerotatus melanimon,culiseta melanura,culex tarsalis",NA,HOST->VECTOR->HUMAN,HOST->VECTOR->HUMAN,no
whitewater arroyo,4,NA,NA,4,0,,,224,,0,US,2,arenavirus,arenavirus,Tacaribe Complex Virus Disease,"neotoma albigula,neotoma cinerea,neotoma mexicana,neotoma micropus",mammalia,NA,NA,NA,NA,HOST->HUMAN->HUMAN,HOST->HUMAN,yes
wuchereria bancrofti,1,NA,21,22,2,,,225,,1,"PR,DO,BR,SN,GM,GW,GN,SL,LR,CI,GH,ML,BF,TG,BJ,NE,NG,SO,ET,KE,UG,TZ,BI,RW,ZA,NA,LS,BW,ZW,ZM,AO,MZ,MG,MM,TH,LA,KH,VN,MY,PH,BN,IN,BD,PK,CN",122,parasite,wuchereria,Filariasis,human,human,NA,NA,"culex annulirostris,culex bitaeniorhynchus,culex quinquefasciatus,culex pipiens,anopheles arabinensis,anopheles bancroftii,anopheles farauti,anopheles funestus,anopheles gambiae,anopheles koliensis,anopheles melas,anopheles merus,anopheles punctulatus,anopheles wellcomei,stegomyia aegypti,aedes aquasalis,aedes bellator,aedes cooki,aedes darlingi,aedes kochi,stegomyia polynesiensis,aedes pseudoscutellaris,aedes rotumae,ochlerotatus scapularis,ochlerotatus vigilax,mansonia pseudotitillans,mansonia uniformis,coquillettidia juxtamansonia",NA,HUMAN->VECTOR->HUMAN,HUMAN->VECTOR,no
yellow,1,NA,8,9,3,,,226,,1,"SN,GM,GW,GN,SL,LR,CI,GH,ML,BF,TG,BJ,NE,NG,CD,CG,GA,GQ,CM,CF,SD,TD,SO,ET,KE,UG,TZ,BI,RW,VE,EC,PE,BO,PY,BR,SR,GY,GF,TT",119,flavivirus,flavivirus,Yellow Fever,human,human,NA,NA,"stegomyia aegypti,stegomyia aegypti,stegomyia africana,culex theobaldi,stegomyia opok,haemagogus leucocelaenus,sabethes chloropterus,amblyomma variegatum",NA,HUMAN->VECTOR->HUMAN,HUMAN->VECTOR,no
yersinia pestis,5,NA,4,9,0,,,227,,1,"US,EC,PE,BO,BR,CO,ZA,NA,LS,BW,ZW,ZM,AO,MZ,KE,TZ,SD,TR,IL,GE,JO,LB,SY,PS,IQ,SA,IR,AM,AZ,MM,TH,LA,KH,VN,MY,KZ,RU,UZ,TM,TJ,KG,PK,AF,CN,RU,MN,KR,KP,HK,MG",149,bacteria,yersinia,Bubonic Plague,"oligoryzomys andinus,rhizomys sinensis,sylvilagus brasiliensis,calomys callosus,cerradomys subflavus,necromys lasiurus",mammalia,NA,NA,"spilopsyllus,echidnophaga,ceratophyllus,nosopsyllus,xenopsylla,pulex,ctenocephalides,xenopsylla cheopsis",flea,HOST->VECTOR->HUMAN->HUMAN,HOST->VECTOR->HUMAN,yes
zika,1,21,8,30,0,,,228,,0,"SN,GM,GW,GN,SL,LR,CI,GH,ML,BF,TG,BJ,NE,NG,CD,CG,GA,GQ,CM,CF,SD,TD,SO,ET,KE,UG,TZ,BI,RW,PK,IN,TH,VN,PH,MY,FM,BR,MX,US",119,flavivirus,flavivirus,Zika Fever,human,human,"pan,pongo,gorilla,papio,mandrillus,callicebus,cercopithecus,macaca,saguinus,trachypithecus,alouatta,mico,aotus,presbytis,procolobus,pithecia,sapajus,ateles,hylobates,nomascus,semnopithecus,callithrix,cercocebus,chlorocebus,lophocebus,chiropotes,colobus,papio,rhinopithecus,saimiri",mammalia,"stegomyia aegypti,stegomyia africana,stegomyia apicoargentea,diceromyia furcifer,aedes hensilii,stegomyia luteocephala,fredwardsius vittatus",NA,HOST->VECTOR->HUMAN->HUMAN,HOST->VECTOR->HUMAN,yes
