fff,name,good?,countries,countries comment,,no.countries,group,group2,disease,all_host,host_type,secondary,secondary_type,all_vectors,vector_type,Type,CFR.low,CFR.high,cases_per_year,sporadic.endemic,%_cases_modelled,cases_per_yearx,spillover_rate_outbreaks,outbreaks_per_year,cases_per_year,first.date,R0,R0_ref,Incubation.low,Incubation.high,acute_low,acute_high,CFR.low,CFR.high,proportion.of.recovered.that.are.immmune,X..chronic.carrier,Chronicduration_low,Chronicduration_high,chronic.morbidity,Convalescence_length...non.infectious.recovery,reference,notes,reference,page
205,alkhurma,1,SA,0,siberia,2,flavivirus,flavivirus,Tick-borne Encephalitis,"sheep,camelus",domestic,,,ornithodoros savignyi,,HOST->VECTOR->HUMAN,0,1,77.66666667,,,,,,,,,,,,,,,,,,,,,,,,http://journals.plos.org/plosone/article?id=10.1371%2Fjournal.pone.0085564,1
145,allpahuayo,1,PE,0,ss,2,arenavirus,arenavirus,None reported,oecomys,mammalia,,,,,HOST->HUMAN,0,0,0.001,,,,,,,,,,,,,,,,,,,,,,,,ref: Viral Haemorrhagic Fevers By Colin R. Howard,2
57,amur,1,"CN,KR,KP",0,,8,hantavirus,hantavirus,Hantavirus hemorrhagic fever with renal syndrome (HFRS),apodemus peninsulae,mammalia,,,,,HOST->HUMAN,5,15,400,,,,,,,,,,,,,,,,,,,,,,,,"Ref: Yao LS,Zhao H,Shao LJ,Liu YX,Zhang XL,Wang J,Deng YQ,Li XF,Hu KX,Qin CF,Xu BL.Complete genome sequence of an amur virus isolated from Apodemus peninsulae in Northeastern Chi.Source.Jourl of Virology. 2012 Dec;86(24):13816û7. doi: 10.1128/JVI.02586-12.",3
72,anajatuba,0,BR,0,,2,hantavirus,hantavirus,HCPS,oligoryzomys fornesi,mammalia,,,,,HOST->HUMAN,20,40,5,,,,,,,,,,,,,,,,,,,,,,,,http://www.sciencedirect.com/science/article/pii/S1198743X15005366;https://www.ncbi.nlm.nih.gov/pmc/articles/PMC3294554/,4
37,anaplasma phagocytophilum,1,"CA,US,ES,IT,DE,AT,CY,CZ,PL,BG,FI,NO,SE,CN",0,,41,bacteria,bacteria,Ehrlichioses,"alces alces,apodemus agrarius,apodemus sylvaticus,capreolus capreolus,cervus elaphus,myodes glareolus,odocoileus virginianus,peromyscus leucopus,procyon lotor,sciurus carolinensis,sciurus griseus,sorex araneus,sylvilagus floridanus,tamias striatus",mammalia,,,"ixodes pacificus,amblyomma americanum,amblyomma maculatum,amblyomma testudinarium,haemaphysalis longicornis,haemaphysalis yeni,haemaphysalis yeni ,ixodes ricinus,dermacentor variabilis,ixodes pacificus,amblyomma americanum,rhipicephalus sanguineus",,HOST->VECTOR->HUMAN,0.5,0.5,9305.967035,ENDEMIC,,,,,,,,,,,,,,,,,,,,,,,Werthiem,5
56,andes,1,"CL,AR",0,,8,hantavirus,hantavirus,Hantavirus Cardiopulmonary Syndrome,oligoryzomys longicaudatus,mammalia,,,,,HOST->HUMAN->HUMAN,47.5,47.5,25.25,ENDEMIC,100,25.25,0.000000433,,25.25,,0.1,??,14,14,12.5,12.5,47.5,47.5,100,0,0,0,0,42,http://www.ncbi.nlm.nih.gov/pmc/articles/PMC3367635/;http://www.nejm.org/doi/full/10.1056/NEJMc1300266,,http://www.ncbi.nlm.nih.gov/pmc/articles/PMC3367635/;http://www.nejm.org/doi/full/10.1056/NEJMc1300266,6
44,angiostrongylus cantonensis,1,"US,EC,BR,TO,AS,PF,CU,DO,JM,CI,EG,IN,CN,TH,VN,TW,AU,PG,JP,ID,MY,NC",0,,65,parasite,angiostrongylus,Eosinophilic meningitis,"bandicota,varanus",mammalia,,,"achatina fulica,pomacea canaliculata",,HOST->VECTOR->HUMAN,0,0.5,500,,,,,,,,,,,,,,,,,,,,,,,,"Outbreaks of human angiostrongyliasis have involved a few to hundreds of persons; over 2,800 cases have been reported in the literature from approximately 30 countries.; http://www.cdc.gov/parasites/angiostrongylus/epi.html; CFR: http://www.ncbi.nlm.nih.gov/pmc/articles/PMC3689488/",7
43,angiostrongylus costaricensis ,1,"CR,PA,EC,CO,PE,VE,BR,BZ,GT,HN,SV,NI,CR,PA,MX",0,,23,parasite,angiostrongylus,Eosinophilic meningitis,sigmodon hispidus,mammalia,,,"sarasinula,veronicella",,HOST->VECTOR->HUMAN,1.8,7.4,600,,,,,,,,,,,,,,,,,,,,,,,,"Outbreaks of human angiostrongyliasis have involved a few to hundreds of persons; over 2,800 cases have been reported in the literature from approximately 30 countries.; http://www.cdc.gov/parasites/angiostrongylus/epi.html; CFR http://www.ncbi.nlm.nih.gov/pubmed/9580096; Countries from: 10.1590/0074-02760170226",8
20,apeu,1,"PE,BR",0,,5,orthobunyavirus,orthobunyavirus,Bunyavirus Group C Disease,"caluromys philander,marmosa demerarae",mammalia,,,"howardina arborealis,howardina septemstriata,culex aikenii ",mosquito,HOST->VECTOR->HUMAN,0,0,0.018867925,,,,,,,,,,,,,,,,,,,,,,,,http://www.ajtmh.org/content/13/1/108.short,9
58,araraquara,0,BR,0,,2,hantavirus,hantavirus,Hantavirus Pulmonary Syndrome,necromys lasiurus,mammalia,,,,,HOST->HUMAN,47.5,47.5,50,,,,,,,,,,,,,,,,,,,,,,,,ref: http://www.ncbi.nlm.nih.gov/pmc/articles/PMC2671436/,10
172,aravan,1,"KZ,UZ,TM,TJ,KG,PK,AF",0,,23,lyssavirus,lyssavirus,Rabies,myotis blythii,mammalia,,,,,HOST->HUMAN,100,100,0.001,,,,,,,,,,,,,,,,,,,,,,,,Werthiem,11
121,asama,1,JP,japan,,2,hantavirus,hantavirus,None reported,urotrichus talpoides,mammalia,,,,,HOST->HUMAN,0,0,0.001,,,,,,,,,,,,,,,,,,,,,,,,Werthiem,12
122,ashriver,0,US,0,,2,hantavirus,hantavirus,None reported,sorex cinereus,mammalia,,,,,HOST->HUMAN,0,0,0.001,ENDEMIC,,,,,,,0,,0,0,0,0,0,0,100,0,0,0,0,0,Werthiem,,Werthiem,13
48,australian bat lyssa,1,AU,australia,,2,lyssavirus,lyssavirus,Fatal encephalitis,"saccolaimus flaviventris,pteropus",mammalia,,,,,HOST->HUMAN,100,100,0.5,,,,,,,,,,,,,,,,,,,,,,,,ref: https://doi.org/10.1371/journal.pntd.0005227,14
114,azagny,0,CI,0,,2,hantavirus,hantavirus,None reported,crocidura obscurior,mammalia,,,,,HOST->HUMAN,0,0,0.001,,,,,,,,,,,,,,,,,,,,,,,,"ref: Molecular evolution of Azagny virus,a newfound hantavirus harbored by the West African pygmy shrew (Crocidura obscurior) in C¶te d'Ivoire",15
8,babesia divergens,1,"PT,FR,ES,GB,IT,CH,AT,BE,NL,FI",0,,29,parasite,babesia,Babesiosis,cattle,domestic,,,ixodes ricinus,tick,HOST->VECTOR->HUMAN,29,30,0.96875,ENDEMIC,100,1,1.95E-09,,1,,0,,7,62,14,14,7,7,100,20,180,180,5,14,http://www.cdc.gov/mmwr/preview/mmwrhtml/mm6127a2.htm#fig1;http://www.ncbi.nlm.nih.gov/pmc/articles/PMC88943/,,ref: http://www.ncbi.nlm.nih.gov/pmc/articles/PMC3862492/http://www.cdc.gov/mmwr/preview/mmwrhtml/mm6127a2.htm#fig1;http://www.ncbi.nlm.nih.gov/pmc/articles/PMC88943/;https://www.ncbi.nlm.nih.gov/pmc/articles/PMC207107/,16
144,babesia meri,1,"EG,TN,LY,MO,DZ,MA,JO,SA",0,,59,parasite,babesia,None reported,psammomys obesus,mammalia,,,ornithodoros erraticus,,HOST->VECTOR->HUMAN,0,0,0.001,,,,,,,,,,,,,,,,,,,,,,,,ref: http://www.ncbi.nlm.nih.gov/pmc/articles/PMC3862492/,17
9,babesia microti,1,"US,CA,AK,MX",0,,8,parasite,babesia,Babesiosis,"peromyscus leucopus,procyon lotor,blarina brevicauda,tamias striatus",mammalia,,,ixodes scapularis,tick,HOST->VECTOR->HUMAN,7,7,2000,ENDEMIC,100,1,2.29E-09,,1,,0,,7,62,14,14,7,7,100,20,180,180,5,14,http://www.cdc.gov/mmwr/preview/mmwrhtml/mm6127a2.htm#fig1;http://www.ncbi.nlm.nih.gov/pmc/articles/PMC88943/,,ref: http://wwwnc.cdc.gov/eid/article/18/12/11-1392_articlehttp://www.cdc.gov/mmwr/preview/mmwrhtml/mm6127a2.htm#fig1;http://www.ncbi.nlm.nih.gov/pmc/articles/PMC88943/;https://www.frontiersin.org/articles/10.3389/fimmu.2018.02891/full;https://www.ncbi.nlm.nih.gov/pmc/articles/PMC4649939/,18
6,babesia microti european,1,DE,0,,2,parasite,babesia,Babesiosis,microtus agrestis,mammalia,,,ixodes ricinus,tick,HOST->VECTOR->HUMAN,0,0,0.033333333,,,,,,,,,,,,,,,,,,,,,,,,ref: http://meduni09.edis.at/eucalb/cms_15/images/stories/new/zoonotic_babesiosis.pdf,19
7,babesia microti japanese,1,JP,japan,,2,parasite,babesia,Babesiosis,"apodemus speciosus,apodemus argenteus",mammalia,,,ixodes ovatus,tick,HOST->VECTOR->HUMAN,0,0,0.033333333,,,,,,,,,,,,,,,,,,,,,,,,ref: http://meduni09.edis.at/eucalb/cms_15/images/stories/new/zoonotic_babesiosis.pdf,20
10,babesia venatorum,1,"PT,FR,ES,GB,IT,CH,AT,BE,NL,FI",0,,29,parasite,babesia,Babesiosis,"goats,capreolus",domestic,,,ixodes ricinus,tick,HOST->VECTOR->HUMAN,0,5,50,,,,,,,,,,,,,,,,,,,,,,,,ref: http://www.ncbi.nlm.nih.gov/pmc/articles/PMC3862492/;doi: 10.1016/S1473-3099(14)71046-1,21
41,banna,1,"CN,ID,VN",0,,8,seadornavirus,seadornavirus,None reported,pigs,domestic,,,"stegomyia albopicta,aedimorphus vexans,anopheles sinensis,culex annulus,culex modestus,culex pipiens,culex tritaeniorhynchus,ochlerotatus dorsalis",,HOST->VECTOR->HUMAN,0,0,0.001,,,,,,,,,,,,,,,,,,,,,,,,"ref: beshima,T.; Thi Nga,P. T.; Guillermo,P.; Parquet Mdel,M. D. C.; Yu,F.; Thanh Thuy,N. T.; Minh Trang,B. M.; Tran Hien,N. T.; Sinh m,V. S.; Inoue,S.; Hasebe,F.; Morita,K. (2008). ""Isolation and Molecular Characterization of Ban Virus from Mosquitoes,Vietm"". Emerging Infectious Diseases 14 (8): ",22
11,barmah forest,1,AU,0,,2,alphavirus ,alphavirus,Barmah Forest virus disease,"macropus,dendrolagus,petrogale,thylogale",mammalia,,,"ochlerotatus normanensis,ochlerotatus normanensis,ochlerotatus bancroftianus,ochlerotatus vigilax,culex annulirostris,culex molestus,culex cylindricus,coquillettidia linealis,ochlerotatus vigilax,ochlerotatus camptorhynchus,culicoides marksi  ",mosquito,HOST->VECTOR->HUMAN,0,0,1199.384615,ENDEMIC,,,,,,,0,,3,12,14,14,0,0,100,50,14,100,5,14,Werthiem,,doi:10.1371/journal.pone.0025688,23
12,bartonella bacilliformis,1,"CO,EC,PE",0,,8,bacteria,bacteria,Bartonellosis,human,human,,,lutzomyia verrucarum,sandfly,HUMAN->VECTOR->HUMAN,0,40,1273.6,,,,,,,,,,,,,,,,,,,,,,,,"acute case fatality rate is 40 to 85%; host ref Marr,John S. ""Bartonellosis."" Inter-American Institute for Advanced Studies in Cultural History,Free Union,VA,2000. 26 July 2000. Inter-American Institute for Advanced Studies in Cultural History. 9 Dec. 2008; 5-10% of individuals living in these endemic areas have the bacteria circulating in their blood. http://www.ncbi.nlm.nih.gov/pmc/articles/PMC3493376/;Bartonellosis: Global Status: 2019 edition;DOI: 10.4269/ajtmh.1999.61.344 ",24
143,bat sars-like coronavirus wiv1,1,NA,0,,2,betacoronavirus,betacoronavirus,SARS,rhinolophus sinicus,mammalia,paguma larvata,mammalia,,,HOST->HUMAN,NA,NA,NA,,,,,,,,,,,,,,,,,,,,,,,,"ref: Xing-Yi Ge,Jia-Lu Li,Xing-Lou Yang,et al. Isolation and characterization of a bat SARS-like corovirus that uses the ACE2 receptor. ture. (2013). doi:10.1038/ture12711",25
176,baylisascaris procyonis,1,"US,CA,AK",0,,5,parasite,baylisascaris,Raccoon Roundworm Infection,procyon lotor,mammalia,,,,,HOST->HUMAN,0.260869565,0.260869565,0.594594595,,,,,,,,,,,,,,,,,,,,,,," 22 US cases of baylisascariasis, caused by the Baylisascaris procyonis roundworm, were documented from 1973 to 2010, ",ref: http://www.cdc.gov/parasites/baylisascaris/epi.html,26
59,bayou,1,US,0,,2,hantavirus,hantavirus,Hantavirus Pulmonary Syndrome,oryzomys palustris,mammalia,,,,,HOST->HUMAN,47.5,47.5,25.25,ENDEMIC,100,25.25,8.42E-08,,25.25,,0,,14,14,12.5,12.5,47.5,47.5,100,0,0,0,0,42,Werthiem,,Werthiem,27
146,bear canyon,1,US,0,,2,arenavirus,arenavirus,None reported,peromyscus californicus,mammalia,,,,,HOST->HUMAN,0,0,0.001,,,,,,,,,,,,,,,,,,,,,,,,ref: Viral Haemorrhagic Fevers By Colin R. Howard,28
60,bermejo,1,AR,0,,2,hantavirus,hantavirus,Hantavirus Pulmonary Syndrome,oligoryzomys chacoensis,mammalia,,,,,HOST->HUMAN,47.5,47.5,25.25,ENDEMIC,100,25.25,0.000000652,,25.25,,0,,14,14,12.5,12.5,47.5,47.5,100,0,0,0,0,42,Werthiem,,Werthiem,29
61,black creek canal,0,US,0,,2,hantavirus,hantavirus,Hantavirus Pulmonary Syndrome,sigmodon hispidus,mammalia,,,,,HOST->HUMAN,47.5,47.5,25.25,ENDEMIC,100,25.25,8.42E-08,,25.25,,0,,14,14,12.5,12.5,47.5,47.5,100,0,0,0,0,42,Werthiem,,Werthiem,30
123,bloodland lake,1,US,0,,2,hantavirus,hantavirus,None reported,microtus ochrogaster,mammalia,,,,,HOST->HUMAN,0,0,0.001,,,,,,,,,,,,,,,,,,,,,,,,"ref: Schamljohn,C. S.,AND B. Hjelle. 1997. Hantaviruses: a global disease problem. Emerging Infectious Diseases. 3(2):95-104",31
124,blue river,1,US,0,,2,hantavirus,hantavirus,None reported,peromyscus leucopus,mammalia,,,,,HOST->HUMAN,0,0,0.001,,,,,,,,,,,,,,,,,,,,,,,,"ref:  Klein SL,Calisher CH.Emergence and persistence of hantaviruses.Curr Top Microbiol Immunol. 2007;315:217-52.",32
120,bokeloh bat lyssavirus,1,"DE,FR",0,,5,lyssavirus,lyssavirus,None reported,myotis nattereri,mammalia,,,,,HOST->HUMAN,0,0,0.001,,,,,,,,,,,,,,,,,,,,,,,,"ref: Picard-Meyer,E; Servat,A; Robardet,E; Moinet,M; Borel,C; Cliquet,F (Nov 2013). ""Isolation of Bokeloh bat lyssavirus in Myotis ttereri in France"". Arch Virol 158 (11): 2333û4",33
117,borna,0,"US,CA,AK,MX,PE,ES,PT,IT,SN,GM,GW,GN,SL,LR,CI,GH,ML,BF,TG,BJ,NE,NG,SO,ET,KE,UG,TZ,BI,RW,TR,IL,GE,JO,LB,SY,PS,IQ,SA,IR,AM,AZ,MM,TH,LA,KH,VN,MY,PH,BN,MN",0,,146,bornaviridae,bornaviridae,None reported,"canis lupus,crocidura,procyon,vulpes",mammalia,"cattle,pigs,sheep,goats",domestic,,,HOST->HUMAN,0,0,0.001,,,,,,,,,,,,,,,,,,,,,,,,ref: http://www.ncbi.nlm.nih.gov/pmc/articles/PMC88987/,34
89,borrelia afzelii,1,"PT,FR,ES,GB,IT,CH,AT,BE,NL,SI,SK,RO,PL,CZ,HU,HR,BA,RS,AL,BG,MK,GR,UA,MD,BY,EE,LT,LV,NO,SE,FI,RU,XX,MN,JP,CN",0,,104,bacteria,borrelia,Lyme disease,"myodes rufocanus,myodes rutilus,apodemus speciosus,lepus timidus",mammalia,,,ixodes persculatus,,HOST->VECTOR->HUMAN,0,0,30000,ENDEMIC,100,938721.162,0.001,,938721.162,,0,,3,32,0,0,0,0,0,60,30,720,15,0,Werthiem,,ref: http://www.euro.who.int/__data/assets/pdf_file/0006/96819/E89522.pdf; http://www.ncbi.nlm.nih.gov/pubmed/1644364,35
88,borrelia burgdorferi,1,"US,CA",0,,8,bacteria,borrelia,Lyme disease,"peromyscus leucopus,tamias striatus,blarina brevicauda,sorex cinereus,sciurus carolinensis,sciurus griseus",mammalia,,,"ixodes pacificus,ixodes persculatus,ixodes pacificus ,ixodes persulcaus,ixodes ricinus,ixodes scapularis",,HOST->VECTOR->HUMAN,9.50E-05,9.50E-05,30000,ENDEMIC,100,938721.162,0.001,,938721.162,,0,,3,32,0,0,0,0,0,60,30,720,15,0,Werthiem,,"ref: http://cid.oxfordjournals.org/content/52/3/364.full; Salkeld DJ,Leonhard S,Girard YA,et al. Identifying the Reservoir Hosts of the Lyme Disease Spirochete Borrelia burgdorferi in California: The Role of the Western Gray Squirrel (Sciurus griseus). The American jourl of tropical medicine and hygiene. 2008;79(4):535-540.",36
199,borrelia crocidurae,1,"EG,ML,SN,TN,MA,DZ,LY",0,,11,bacteria,borrelia,Soft Tick-Borne Relapsing Fever,crocidura,mammalia,,,"ornithodoros erraticus,ornithodoros sonrai",,HOST->VECTOR->HUMAN,0,1,1000,,,,,,,,,,,,,,,,,,,,,,,,http://onlinelibrary.wiley.com/doi/10.1111/j.1469-0691.2009.02767.x/pdf;DOI: https://doi.org/10.1111/j.1469-0691.2009.02819.x;https://www.ncbi.nlm.nih.gov/pmc/articles/PMC3741250/,37
200,borrelia duttoni,1,"SN,KE,MW,TD,ZA,CD,UG",0,,14,bacteria,borrelia,Soft Tick-Borne Relapsing Fever,mastomys natalensis,human,,,ornithodoros moubata,,HOST->VECTOR->HUMAN,0,40,1000,,,,,,,,,,,,,,,,,,,,,,,,http://onlinelibrary.wiley.com/doi/10.1111/j.1469-0691.2009.02767.x/pdf;DOI: https://doi.org/10.1111/j.1469-0691.2009.02819.x;https://www.ncbi.nlm.nih.gov/pmc/articles/PMC3741250/,38
90,borrelia garinii,1,"PT,FR,ES,GB,IT,CH,AT,BE,NL,SI,SK,RO,PL,CZ,HU,HR,BA,RS,AL,BG,MK,GR,UA,MD,NO,SE,DK,FI",europe,,71,bacteria,borrelia,Lyme disease,"sus scrofa,capreolus capreolus,cervus elaphus",mammalia,"cattle,pigs,sheep,goats",domestic,ixodes ricinus,,HOST->VECTOR->HUMAN,0,0,30000,ENDEMIC,100,938721.162,0.001,,938721.162,,0,,3,32,0,0,0,0,0,60,30,720,15,0,Werthiem,,ref: http://www.euro.who.int/__data/assets/pdf_file/0006/96819/E89522.pdf; http://www.ncbi.nlm.nih.gov/pmc/articles/PMC3933768/,39
201,borrelia hermsii,1,"US,CA,AK",0,,5,bacteria,borrelia,Soft Tick-Borne Relapsing Fever,"tamias,tamiasciurus hudsonicus,peromyscus maniculatus",mammalia,,,ornithodoros hermsi,,HOST->VECTOR->HUMAN,0,10,3.2,,,,,,,,,,,,,,,,,,,,,,,,"Dworkin MS,Shoemaker PC,Fritz CL,Dowell ME,Anderson DE Jr. The epidemiology of tick-borne relapsing fever in the United States. Am J Trop Med Hyg. 2002;66:753-8.; a multicase outbreaks (at least 5); ref: http://wwwnc.cdc.gov/eid/article/9/9/03-0280_article; https://www.ncbi.nlm.nih.gov/pmc/articles/PMC3725823/",40
71,borrelia miyamotoi,1,"US,JP,XX",0,,8,bacteria,borrelia,Hard Tick-Borne Relapsing Fever,"peromyscus leucopus,tamias striatus,blarina brevicauda,sorex cinereus,sciurus carolinensis,sciurus griseus,myodes rufocanus,myodes rutilus,apodemus speciosus,lepus timidus,sus scrofa,capreolus capreolus,cervus elaphus",mammalia,,,"ixodes pacificus,ixodes persculatus,ixodes pacificus ,ixodes persulcaus,ixodes ricinus,ixodes scapularis,ixodes persculatus,ixodes ricinus",,HOST->VECTOR->HUMAN,0,0,51,,,,,,,,,,,,,,,,,,,,,,,,http://www.antimicrobe.org/new/b86.asp;doi: 10.7326/M15-0333.,41
15,brucella abortus,1,"MX,PE,ES,PT,IT,SN,GM,GW,GN,SL,LR,CI,GH,ML,BF,TG,BJ,NE,NG,SO,ET,KE,UG,TZ,BI,RW,TR,IL,GE,JO,LB,SY,PS,IQ,SA,IR,AM,AZ,MM,TH,LA,KH,VN,MY,PH,BN,MN",0,,140,bacteria,brucella,Brucellosis ,"bison bison,bos,syncerus caffer,bison bonasus,cattle,pigs,sheep,goats",mammalia,,,,,HOST->HUMAN,2,2,250000,ENDEMIC,,,,,,,,,,,,,,,,,,,,,,,http://www.ncbi.nlm.nih.gov/pmc/articles/PMC3493380/,42
14,brucella suis,0,"MX,PE,ES,PT,IT,SN,GM,GW,GN,SL,LR,CI,GH,ML,BF,TG,BJ,NE,NG,SO,ET,KE,UG,TZ,BI,RW,TR,IL,GE,JO,LB,SY,PS,IQ,SA,IR,AM,AZ,MM,TH,LA,KH,VN,MY,PH,BN,MN",0,,140,bacteria,brucella,Brucellosis,"lepus europaeus,rangifer tarandus,cattle,pigs,sheep,goats",mammalia,,,,,HOST->HUMAN,2,2,250000,ENDEMIC,,,,,,,,,,,,,,,,,,,,,,,http://www.ncbi.nlm.nih.gov/pmc/articles/PMC3493380/,43
51,brugia malayi,1,"VN,TH,PH,ID,BN,MY",0,,17,parasite,brugia,Filariasis,human,human,,,"aedes,anopheles,mansonia,culex ",,HUMAN->VECTOR->HUMAN,0,0,6.00E+06,ENDEMIC,100,6000000,0.012379108,,6000000,,0,,90,180,30,30,0,0,0,70,3000,10000,30,14,Werthiem,,Werthiem,44
52,brugia timori,0,"ID,TL",0,,5,parasite,brugia,Filariasis,human,human,,,"anopheles barbirostris,culex",,HUMAN->VECTOR->HUMAN,0,0,6.00E+06,ENDEMIC,100,6000000,0.026416551,,6000000,,0,,180,360,30,30,0,0,0,70,3000,10000,30,14,Werthiem,,Werthiem,45
217,bunyamwera,1,"SN,GN,CI,NG,CM,CF,UG,KE,MG,ZA",0,,29,orthobunyavirus,orthobunyavirus,Viral hemorrhagic fever,"thamnomys,rattus,mus,aethomys,thallomys,arvicanthis,dasymys,hybomys,lemniscomys,mylomys,oenomys,pelomys,praomys,hylomyscus,mastomys,zelotomys,leggadina,acomys,colomys,cricetomys,lophuromys,malacomys,saccostomus,uranomys,ochrotomys",mammalia,,,stegomyia aegypti,,HOST->VECTOR->HUMAN,0,0,100,ENDEMIC,100,1000,,,1000,,0,,10,10,14,14,0,0,100,5,300,300,30,14,Werthiem,"Gonzalez JP, Georges AJ (1988) Bunyaviral fevers: Bunyamwera, Ilesha, Germiston, Bwamba and Tataguine. In: Monath T, editor The Arboviruses: Epidemiology and Ecology. Boca Raton, FL: CRC press.pp. 87û98. (1oth most common - 100 cases of similar in US so guessing at 1000)",widespread - mild; http://www.sciencedirect.com/science/article/pii/S0042682201912012,46
17,cache valley,1,US,0,,2,orthobunyavirus,orthobunyavirus,Bunyamwera Viral fever,"odocoileus hemionus,odocoileus virginianus,cervus elaphus",mammalia,,,"neomelaniconion circumluteolum,skusea pembaensis,ochlerotatus sollicitan,culex tritaeniorhynchus,culiseta inornata,psorophora confinnis,anopheles grabhamii,anopheles quadrimaculatus,anopheles crucians ",mosquito,HOST->VECTOR->HUMAN,0,1,0.015000027,ENDEMIC,100,1000,very low,,1000,,0,,10,10,14,14,0,0,100,5,300,300,30,14,Werthiem,"Gonzalez JP, Georges AJ (1988) Bunyaviral fevers: Bunyamwera, Ilesha, Germiston, Bwamba and Tataguine. In: Monath T, editor The Arboviruses: Epidemiology and Ecology. Boca Raton, FL: CRC press.pp. 87û98. (1oth most common - 100 cases of similar in US so guessing at 1000)",http://wwwnc.cdc.gov/eid/article/12/5/05-1625_article,47
125,calabazo,1,PA,0,,2,hantavirus,hantavirus,None reported,zygodontomys brevicauda,mammalia,,,,,HOST->HUMAN,0,0,0.001,,,,,,,,,,,,,,,,,,,,,,,,"ref: Armien,B; Pascale,JM; Bayard,V; Munoz,C; Mosca,I; Guerrero,G; Armien,A; Quiroz,E; Castillo,Z; Zaldivar,Y; Gracia,F; Hjelle,B; Koster,F (Jun 2004). ""High seroprevalence of hantavirus infection on the Azuero peninsula of Pama"". Am J Trop Med Hyg 70 (6): 682û7.",48
126,campripley,0,US,0,,2,hantavirus,hantavirus,None reported,blarina brevicauda,mammalia,,,,,HOST->HUMAN,0,0,0.001,ENDEMIC,,,,,,,0,,0,0,0,0,0,0,100,0,0,0,0,0,Werthiem,,Werthiem,49
127,caobang,1,VN,#N/A,,2,hantavirus,hantavirus,None reported,anourosorex squamipes,mammalia,,,,,HOST->HUMAN,0,0,0.001,,,,,,,,,,,,,,,,,,,,,,,,ref: http://www.ncbi.nlm.nih.gov/pubmed/26921799,50
19,caraparu,1,"PA,GF,GY,SR,BR,PE","central america,south america",,20,orthobunyavirus,orthobunyavirus,Bunyavirus Group C Disease,"hylaeamys megacephalus,hylaeamys laticeps,proechimys guyannensis,nectomys squamipes,zygodontomys brevicauda,heteromys anomalus,artibeus",mammalia,,,"culex vomerifer,culex portesi,culex caudelli,culex spissipes,limatus durhamii,wyeomyia",mosquito,HOST->VECTOR->HUMAN,0,0,0.033333333,ENDEMIC,100,,,,,,0,,3,12,5,5,0,0,100,0,0,0,0,14,Werthiem,,"5% seroprevalance - 50 cases reported caraparu or oribica virus,ref: Acha,Pedro N.,and Boris Szyfres. Zoonosis y enfermedades transmisibles comunes al hombre ya los animales: clamidiosis,rickettsiosis y virosis. 3. Pan American Health Organization,2003;http://dx.doi.org/10.1590/S0036-46651987000200009 ",51
73,castelo dos sonhos,0,BR,0,,2,hantavirus,hantavirus,HCPS,olygoryzomys utiaritensis,mammalia,,,,,HOST->HUMAN,39,39,1,,,,,,,,,,,,,,,,,,,,,,,,http://www.sciencedirect.com/science/article/pii/S1198743X15005368,52
113,cercopithecine herpes,1,"AF,BD,CN,IN,LA,MM,VN,JP,TH,PK,NP",0,,32,lymphocryptovirus,lymphocryptovirus,None reported,macaca,mammalia,,,,,HOST->HUMAN,0.677419355,0.677419355,0.516666667,,,,,,,,,,,,,,,,,,,,,,,,"None in wild. In UK,US and Canda 31 documented cases of human B virus infection,21 of which led to death. Ref: B Virus | Cause and Incidence"". CDC. July 18,2014. Retrieved October 6,2014.  Weigler BJ (1992). ""Biology of B virus in macaque and human hosts: a review"". Clinical Infectious Diseases. 14 (2): 555–67. doi:10.1093/clinids/14.2.555. PMID 1313312.",53
27,chikungunya,1,"SN,GM,GW,GN,SL,LR,CI,GH,ML,BF,TG,BJ,NE,NG,ZA,NA,LS,BW,ZW,ZM,AO,MZ,SO,ET,KE,UG,TZ,BI,RW,IN,PK,MM,TH,LA,KH,VN,MY,PH,BN,CN,NC,TL",0,,125,alphavirus ,alphavirus,Chikungunya Fever,"human,pan,pongo,gorilla,papio,mandrillus,callicebus,cercopithecus,macaca,saguinus,trachypithecus,alouatta,mico,aotus,presbytis,procolobus,pithecia,sapajus,ateles,hylobates,nomascus,semnopithecus,callithrix,cercocebus,chlorocebus,lophocebus,chiropotes,colobus,papio,rhinopithecus,saimiri",mammalia,,,"stegomyia aegypti,stegomyia albopicta",,HOST->VECTOR->HUMAN->VECTOR->HUMAN->HUMAN,0.049621294,0.049621294,1.00E+05,SPORADIC,100,10000000,0.0028869,,10000000,,0,,3,7,2,7,0.1,0.1,100,50,300,300,15,14,http://www.ecdc.europa.eu/en/publications/Publications/0804_MER_Chikungunya_Modelling.pdf;http://www.who.int/denguecontrol/arbo-viral/other_arboviral_chikungunya/en/,,http://www.ecdc.europa.eu/en/publications/Publications/0804_MER_Chikungunya_Modelling.pdf;http://www.who.int/denguecontrol/arbo-viral/other_arboviral_chikungunya/en/;https://www.ijidonline.com/article/S1201-9712(17)30089-9/pdf,54
62,choclo,0,PA,0,,2,hantavirus,hantavirus,Hantavirus Pulmonary Syndrome,"oligoryzomys fulvescens,sigmodon hispidus",mammalia,,,,,HOST->HUMAN,0,0,1,ENDEMIC,100,25.25,0.00000781,,25.25,,0,,14,14,12.5,12.5,47.5,47.5,100,0,0,0,0,42,Werthiem,There were a total of eleven cases reported but only nine serologically confirmed cases of Choclo orthohantavirus found in this outbreak,Werthiem,55
28,clonorchis sinesis,1,"CN,TH,VN,KR,KP,JP,XX,TW",0,,23,parasite,clonorchis,Clonorichiasis,"bithynia,parafossarulus,melanoides tuberculata,semisulcospira libertina,assiminea lutea,tarebia granifera",invert,,,"cyprinus carpio,ctenopharyngodon idellus,carassius carassius,pseudorasbora parva,abbottina rivularis,hemiculter,opsariichthys,rhodeus,sarcocheilichthys,zacco platypus,nipponocypris temminckii,hypomesus olidus",,HOST->VECTOR->HUMAN,0,0,34999993.83,ENDEMIC,,,,,,,,,,,,,,,,,,,,,,,"ref: World Health Organization (1995). Control of Foodborne Trematode Infection. WHO Technical Report Series. 849. PDF part 1,PDF part 2. page 125-126.",56
29,colorado tick,1,"US,CA,AK",0,,5,coltivirus,coltivirus,Colorado Tick fever,"erethizon,coendou,chaetomys,ammospermophilus,spermophilus,cynomys,marmota,tamias,sciurotamias",mammalia,,,dermacentor andersoni,,HOST->VECTOR->HUMAN,0.01,0.01,5,ENDEMIC,100,,,,,,0,,3,4,21,21,0.01,0.01,100,0,0,0,0,30,Werthiem,,ref: http://www.ncbi.nlm.nih.gov/pubmed/25988440,57
30,cowpox,1,"PT,FR,ES,GB,IT,CH,AT,BE,NL,SI,SK,RO,PL,CZ,HU,HR,BA,RS,AL,BG,MK,GR,UA,MD,BY,EE,LT,LV,NO,SE,FI",europe,,92,poxviridae,poxviridae,cowpox,"microtus,apodemus,myodes",mammalia,,,,,HOST->HUMAN,0,0,0.001,,,,,,,,,,,,,,,,,,,,,,,,ref: http://wwwnc.cdc.gov/eid/article/15/5/09-0235_article,58
166,coxiella burnetii,0,"AG,DZ,AZ,AL,AM,AO,AS,AR,AU,BH,BB,BM,BS,BD,BZ,BA,BO,MM,BJ,SB,BR,BG,BN,CA,KH,LK,CG,CD,BI,CN,AF,BT,CL,KY,CM,TD,KM,CO,CR,CF,CU,CV,CK,CY,DK,DJ,DM,DO,EC,EG,IE,GQ,EE,ER,SV,ET,AT,CZ,GF,FI,FJ,FK,FM,PF,FR,GM,GA,GE,GH,GD,GL,DE,GU,GR,GT,GN,GY,HT,HN,HR,HU,IS,IN,IR,IL,IT,CI,IQ,JP,JM,JO,KE,KG,KP,KI,KR,KW,KZ,LA,LB,LV,BY,LT,LR,SK,LI,LY,MG,MQ,MN,MS,MK,ML,MA,MU,MR,MT,OM,MV,MX,MY,MZ,MW,NC,NU,NE,AW,AI,BE,HK,MP,FO,AD,GI,IM,LU,MO,MC,PS,ME,YT,AX,NF,CC,BV,TF,HM,IO,CX,UM,VU,NG,NL,NO,NP,NR,SR,NI,NZ,PY,PE,PK,PL,PA,PT,PG,GW,QA,RE,RO,MD,PH,PR,RU,RW,SA,KN,SC,ZA,LS,BW,SN,SI,SL,SG,SO,ES,LC,SD,SE,SY,CH,TT,TH,TJ,TK,TO,TG,ST,TN,TR,TV,TM,TZ,UG,GB,UA,US,BF,UY,UZ,VC,VE,VG,VN,VI,NA,WF,WS,SZ,YE,ZM,ZW,ID,GP,AN,AE,TL,PN,PW,MH,PM,SH,SM,TC,EH,RS,VA,MF,BL,GG,JE,GS,TW",0,,731,bacteria,coxiella,Q Fever,"cattle,goats,sheep,macropus,dendrolagus,petrogale,thylogale",mammalia,,,"rhipicephalus sanguineus,haemaphysalis humerosa,amblyomma triguttatum,dermacentor occidentalis,amblyomma americanum,haemaphysalis leporis-palustris,ixodes dentatus,otobius magnini,ixodes holocyclus,haemaphysalis bispinosa,dermacentor andersoni,ixodes",,HOST->VECTOR->HUMAN->HUMAN,1.5,1.5,0.0012,,,,,,,,,,,,,,,,,,,,,,,,ref: http://www.ncbi.nlm.nih.gov/pmc/articles/PMC88923/,59
31,crimean congo hemorrhagic,0,"MR,BF,CG,UG,KE,TZ,ZA,RS,KZ,TR,BG,IR,IQ,UA,SA,OM,AF,TJ,UZ",0,,65,nairovirus,nairovirus,Crimean-Congo Hemorrhagic Fever,"lepus victoriae,lepus saxatilis,lepus capensis,lepus europaeus,lepus crawshayi,lepus microtis,sheep,cattle",mammalia,,,"hyalomma  plumbeum,hyalomma turanicum,hyalomma anatolicum,hyalomma asiaticum,hyalomma detritum,haemaphysalis punctata,rhipicephalus bursa,rhipicephalus pumilio,rhipicephalus sanguineus,rhipicephalus rossicus,rhipicephalus turanicus,dermancentor marginatus,ixodes ricinus,boophilus calcaratus,argas persicus  ",,HOST->VECTOR->HUMAN->HUMAN,10,40,50,,100,1000,0.000000325,,1000,,0,,1,12,12,12,10,40,100,0,0,0,0,14,http://www.nejm.org/doi/full/10.1056/NEJMc1300266,,"ref: Crimean-Congo Hemorrhagic Fever: A Global Perspective edited by Onder Ergonul,Chris A. Whitehousehttp://www.nejm.org/doi/full/10.1056/NEJMc1300266; https://ecdc.europa.eu/en/crimean-congo-haemorrhagic-fever/facts",60
210,deer tick,1,NA,0,,5,flavivirus,flavivirus,Tick-borne Encephalitis,peromyscus leucopus,mammalia,,,ixodes scapularis,,HOST->VECTOR->HUMAN,100,100,0.01,,,,,,,,,,,,,,,,,,,,,,,,one fatal case; ref: http://www.nejm.org/doi/full/10.1056/NEJMoa0806326#t=article,61
34,dengue,1,"AG,DZ,AO,AS,BH,BB,BM,BS,BD,BZ,BO,MM,BJ,SB,BR,BN,KH,LK,CG,CD,BI,BT,KY,CM,TD,KM,CO,CR,CF,CU,CV,CK,DJ,DM,DO,EC,EG,GQ,ER,SV,ET,GF,FJ,FM,PF,GM,GA,GH,GD,GU,GT,GN,GY,HT,HN,IN,IR,IL,CI,IQ,JM,JO,KE,KI,KW,LA,LR,LY,MG,MQ,MS,ML,MA,MU,MR,OM,MV,MX,MY,MZ,MW,NC,NU,NE,AW,AI,HK,MP,MO,PS,YT,CC,IO,CX,UM,VU,NG,NP,NR,SR,NI,PY,PE,PK,PA,PG,GW,QA,RE,PH,PR,RW,SA,KN,SC,BW,SN,SL,SG,SO,LC,SD,TT,TH,TK,TO,TG,ST,TV,TZ,UG,BF,VC,VE,VG,VN,VI,NA,WF,WS,YE,ZM,ZW,ID,GP,AN,AE,TL,PW,MH,SH,TC,EH,MF,BL,TW,CN",0,,467,flavivirus,flavivirus,Dengue,human,human,,,"stegomyia aegypti,stegomyia albopicta,stegomyia niveus,anopheles balabacensis,anopheles balabacensis ",,HUMAN->VECTOR->HUMAN,20,20,3.90E+08,ENDEMIC,100,390000000,0.099313819,,390000000,,0, (96/390 are acute),3,14,7,7,20,20,100,0,0,0,0,14,Werthiem,,Werthiem,62
77,dobrava belgrade,1,"RU,DK,DE,LT,LV,CZ,SI,SK,HR,CH,AT,RO,HU,BA,RS,BG,GR,MK",europe,,53,hantavirus,hantavirus,Hemorrhagic Fever with Renal Syndrome,"apodemus agrarius,apodemus flavicollis,apodemus ponticus",mammalia,,,,,HOST->HUMAN,10,10,20000,ENDEMIC,,20000,0.0000586,,20000,,0,,14,14,3,3,10,10,100,0,0,0,0,42,Werthiem,,Werthiem,63
49,duvenhage,1,"KE,ZA",0,,5,lyssavirus,lyssavirus,Fatal encephalitis,"miniopterus schreibersii,nycteris thebaica",mammalia,,,,,HOST->HUMAN,100,100,0.162162162,,,,,,,,,,,,,,,,,,,,,,,,"https://www.sciencedirect.com/book/9780123693662/rabies; ref: van Thiel,P. P.; van den Hoek,J. A.; Eftimov,F.; Tepaske,R.; Zaaijer,H. J.; Spanjaard,L.; de Boer,H. E.; van Doornum G. J.; Schutten M.; Osterhaus,A.; Kager,P. A. (January 2008). ""Fatal Case of Human Rabies (Duvenhage Virus) from a Bat in Kenya: The Netherlands,December 2007"" (pdf). Eurosurveillance 13 (2): 1û2. PMID 18445390. Article ID 8007",64
35,eastern equine encephalitis,1,"US,MX,GT,DO,JM,EC,CO,VE,TT,GY,GF,BR,AR,PE",0,,41,alphavirus,alphavirus,Eastern Equine Encephalitis,passerina,aves,,,"culiseta melanura,culiseta morsitans",,HOST->VECTOR->HUMAN,50,70,20,ENDEMIC,100,20,2.75E-08,,20,,0,,4,10,7,14,50,70,10,90,1000,1000,50,14,Werthiem,,Werthiem,65
36,ebola,1,"CI,CD,UG,CG,GA,SD",0,,20,filovirus,filovirus,ebola,"eidolon helvum,epomophorus gambianus,epomops franqueti,hypsignathus monstrosus",mammalia,,,,,HOST->HUMAN->HUMAN,78,78,50,SPORADIC,100,50,2.69E-09,0.526315789,0.526315789,1976,2.7,legrande,7,7,9.6,9.6,78,78,100,0,0,0,0,0,http://www.nejm.org/doi/full/10.1056/NEJMc1300266,,http://www.nejm.org/doi/full/10.1056/NEJMc1300266,66
2,echinococcosis multilocularis,0,"AG,DZ,AZ,AL,AM,AO,AS,AR,AU,BH,BB,BM,BS,BD,BZ,BA,BO,MM,BJ,SB,BR,BG,BN,CA,KH,LK,CG,CD,BI,CN,AF,BT,CL,KY,CM,TD,KM,CO,CR,CF,CU,CV,CK,CY,DK,DJ,DM,DO,EC,EG,IE,GQ,EE,ER,SV,ET,AT,CZ,GF,FI,FJ,FK,FM,PF,FR,GM,GA,GE,GH,GD,GL,DE,GU,GR,GT,GN,GY,HT,HN,HR,HU,IS,IN,IR,IL,IT,CI,IQ,JP,JM,JO,KE,KG,KP,KI,KR,KW,KZ,LA,LB,LV,BY,LT,LR,SK,LI,LY,MG,MQ,MN,MS,MK,ML,MA,MU,MR,MT,OM,MV,MX,MY,MZ,MW,NC,NU,NE,AW,AI,BE,HK,MP,FO,AD,GI,IM,LU,MO,MC,PS,ME,YT,AX,NF,CC,BV,TF,HM,IO,CX,UM,VU,NG,NL,NO,NP,NR,SR,NI,NZ,PY,PE,PK,PL,PA,PT,PG,GW,QA,RE,RO,MD,PH,PR,RU,RW,SA,KN,SC,ZA,LS,BW,SN,SI,SL,SG,SO,ES,LC,SD,SE,SY,CH,TT,TH,TJ,TK,TO,TG,ST,TN,TR,TV,TM,TZ,UG,GB,UA,US,BF,UY,UZ,VC,VE,VG,VN,VI,NA,WF,WS,SZ,YE,ZM,ZW,ID,GP,AN,AE,TL,PN,PW,MH,PM,SH,SM,TC,EH,RS,VA,MF,BL,GG,JE,GS,TW",0,,731,parasite,echinococcosis,Alveolar echinococcosis,"vulpes,canis",mammalia,"arvicola,chionomys,stenocranius,microtus",,,,HOST->HUMAN,0,90,2.00E+06,ENDEMIC,,,,,,,,,,,,,,,,,,,,,,,ref: http://www.ncbi.nlm.nih.gov/pmc/articles/PMC3274497/,67
38,ehrlichia chaffeensis,1,"US,BR,VE,CM,PT,IT",0,,17,bacteria,ehrlichia,Ehrlichioses,odocoileus virginianus,mammalia,,,"ixodes pacificus,amblyomma americanum,amblyomma maculatum,amblyomma testudinarium,haemaphysalis longicornis,haemaphysalis yeni,haemaphysalis yeni ,ixodes ricinus",,HOST->VECTOR->HUMAN,2.7,2.7,1095.181584,ENDEMIC,100,1095.181584,0.000002,39,1095.181584,1990,0,,7,10,7,14,2.7,2.7,0,0,0,0,0,0,Werthiem,,"Ganguly,S (2008). ""Tick-borne ehrlichiosis infection in human beings"" (PDF). Jourl of Vector Borne Disease 45 (4): 273û280.Werthiem",68
39,ehrlichia ewingii,1,US,0,,2,bacteria,ehrlichia,Ehrlichioses,"procyon lotor,canis lupus",mammalia,,,"ixodes pacificus,amblyomma americanum,amblyomma maculatum,amblyomma testudinarium,haemaphysalis longicornis,haemaphysalis yeni,haemaphysalis yeni ,ixodes ricinus,dermacentor variabilis,ixodes pacificus,amblyomma americanum,rhipicephalus sanguineus",,HOST->VECTOR->HUMAN,0.5,0.5,599.692898,ENDEMIC,100,599.692898,0.000002,3,599.692898,1990,0,,7,10,7,14,0.5,0.5,100,0,0,0,0,0,Werthiem,,Werthiem,69
128,el moro canyon,1,US,0,,2,hantavirus,hantavirus,None reported,reithrodontomys megalotis,mammalia,,,,,HOST->HUMAN,0,0,0.001,ENDEMIC,,,,,,,0,,0,0,0,0,0,0,100,0,0,0,0,0,Werthiem,,Werthiem,70
170,european bat lyssa 1,1,"PT,FR,ES,GB,IT,CH,AT,BE,NL,SI,SK,RO,PL,CZ,HU,HR,BA,RS,AL,BG,MK,GR,UA,MD,BY,EE,LT,LV,NO,SE,FI,DE,DK",0,,92,lyssavirus,lyssavirus,Rabies,eptesicus serotinus,mammalia,,,,,HOST->HUMAN,100,100,5,ENDEMIC,,5,9.95E-09,,5,,0,,30,90,2,10,100,100,0,0,0,0,0,0,Werthiem,,Werthiem,71
171,european bat lyssa 2,1,"GB,NO,FI,DE,NL,CZ",0,,92,lyssavirus,lyssavirus,Rabies,"myotis dasycneme,myotis daubentonii",mammalia,,,,,HOST->HUMAN,100,100,5,ENDEMIC,,5,9.95E-09,,5,,0,,30,90,2,10,100,100,0,0,0,0,0,0,Werthiem,,Werthiem,72
214,everglades,0,US,0,,2,alphavirus,alphavirus,VEE,"peromyscus gossypinus,sigmodon hispidus",mammalia,,,culex cedecei,,HOST->VECTOR->HUMAN,0,1,0.526315789,,,,,,,,,,,,,,,,,,,,,,,,"https://www.ncbi.nlm.nih.gov/pmc/articles/PMC3323382/; anibodies in native peoples ref: Medical and Veteriry Entomology by Gary R. Mullen,Lance A. Durden ref: http://www.ncbi.nlm.nih.gov/pmc/articles/PMC3291350/",73
45,eyach,1,"FR,DE,CZ,NL",europe,,11,coltivirus,coltivirus,None reported,"lepus,apodemus,goats",mammalia,,,"ixodes rincus,ixodes ventalloi",,HOST->VECTOR->HUMAN,0,0,0.001,,,,,,,,,,,,,,,,,,,,,,,,ref:https://wwwnc.cdc.gov/eid/article/11/11/pdfs/05-0868.pdf;https://www.sciencedirect.com/science/article/pii/S1198743X14638453,74
46,fasciola gigantica,0,"CU,PE,BO,CL,BR,PR,FR,EG,ZW,UG,ET,SA,IR,UZ,PH,VN,AU",0,,50,parasite,fasciola,Fascioliasis,human,human,"cattle,buffalo,goats,sheep,donkeys",domestic,"radix auricularia,radix rufescens,radix acuminata,radix rubiginosa,radix natalensis,radix cailliaudi",,HUMAN->VECTOR->HUMAN,0,0,17000000,ENDEMIC,5,17000000,0.021304276,,17000000,,0,,90,120,60,120,0,0,0,100,360,360,20,14,Werthiem,,Werthiem,75
47,fasciola hepatica,0,"US,MX,PE,EC,BO,CL,AR,VE,CU,PR,PT,ES,FR,IT,NO,TR,EG,TN,IN,TH,KR,JP,NG",0,,68,parasite,fasciola,Fascioliasis,human,human,"cattle,buffalo,goats,sheep,donkeys",domestic,"stagnicola fuscus,lymnaea viatrix,lymnaea stagnalis,radix auricularia,radix peregra,omphiscola glabra,stagnicola palustris,lymnaea neotropica,lymnaea cubensis,radix natalensis,austropeplea ollula,pseudosuccinea columella,stagnicola turricula,lymnaea cousini,lymnaea occulta,radix rubiginosa,radix viridis,galba truncatula,stagnicola caperata,lymnaea diaphana,lymnaea humilis,radix lagotis,austropeplea tomentosa,galba bulimoides",,HUMAN->VECTOR->HUMAN,0,0,2400000,ENDEMIC,,,,,,,,,,,,,,,,,,,,,,,"https://www.who.int/bulletin/archives/77(4)340.pdf; Correa,C. A.; Escobar,J. S.; Durand,P.; Reud,F.; David,P.; Jarne,P.; Pointier,J.-P.; Hurtrez-BoussÞs,S. (2010). ""Bridging gaps in the molecular phylogeny of the Lymeidae (Gastropoda: Pulmota),vectors of Fascioliasis"". BMC Evolutiory Biology 10: 381. doi:10.1186/1471-2148-10-381. PMC 3013105. PMID 21143890.",76
151,fort morgan,1,US,0,,2,alphavirus,alphavirus,None reported,petrochelidon pyrrhonota,aves,,,oeciacus vicarius,,HOST->VECTOR->HUMAN,0,0,0.001,,,,,,,,,,,,,,,,,,,,,,,,Werthiem,77
212,francisella tularensis holarctica,1,"RU,SE,FI,NO,XX","europe, russia",,11,bacteria,francisella,Tularemia (Type B),"castor canadensis,castor canadensis,lepus,lepus,lepus,ondatra zibethicus,ondatra zibethicus",mammalia,,,"chrysops,ochlerotatus sticticus,aedimorphus vexans,ochlerotatus punctor,ixodes liberelis,dermacentor marginatus",,HOST->VECTOR->HUMAN,55,55,98.08350827,ENDEMIC,100,98.08350827,0.000000602,,98.08350827,,0,,1,14,14,21,55,55,90,0,0,0,0,0,http://www.cdc.gov/tularemia/statistics/state.html,,http://www.cdc.gov/tularemia/statistics/state.html,78
211,francisella tularensis tularensis,1,"US,CA,AK",0,,5,bacteria,francisella,Tularemia (Type A),marmota,mammalia,,,"chrysops,dermacentor variabilis,dermacentor andersoni,amblyomma americanum",,HOST->VECTOR->HUMAN,1.5,30,200,ENDEMIC,100,200,0.000000602,,200,,0,,1,14,14,21,1.5,30,90,0,0,0,0,0,http://www.cdc.gov/tularemia/statistics/state.html,,http://www.cdc.gov/tularemia/statistics/state.html,79
193,germiston,1,"UG,KE,AO,ZW,MZ,ZA",0,,17,bunyamweraviridae,,,"rattus,mus,praomys,mastomys,grammomys,arvicanthis",mammalia,,,culex rubinotus,,HOST->VECTOR->HUMAN,0,0,0.014285714,ENDEMIC,100,1000,very low,,1000,,0,,10,10,14,14,0,0,100,5,300,300,30,14,Werthiem,"Gonzalez JP, Georges AJ (1988) Bunyaviral fevers: Bunyamwera, Ilesha, Germiston, Bwamba and Tataguine. In: Monath T, editor The Arboviruses: Epidemiology and Ecology. Boca Raton, FL: CRC press.pp. 87û98. (1oth most common - 100 cases of similar in US so guessing at 1000)",https://parasitesandvectors.biomedcentral.com/articles/10.1186/s13071-017-2559-9,80
216,guanarito,0,VE,northern south america,,2,arenavirus,arenavirus,Venezuelan hemorrhagic fever,"calomys callosus,zygodontomys brevicauda,tatera,otomys,acomys,lophuromys",mammalia,,,,,HOST->HUMAN,23.1,23.1,36.35294118,SPORADIC,100,,,,,1990,0,,10,10,14.16666667,14.16666667,33.3,33.3,100,0,0,0,0,2.75,Werthiem,,"ref: Fulhorst CF,Cajimat MN,Milazzo ML,Paredes H,de Manzione NM,Salas RA,Rollin PE,Ksiazek TG (2008). ""Genetic diversity between and within the arenavirus species indigenous to western Venezuela"". Virology. 378: 205û13. NB: endemic to Portuguesa state and Barinas state in Venezuela",81
197,guaroa,1,"BR,VE,PE,BO",0,,11,California Group Virus disease,,,,,,,anopheles neivai,,HOST->VECTOR->HUMAN,0,0,0.0017,maybe,100,,,,,,0,,5,15,5,10,0.1,0.1,100,5,60,60,20,14,http://www.cdc.gov/lac/tech/fact.html,75 population have neutralising anitbodies,https://www.ncbi.nlm.nih.gov/pmc/articles/PMC4345823/; https://www.ncbi.nlm.nih.gov/pubmed/20810845; https://www.ncbi.nlm.nih.gov/pmc/articles/PMC2929076/,82
112,gumbo limbo,1,US,0,,2,orthobunyavirus,orthobunyavirus,None reported,sigmodon hispidus,mammalia,,,"culex tritaeniorhynchus,culex",,HOST->VECTOR->HUMAN,0,0,0.001,ENDEMIC,,,,,,,0,,3,12,5,5,0,0,100,0,0,0,0,14,Werthiem,,Werthiem,83
189,h5n1,1,"TR,EG,IQ,NG,DJ,AZ,CN,PK,BD,KH,VN,LA,ID,MM",#N/A,,40,,,,,,,,,,HOST->HUMAN->HUMAN,60,60,63.72727273,EPIDEMIC,,,very low,WW,,1997,1.14,,3,3,14,14,60,60,100,0,0,0,0,14,http://www.ncbi.nlm.nih.gov/pubmed/18252106,,,88
76,hantaan,1,"CN,KP,KR,XX",0,,11,hantavirus,hantavirus,Hemorrhagic Fever with Renal Syndrome,apodemus agrarius,mammalia,,,,,HOST->HUMAN,0.036916667,0.036916667,2.55E+04,ENDEMIC,,100000,0.0000654,,100000,,0,,14,14,8,8,10,10,100,0,0,0,0,14,Werthiem,,Werthiem; https://wwwnc.cdc.gov/eid/article/13/9/06-1481_article,84
79,hendra,1,AU,0,,2,paramyxoviridae,paramyxoviridae,Hendra virus,pteropus,mammalia,,,,,HOST->HUMAN,10,75,15,SPORADIC,100,15,6.81E-08,,15,,0,,4,45,10,10,10,75,100,0,0,0,0,14,Werthiem,,Werthiem,85
152,histoplasma capsulatum,0,US,0,,2,fungi,fungi,Ohio Valley Disease,"myotis grisescens,myotis austroriparius",mammalia,,,,,HOST->HUMAN,5,8,5.00E+05,ENDEMIC,,,,,,,,,,,,,,,,,,,,,,,ref: http://www.ncbi.nlm.nih.gov/pmc/articles/PMC1797635/,86
129,hojo,1,KR,"north korea, south korea, japanese",,2,hantavirus,hantavirus,None reported,apodemus agrarius,mammalia,,,,,HOST->HUMAN,0,0,0.001,,,,,,,,,,,,,,,,,,,,,,,,ref: http://www.sciencedirect.com/science/article/pii/0168170292900299,87
222,ilhéus,1,"BR,BO,EC,PE",0,,5,flavivirus,flavivirus,Encephalitis,"ducks,chickens,accipiter,aegypius,agelaius,anas,aquila,athene,bonasa,branta,bubo,bubulcus,buteo,butorides,carpodacus,colaptes,corvus,cyanocitta,falco,garrulus,mimus,molothrus,passer,phalacrocorax,pica,parus,quiscalus,turdus,zenaida,turdus,anser,branta,cereopsis,coscoroba,cygnus,amazonetta,anas,lophonetta,nettapus,speculanas,bonasa,falcipennis,centrocercus,dendragapus,lagopus,tetrao",aves,,,ochlerotatus scapularis,,HOST->VECTOR->HUMAN,0,0,0.2,,,,,,,,,,,,,,,,,,,,,,https://www.ncbi.nlm.nih.gov/pmc/articles/PMC3309592/,,ILHV causes mainly asymptomatic infections in humans with rare reports of encephalitis throughout northern South America.ref: http://dx.doi.org/10.1371/jourl.pntd.0002318; doi: 10.3201/eid1803.111486,89
107,imjin,0,KR,0,,2,hantavirus,hantavirus,None reported,crocidura lasiura,mammalia,,,,,HOST->HUMAN,0,0,0.001,,,,,,,,,,,,,,,,,,,,,,,,"ref: Gu,SH; Kang,HJ; Baek,LJ; Noh,JY; Kim,HC; Klein,TA; Yagihara,R; Song,JW (2011). ""Genetic diversity of Imjin virus in the Ussuri white-toothed shrew (Crocidura lasiura) in the Republic of Korea,2004-2010"". Virol J 8: 56. doi:10.1186/1743-422X-8-56",90
24,inkoo,1,"RU,FI,SE","europe, east russia",,8,orthobunyavirus,orthobunyavirus,California Group Virus disease,lepus timidus,mammalia,,,"aedes communis,ochlerotatus punctor ",mosquito,HOST->VECTOR->HUMAN,0.1,0.1,1.7,,,,,,,,,,,,,,,,,,,,,,,,ref: http://wwwnc.cdc.gov/eid/article/22/5/15-1015-t1;DOI: 10.3201/eid2205.151015,91
147,ippy,1,CF,0,,2,arenavirus,arenavirus,None reported,arvicanthis,mammalia,,,,,HOST->HUMAN,0,0,0.001,,,,,,,,,,,,,,,,,,,,,,,,ref: http://emedicine.medscape.com/article/212356-overview,92
173,irkut,1,"CN,MN,XX","west russian, china, japan, mongolia, north korea, south korea",,8,lyssavirus,lyssavirus,Rabies,murina leucogaster,mammalia,,,,,HOST->HUMAN,100,100,0.25,,,,,,,,,,,,,,,,,,,,,,,,ref: http://journals.plos.org/plosntds/article?id=10.1371/journal.pntd.0002097;https://www.ncbi.nlm.nih.gov/pmc/articles/PMC3591329/,93
130,isla vista,0,US,0,,2,hantavirus,hantavirus,None reported,microtus pennsylvanicus,mammalia,,,,,HOST->HUMAN,0,0,0.001,ENDEMIC,,,,,,,0,,0,0,0,0,0,0,100,0,0,0,0,0,Werthiem,,Werthiem,94
74,itapua,1,PY,0,,2,hantavirus,hantavirus,HCPS,oligoryzomys nigripes,mammalia,,,,,HOST->HUMAN,39,39,1,,,,,,,,,,,,,,,,,,,,,,,,http://www.sciencedirect.com/science/article/pii/S1198743X15005369,95
23,jamestown canyon,1,"CA,US",0,,5,orthobunyavirus,orthobunyavirus,California Group Virus disease,odocoileus virginianus,mammalia,,,"culiseta inornata,aedes communis,ochlerotatus stimulans,hybomitra lasiophthalma,chrysops cincticornis,ochlerotatus abserratus,aedimorphus vexans,ochlerotatus cantator,aedes triseriatus,psorophora",mosquito,HOST->VECTOR->HUMAN,0,0,3,,,,,,,,,,,,,,,,,,,,,,,,http://www.ncbi.nlm.nih.gov/pubmed/26033022,96
82,japanese encephalitis,1,"MM,TH,LA,KH,VN,MY,PH,BN,IN,NP,BT,PK,CN,KR,KP,TW,JP,PG,AU,TL",0,,59,flavivirus,flavivirus,Japanese Encephalitis,"bubulcus,ardea,egretta,gorsachius,nycticorax,ardeola,ixobrychus,botaurus",aves,,,"culex gelidus,culex tritaenorhynchus,culex vishnui",,HOST->VECTOR->HUMAN,20,20,42500,ENDEMIC,100,42500,0.0000139,,42500,,0,,6,16,14,14,20,20,100,0,5000,5000,50,14,Werthiem,,Werthiem,97
131,jemezsprings,1,US,continental us,,2,hantavirus,hantavirus,None reported,sorex monticolus,mammalia,,,,,HOST->HUMAN,0,0,0.001,ENDEMIC,,,,,,,0,,0,0,0,0,0,0,100,0,0,0,0,0,Werthiem,,Werthiem,98
4,junin,1,AR,0,,2,arenavirus,arenavirus,Argentinian hemorrhagic fever,"calomys laucha,calomys musculinus",mammalia,,,,,HOST->HUMAN,1,30,300,SPORADIC,100,300,,,300,1958,0,groseth et al plosntd 300-1000 cases,6,16,12,12,1,30,100,0,0,0,0,60,Werthiem,,Werthiem,99
63,juquitiba,1,BR,0,,2,hantavirus,hantavirus,Hantavirus Pulmonary Syndrome,oligoryzomys nigripes,mammalia,,,,,HOST->HUMAN,47.5,47.5,25.25,ENDEMIC,100,25.25,0.000000135,,25.25,,0,,14,14,12.5,12.5,47.5,47.5,100,0,0,0,0,42,Werthiem,,Werthiem,100
132,khabarovsk,1,XX,#N/A,,2,hantavirus,hantavirus,None reported,microtus fortis,mammalia,,,,,HOST->HUMAN,0,0,0.001,,,,,,,,,,,,,,,,,,,,,,,,ref: http://www.ncbi.nlm.nih.gov/pubmed/8627257,101
174,khujand,1,"KZ,UZ,TM,TJ,KG,PK,AF",0,,23,lyssavirus,lyssavirus,None reported,myotis mystacinus,mammalia,,,,,HOST->HUMAN,0,0,0.001,,,,,,,,,,,,,,,,,,,,,,,,ref: http://www.ncbi.nlm.nih.gov/pubmed/14602198,102
204,kyasanur,0,IN,0,,2,flavivirus,flavivirus,Tick-borne Encephalitis,"hystrix,rattus,funambulus,mus,sorex,macaca,semnopithecus",mammalia,,,haemaphysalis spinigera,,HOST->VECTOR->HUMAN,1,5,500,,,,,,,,,,,,,,,,,,,,,,,,"The disease has a morbidity rate of 2-10%,and affects 100-500 people annually ref: http://www.ncbi.nlm.nih.gov/pmc/articles/PMC3513490/",103
21,la crosse,1,US,0,,2,orthobunyavirus,orthobunyavirus,California Group Virus disease,"tamias,sciurus",mammalia,,,aedes triseriatus,mosquito,HOST->VECTOR->HUMAN,0.1,0.1,159.0909091,maybe,100,159.0909091,0.000000707,,159.0909091,,0,,5,15,5,10,0.1,0.1,100,5,60,60,20,14,http://www.cdc.gov/lac/tech/fact.html,,http://www.cdc.gov/lac/tech/fact.html,104
169,lagos bat,1,"ZA,NA,LS,BW,ZW,ZM,AO,MZ,CD,CG,GA,GQ,CM,CF,SD,TD",0,,50,lyssavirus,lyssavirus,Rabies,"eonycteris,rousettus,eidolon,epomophorus,epomops,hypsignathus,micropteropus,nanonycteris,acerodon,desmalopex,mirimiri,neopteryx,pteralopex,pteropus,styloctenium,lissonycteris,megaloglossus,myonycteris",mammalia,,,,,HOST->HUMAN,100,100,5,ENDEMIC,,5,2.03E-08,,5,,0,,30,90,2,10,100,100,0,0,0,0,0,0,Werthiem,,needs rerunning - errorWerthiem,105
64,laguna negra,1,"AR,BO,PY",0,,8,hantavirus,hantavirus,Hantavirus Pulmonary Syndrome,calomys laucha,mammalia,,,,,HOST->HUMAN,47.5,47.5,25.25,ENDEMIC,100,25.25,0.000000469,,25.25,,0,,14,14,12.5,12.5,47.5,47.5,100,0,0,0,0,42,Werthiem,,Werthiem,106
84,lassa,1,"SN,GM,GW,GN,SL,LR,CI,GH,ML,BF,TG,BJ,NE,NG",0,,68,arenavirus,arenavirus,Lassa Fever,mastomys natalensis,mammalia,,,,,HOST->HUMAN->HUMAN,11,69,50000,ENDEMIC,100,300000,1.91E-08,6.655737705,50000,1969,0.74,lo iancono 2015 pntds,6,21,14,14,11,69,100,80,14,14,20,14,http://www.ncbi.nlm.nih.gov/pubmed/11590670,,http://www.ncbi.nlm.nih.gov/pubmed/11590670,107
65,lechiguanas,1,AR,"chile, argentina, paraguay, uraguay",,2,hantavirus,hantavirus,Hantavirus Pulmonary Syndrome,oligoryzomys flavescens,mammalia,,,,,HOST->HUMAN,47.5,47.5,25.25,ENDEMIC,100,25.25,0.000000652,,25.25,,0,,14,14,12.5,12.5,47.5,47.5,100,0,0,0,0,42,Werthiem,,Werthiem,108
133,lee,1,KR,0,,2,hantavirus,hantavirus,None reported,apodemus agrarius,mammalia,,,,,HOST->HUMAN,0,0,0.001,,,,,,,,,,,,,,,,,,,,,,,,ref: lee hw et al. 1981,109
157,leishmania aethiopica,1,"ET,KE",0,,5,parasite,leishmania,Cutaneous leishmaniasis,human,human,,,,,HUMAN->VECTOR->HUMAN,0,0,500000,ENDEMIC,100,500000,0.00436358,,500000,,0,,7,300,0,0,0,0,0,100,300,300,10,14,https://cmr.asm.org/content/14/2/229,,,110
33,leishmania amazonensis,1,"CO,VE,GY,SR,GF,EC,BR,PE,BO,UY,BZ,GT,HN,SV,NI,CR,PA,MX",0,,62,parasite,leishmania,Cutaneous leishmaniasis,human,human,"hyraxes, canids, rodents",mammalia,lutzomyia,,HUMAN->VECTOR->HUMAN,0,0,500000,ENDEMIC,100,,,,,,0,,7,300,0,0,0,0,50,100,300,300,10,14,https://cmr.asm.org/content/14/2/230,,Werthiem,111
218,leishmania donovani,1,"CN,IN,BD,LK,TR,IQ,IR,SD,TD,CM,NE,EG,YE,SA,CY,SO,ET,KE,UG,ZM",0,,152,parasite,leishmania,Visceral Leishmaniasis,human,human,"hyraxes, canids, rodents",mammalia,"lutzomyia,phlebotomus",,HUMAN->VECTOR->HUMAN,5,85,500000,ENDEMIC,,,,,,,,,,,,,,,,,,,,,https://cmr.asm.org/content/14/2/231,,http://www.ncbi.nlm.nih.gov/pubmed/8421174; https://www.sciencedirect.com/science/article/pii/S0098299716300450#fig2,112
155,leishmania guyanensis,1,"CO,VE,GY,SR,GF,EC,BR,PE,BO,CL,AR,PY,UY",0,,38,parasite,leishmania,Cutaneous leishmaniasis,human,human,,,,,HUMAN->VECTOR->HUMAN,0,0,500000,ENDEMIC,100,,,,,,0,,7,300,0,0,0,0,50,100,300,300,10,14,https://cmr.asm.org/content/14/2/232,,,113
219,leishmania infantum chagasi,1,"CD,CF,SD,SS,EG,LY,DZ,TS,MA,MR,KZ,KG,PK,AF,IR,TM,UZ,TR,UA,RO,IT,FR,ES,PT,HU,CZ,GR,SY,IQ,BR,BO,PE,EC,CO,VE,GY,SR,GF,NI,HN,MX,PA,CR,GT",0,,135,parasite,leishmania,Visceral Leishmaniasis,human,human,"hyraxes, canids, rodents",mammalia,phlebotomus,,HUMAN->VECTOR->HUMAN,5,85,500000,ENDEMIC,100,500000,0.000212501,,500000,,0,,60,180,0,0,5,85,50,100,300,300,40,14,https://cmr.asm.org/content/14/2/233,,http://www.ncbi.nlm.nih.gov/pubmed/8421174; https://www.sciencedirect.com/science/article/pii/S0098299716300450#fig2,114
157,leishmania major,1,"KZ,RU,UZ,TM,TJ,KG,PK,AF,MA,DZ,TN,LY,EG,TR,IL,GE,JO,LB,SY,PS,IQ,SA,IR,AM,AZ,SO,ET,KE,UG,TZ,BI,RW",0,,95,parasite,leishmania,Cutaneous leishmaniasis,human,human,,,,,HUMAN->VECTOR->HUMAN,0,0,500000,ENDEMIC,100,500000,0.000516051,,500000,,0,,7,300,0,0,0,0,0,100,300,300,10,14,https://cmr.asm.org/content/14/2/234,,,115
155,leishmania mexicana,1,"BZ,GT,HN,SV,NI,CR,PA,MX,US",0,,26,parasite,leishmania,Cutaneous leishmaniasis,human,human,,,,,HUMAN->VECTOR->HUMAN,0,0,500000,ENDEMIC,100,,,,,,0,,7,300,0,0,0,0,50,100,300,300,10,14,https://cmr.asm.org/content/14/2/235,,,116
155,leishmania panamensis,1,"CR,PA,EC,CO,PE,VE,BR,GF,GY,SR",0,,29,parasite,leishmania,Cutaneous leishmaniasis,human,human,,,,,HUMAN->VECTOR->HUMAN,0,0,500000,ENDEMIC,100,,,,,,0,,7,300,0,0,0,0,50,100,300,300,10,5.5,https://cmr.asm.org/content/14/2/236,,,117
32,leishmania tropica,1,"ET,KE,EG,LY,DZ,SA,IR,IQ,PK,TN,AF,TR,SY,TM,UZ,AZ,IN,DJ,YE,MA",0,,98,parasite,leishmania,Cutaneous leishmaniasis,human,human,"hyraxes, canids, rodents",mammalia,phlebotomus,,HUMAN->VECTOR->HUMAN,0,0,500000,ENDEMIC,,,,,,,,,,,,,,,,,,,,,https://cmr.asm.org/content/14/2/237,,https://www.sciencedirect.com/science/article/pii/S0098299716300450#fig2,118
86,leptospira spp,0,"US,CA,AK,MX,CO,VE,GY,SR,GF,EC,BR,PE,BO,CL,AR,PY,UY,PT,FR,ES,GB,IT,CH,AT,BE,NL,SL,SK,RO,PL,CZ,HU,HR,BA,RS,AL,BG,MK,GR,UA,MD,BY,EE,LT,LV,NO,SE,FI,MM,TH,LA,KH,VN,MY,PH,BN,AU,PG,ID,NC,SB,CK,FJ,DZ,KE,SO",0,,194,bacteria,leptospira,Leptospirosis,"apodemus,micromys minutus,rattus,mephitis,procyon,cattle,pigs,equus",mammalia,,,,,HOST->HUMAN,5.6,5.6,0.00103,,,,,,,,,,,,,,,,,,,,,,,,ref: http://journals.plos.org/plosntds/article?id=10.1371/journal.pntd.0003898,119
223,ljungan,0,SE,0,,8,picornivirdea,picornivirdea,None reported,"myodes glareolus,apodemus sylvaticus,microtus agrestis,mus musculus",mammalia,,,,,HOST->HUMAN,0,0,0.001,,,,,,,,,,,,,,,,,,,,,,,,ref: http://www.ncbi.nlm.nih.gov/pubmed/24709467,120
87,loa loa,0,"SN,GM,GW,GN,SL,LR,CI,GH,ML,BF,TG,BJ,NE,NG,CD,CG,GA,GQ,CM,CF,SD,TD",0,,68,parasite,loa,Loiasis,human,human,,,"semisulcospira,chrysops silacea,chrysops dimidiatus,chrysops distinctipennis,chrysops centurionis,chrysops longicornis",,HUMAN->VECTOR->HUMAN,0,0,12500000,ENDEMIC,100,12500000,0.035824521,,12500000,,0,,120,1000,0,0,0,0,0,100,300,300,10,14,Werthiem,"forested and muddy habitats like swamps, streams, reservoirs, and in rotting vegetation. 785-3,682 flies/ km2. Med Vet Entomol. 2000 Sep;14(3):339-44. Density and dispersal of the loaiasis vector Chrysops dimidiata in southern Cameroon. Chippaux J-P1, BouchitÚ B, Demanou M, Morlais I, Le Goff G.",Werthiem,121
105,luxi,1,CN,southern china,,2,hantavirus,hantavirus,None reported,Eothenomys miletus,mammalia,,,,,HOST->HUMAN,0,0,0.001,,,,,,,,,,,,,,,,,,,,,,,,https://virologyj.biomedcentral.com/articles/10.1186/s12985-016-0483-9,122
40,lymphocytic choriomeningitis,0,"US,CA,AK,MX,CO,VE,GY,SR,GF,EC,BR,PE,BO,CL,AR,PY,UY,PT,FR,ES,GB,IT,CH,AT,BE,NL,SI,SK,RO,PL,CZ,HU,HR,BA,RS,AL,BG,MK,GR,UA,MD,BY,EE,LT,LV,NO,SE,FI,MM,TH,LA,KH,VN,MY,PH,BN,AU,PG,ID,NC,SB,CK,FJ,DZ,KE,SO,JP",0,,197,arenavirus,arenavirus,Encephalitis,"mus musculus,apodemus sylvaticus,apodemus flavicollis",mammalia,,,,,HOST->HUMAN,0,0,0.001,,,,,,,,,,,,,,,,,,,,,,,,"prevalence of LCMV antibodies in human populations range from 2% to 5%,,mortality is less than 1%. Ref: http://www.cdc.gov/vhf/lcm/symptoms/index.html",123
13,machupo,0,BO,0,,2,arenavirus,arenavirus,Bolivian hemorrhagic fever,"calomys callosus,calomys laucha",mammalia,,,,,HOST->HUMAN->HUMAN,6,31,6.875,SPORADIC,100,,,,,1963,0,,7,16,13.025,13.025,5,30,100,0,0,0,0,6,https://repositories.tdl.org/ttu-ir/bitstream/handle/2346/14588/Banerjee_Chandrani_Thesis.pdf?sequence=1,,http://www.ncbi.nlm.nih.gov/pmc/articles/PMC4028408/;https://wwwnc.cdc.gov/eid/article/15/9/09-0017_article,124
70,maciel,1,AR,0,,2,hantavirus,hantavirus,Hantavirus Pulmonary Syndrome,necromys obscurus,mammalia,,,,,HOST->HUMAN,47.5,47.5,0.001,,,,,,,,,,,,,,,,,,,,,,,,ref: http://www.scielo.br/scielo.php?script=sci_arttext&pid=S0074-02762013000200167,125
115,magboi,1,SL,0,,2,hantavirus,hantavirus,None reported,nycteris hispida,mammalia,,,,,HOST->HUMAN,0,0,0.001,,,,,,,,,,,,,,,,,,,,,,,,"ref: Molecular evolution of Azagny virus,a newfound hantavirus harbored by the West African pygmy shrew (Crocidura obscurior) in C¶te d'Ivoire",126
75,maporal,1,VE,north south america,,2,hantavirus,hantavirus,HCPS,Oligoryzomys delicatus,mammalia,,,,,HOST->HUMAN,39,39,0.001,,,,,,,,,,,,,,,,,,,,,,,,http://www.sciencedirect.com/science/article/pii/S1198743X15005370,127
97,marburg,1,"AO,CD,KE,UG,ZM",0,,17,filovirus,filovirus,Marburg virus,rousettus aegyptiacus,mammalia,,,,,HOST->HUMAN->HUMAN,83,90,8.333333333,SPORADIC,100,8.333333333,8.56E-10,0.170212766,0.170212766,1967,0.93,"Borchert et al. Emerging Infectious Diseases ò www.cdc.gov/eid ò Vol. 12, No. 3, March 2006",2,21,3,15,83,90,100,0,0,0,0,90,http://www.nejm.org/doi/full/10.1056/NEJMc1300266,,http://www.nejm.org/doi/full/10.1056/NEJMc1300266,128
98,mayaro,1,"PE,VE,TT,SR,GF,BR,BO",south america,,20,alphavirus,alphavirus,Mayaro Fever,"human,pan,pongo,gorilla,papio,mandrillus,callicebus,cercopithecus,macaca,saguinus,trachypithecus,alouatta,mico,aotus,presbytis,procolobus,pithecia,sapajus,ateles,hylobates,nomascus,semnopithecus,callithrix,cercocebus,chlorocebus,lophocebus,chiropotes,colobus,papio,rhinopithecus,saimiri",mammalia,,,"mansonia venezuelensis,ochlerotatus serratus,psorophora ferox,sabethes,culex,haemagogus janthinomys",,HOST->VECTOR->HUMAN->VECTOR->HUMAN,0,1,1000,SPORADIC,100,,,19,,,0,,7,7,4,4,0,0,100,20,150,150,10,14,Werthiem,,"MAYV has been associated with several small sporadic epidemics of rash-arthritis in South America,particularly in Brazil and Bolivia [192]; ref: https://helda.helsinki.fi/bitstream/handle/10138/35741/sindbisv.pdf?sequence=1;doi: 10.1038/s41426-018-0163-5",129
95,menangle,1,AU,0,,2,paramyxoviridae,paramyxoviridae,managle,pteropus,mammalia,pigs,domestic,,,HOST->HUMAN,0,0,0.1,,,,,,,,,,,,,,,,,,,,,,,,wikipedia: Illness lasts for 10-14 days; fever; chills; rigors; drenching sweats; malaise; headache; red spotty rash. Amplified by pigs. Ref:http://www.scahls.org.au/Procedures/Documents/ANZSDP/menangle_virus.pdf,130
193,mers coronavirus,1,"OM,QA,SA,IR,JO,AE",middle east,,20,betacoronavirus,betacoronavirus,Severe Acute Respiratory Syndrome,camelus,mammalia,,,,,HOST->HUMAN->HUMAN,34,36,352.5714286,,,,,,,,,,,,,,,,,,,,,,,,ref: who 36% CFRref: http://www.who.int/emergencies/mers-cov/en/,131
148,mobala,1,CF,0,,2,arenavirus,arenavirus,None reported,praomys,mammalia,,,,,HOST->HUMAN,0,0,0.001,,,,,,,,,,,,,,,,,,,,,,,,ref: http://emedicine.medscape.com/article/212356-overview,132
42,mokola,1,"SN,GM,GW,GN,SL,LR,CI,GH,ML,BF,TG,BJ,NE,NG,SO,ET,KE,UG,TZ,BI,RW,CD,CG,GA,GQ,CM,CF,SD,TD,ZA",sub-saharan africa,,92,lyssavirus,lyssavirus,Encephalitis,"crocidura,lophuromys",mammalia,felis,mammalia,,,HOST->HUMAN,100,100,0.5,ENDEMIC,,0.5,8.99E-10,,0.5,,0,,30,90,2,10,100,100,0,0,0,0,0,0,Werthiem,,Werthiem,133
100,monkeypox,1,"SN,GM,GW,GN,SL,LR,CI,GH,ML,BF,TG,BJ,NE,NG,CD,CG,GA,GQ,CM,CF,SD,TD,SD",sub-saharan africa,,71,poxviridae,poxviridae,monkeypox,"graphiurus,mus",mammalia,,,,,HOST->HUMAN->HUMAN,5,5,505938.3776,ENDEMIC,50,505938.3776,0.00145,,505938.3776,1958,0.3,XXX,7,21,14,21,5,5,100,0,0,0,0,14,https://www.google.co.uk/webhp?sourceid=chrome-instant&ion=1&espv=2&ie=UTF-8#q=monkeypox+%22r0%22&safe=off,,https://www.google.co.uk/webhp?sourceid=chrome-instant&ion=1&espv=2&ie=UTF-8#q=monkeypox+%22r0%22&safe=off,134
66,monongahela,0,US,0,,2,hantavirus,hantavirus,Hantavirus Pulmonary Syndrome,peromyscus leucopus,mammalia,,,,,HOST->HUMAN,47.5,47.5,25.25,ENDEMIC,100,25.25,8.42E-08,,25.25,,0,,14,14,12.5,12.5,47.5,47.5,100,0,0,0,0,30,Werthiem,,Werthiem,135
149,mopeia,1,"ZA,NA,LS,BW,ZW,ZM,AO,MZ,CD,CG,GA,GQ,CM,CF,SD,TD",0,,50,arenavirus,arenavirus,None reported,mastomys natalensis,mammalia,,,,,HOST->HUMAN,0,0,0.001,,,,,,,,,,,,,,,,,,,,,,,,ref: http://emedicine.medscape.com/article/212356-overview,136
134,muju,1,KR,"north korea, south korea",,2,hantavirus,hantavirus,None reported,"myodes regulus,myodes rufocanus",mammalia,,,,,HOST->HUMAN,0,0,0.001,ENDEMIC,,,,,,,0,,0,0,0,0,0,0,100,0,0,0,0,0,Werthiem,,Werthiem,137
108,muleshoe,1,US,0,,2,hantavirus,hantavirus,None reported,sigmodon hispidus,mammalia,,,,,HOST->HUMAN,0,0,0.001,,,,,,,,,,,,,,,,,,,,,,,,rerun -error,138
101,murray valley,1,"AU,PG",0,,5,flavivirus,flavivirus,Murray Valley Encephalitis,"phalacrocorax,ardea,egretta",aves,,,culex annulirostris,,HOST->VECTOR->HUMAN,5,5,5000,ENDEMIC,100,5000,0.000246182,,5000,,0,,2,7,7,7,5,5,100,1,1500,1500,40,14,http://www.ploscompbiol.org/article/info%3Adoi%2F10.1371%2Fjournal.pcbi.1002104,,8 outbreaks with tens of cases; ref: https://www.mja.com.au/jourl/2012/196/5/murray-valley-encephalitis-review-clinical-features-diagnosis-and-treatmenthttp://www.ploscompbiol.org/article/info%3Adoi%2F10.1371%2Fjourl.pcbi.1002104,139
85,mycobacterium leprae,0,"BR,LR,KM,NP,PG,PW,FM,MH",0,,23,bacteria,mycobacterium,Leprosy,dasypus novemcinctus,mammalia,humans,human,,,HOST->HUMAN->HUMAN,0,0,20.0013899,,,,,,,,,,,,,,,,,,,,,,,,ref: http://www.who.int/mediacentre/factsheets/fs101/en/,140
135,neembucu,0,PY,0,,2,hantavirus,hantavirus,None reported,oligoryzomys chacoensis,mammalia,,,,,HOST->HUMAN,0,0,0.001,ENDEMIC,,,,,,,0,,0,0,0,0,0,0,100,0,0,0,0,0,Werthiem,,Werthiem,141
67,new york,0,US,0,,2,hantavirus,hantavirus,Hantavirus Pulmonary Syndrome,"peromyscus leucopus,peromyscus maniculatus",mammalia,,,,,HOST->HUMAN,47.5,47.5,25.25,ENDEMIC,100,25.25,8.42E-08,,25.25,,0,,14,14,12.5,12.5,47.5,47.5,100,0,0,0,0,42,Werthiem,,Werthiem,142
103,nipah,1,"BD,MY,CN,ID,VN,KH",south-east asia,,8,paramyxoviridae,paramyxoviridae,Nipah virus,pteropus,mammalia,,,,,HOST->HUMAN,75,75,25.45454545,,,,,,,,,,,,,,,,,,,,,,,,ref: http://www.searo.who.int/entity/emerging_diseases/links/nipah_virus_outbreaks_sear/en/,143
206,omsk,1,XX,east russia,,2,flavivirus,flavivirus,Tick-borne Encephalitis,"ondatra zibethicus,arvicola amphibius,microtus gregalis",mammalia,,,"dermacentor reticulatus,dermacentor marginatus,ixodes persulcatus",,HOST->VECTOR->HUMAN,0.5,3,150,,,,,,,,,,,,,,,,,,,,,,,,"ref: http://www.cdc.gov/vhf/omsk/; ref: Berger,Stephen A.,et al. ""Exotic Viral Diseases: a Global Guide."" Journal of Travel Medicine 11.3 (2004): 194-194.;https://www.sciencedirect.com/book/9780323286657/ciottones-disaster-medicine",144
154,opisthorchis felineus,0,"IT,UA,BY,KZ,RU","europe, east russia",,14,parasite,opisthorchis,Opisthorchiasis,human,human,,,bithynia,,HUMAN->VECTOR->HUMAN,0.5,0.5,0.0012,,,,,,,,,,,,,,,,,,,,,,,,http://patient.info/doctor/opisthorchiasis,145
153,opisthorchis viverrini,1,"TH,KH,VN,LA,KR,JP",0,,17,parasite,opisthorchis,Opisthorchiasis,human,human,,,bithynia,,HUMAN->VECTOR->HUMAN,0.5,0.5,9.00E+06,ENDEMIC,100,10000000,0.044800265,,10000000,,0,,21,28,14,14,0.5,0.5,0,95,1000,1000,45,14,Werthiem,,http://patient.info/doctor/opisthorchiasis,146
68,oran,0,AR,0,,2,hantavirus,hantavirus,Hantavirus Pulmonary Syndrome,oligoryzomys longicaudatus,mammalia,,,,,HOST->HUMAN,47.5,47.5,25.25,ENDEMIC,100,25.25,0.000000652,,25.25,,0,,14,14,12.5,12.5,47.5,47.5,100,0,0,0,0,42,Werthiem,,Werthiem,147
191,orientia chuto,0,AE,0,,2,bacteria,orientia,Scrub typhus,leptotrombidium,invert,,,,,HOST->HUMAN,0,0,0.090909091,,,,,,,,,,,,,,,,,,,,,,,,ref: http://www.ncbi.nlm.nih.gov/pubmed/14063717; https://www.ncbi.nlm.nih.gov/pmc/articles/PMC3008486/,148
190,orientia tsutsugamushi,0,"MM,TH,LA,KH,VN,MY,PH,BN,IN,JP,AU,AU,PG,ID,NC,SB,CK,FJ",0,,53,bacteria,orientia,Scrub typhus,leptotrombidium,invert,,,,,HOST->HUMAN,2,40,1.00E-03,,,,,,,,,,,,,,,,,,,,,,,,http://www.ncbi.nlm.nih.gov/pmc/articles/PMC3345595/,149
155,oropouche,1,"PA,PE,BR","central america, south america",,11,orthobunyavirus,orthobunyavirus,Oropouche Virus Disease,bradypus,mammalia,,,"culex quinquefasciatus,ochlerotatus serratus",,HOST->VECTOR->HUMAN->VECTOR->HUMAN,0,0,11111.11111,SPORADIC,,11111.11111,0.0000508,0.290909091,11111.11111,1955,0,,2,14,7,7,0,0,100,50,150,150,20,14,Werthiem,,Werthiem,150
156,paracoccidiodes brasiliensis,1,"MX,PA,CO,VE,BR,AR,UY,EC,PE,BO,",0,,30,fungi,fungi,Paracoccidioidomycosis,dasypus novemcinctus,mammalia,,,,,HOST->HUMAN,10,10,8.34277908,ENDEMIC,100,8.34277908,0.00000002,,8.34277908,,0,,30,500,7,14,10,10,0,98,300,300,0,14,Werthiem,,Werthiem,151
162,paragonimus africanus,1,"SN,GM,GW,GN,SL,LR,CI,GH,ML,BF,TG,BJ,NE,NG",0,,41,parasite,paragonimus,Paragonimiasis,human,human,"callinectes,liberonautes,sudanonautes",crustacean,"potodoma,melania",,HUMAN->VECTOR->HUMAN,2,2,10000,ENDEMIC,,,,,,,,,,,,,,,,,,,,,,,http://www.bioline.org.br/request?am08033;http://www.annalsafrmed.org/article.asp?issn=1596-3519;year=2008;volume=7;issue=4;spage=153;epage=162;aulast=Aka,152
160,paragonimus heterotremus,1,"TH,CN,MM,TH,LA,KH,VN,MY,PH,BN",0,,29,parasite,paragonimus,Paragonimiasis,human,human,,,"aroapyrgus,semisulcospira,thiara",,HUMAN->VECTOR->HUMAN,2,2,2.00E+05,ENDEMIC,,,,,,,,,,,,,,,,,,,,,,,http://www.ncbi.nlm.nih.gov/pmc/articles/PMC3461730/,153
164,paragonimus kellicotti,1,"US,CA,AK,MX",0,,8,parasite,paragonimus,Paragonimiasis,human,human,,,"aroapyrgus,semisulcospira,thiara",,HUMAN->VECTOR->HUMAN,2,2,0.001,,,,,,,,,,,,,,,,,,,,,,,,https://wwwnc.cdc.gov/eid/article/18/8/pdfs/12-0335.pdf,154
159,paragonimus mexicanus,1,"BZ,GT,HN,SV,NI,CR,PA,CO,VE,GY,SR,GF,EC,BR,PE,BO,CL,AR,PY,UY",0,,59,parasite,paragonimus,Paragonimiasis,human,human,,,"aroapyrgus,semisulcospira,thiara",,HUMAN->VECTOR->HUMAN,2,2,1000,ENDEMIC,100,1500000,0.004091846,,1500000,,0,,300,300,28,28,2,2,0,100,600,3600,30,14,Werthiem,,Werthiem,155
161,paragonimus miyazakii,1,JP,0,,2,parasite,paragonimus,Paragonimiasis,human,human,"eriocheir japonicus,eriocheir sinensis,cambaroides similis,potamon dehaani",crustacean,"aroapyrgus,semisulcospira,thiara",,HUMAN->VECTOR->HUMAN,2,2,100,,,,,,,,,,,,,,,,,,,,,,,,http://www.ncbi.nlm.nih.gov/pubmed/25743009; https://www.waterpathogens.org/book/paragonimus,156
157,paragonimus skjabini,1,"CN,MM,TH,LA,KH,VN,MY,PH,BN",0,,26,parasite,paragonimus,Paragonimiasis,human,human,,,"aroapyrgus,semisulcospira,thiara",,HUMAN->VECTOR->HUMAN,2,2,1.00E-03,ENDEMIC,100,10000000,0.006119604,,10000000,,0,,300,300,28,28,2,2,0,100,600,3600,30,14,Werthiem,,Werthiem,157
163,paragonimus uterobilateralis,0,"SN,GM,GW,GN,SL,LR,CI,GH,ML,BF,TG,BJ,NE,NG",0,,41,parasite,paragonimus,Paragonimiasis,human,human,"callinectes,liberonautes,sudanonautes",crustacean,"potodoma,melania",,HUMAN->VECTOR->HUMAN,2,2,1000,ENDEMIC,,,,,,,,,,,,,,,,,,,,,,,http://www.bioline.org.br/request?am08033;https://journals.sagepub.com/doi/abs/10.1258/004947507782332766?journalCode=tdoa,158
158,paragonimus westermani,1,"MM,TH,LA,KH,VN,MY,PH,BN,IN,PH,PG",0,,32,parasite,paragonimus,Paragonimiasis,human,human,,,"aroapyrgus,semisulcospira,thiara",,HUMAN->VECTOR->HUMAN,2,2,1.00E-03,ENDEMIC,100,10000000,0.00684188,,10000000,,0,,300,300,28,28,2,2,0,100,600,3600,30,14,Werthiem,,Werthiem,159
165,penicillium marneffi,1,"IN,MM,JP,CN,TH,LA,KH,VN,MY,ID",0,,29,fungi,fungi,Penicilliosis,"cannomys badius,rhizomys pruinosus,rhizomys sinensis,rhizomys sumatrensis",mammalia,,,,,HOST->HUMAN,22.8,22.8,0.001,,,,,,,,,,,,,,,,,,,,,,,,https://wwwnc.cdc.gov/eid/article/17/2/pdfs/10-0718.pdf,160
136,pergamino,0,AR,0,,2,hantavirus,hantavirus,None reported,akodon azarae,mammalia,,,,,HOST->HUMAN,0,0,0.001,ENDEMIC,,,,,,,0,,0,0,0,0,0,0,100,0,0,0,0,0,Werthiem,,Werthiem,161
106,pirital,1,VE,0,,2,arenavirus,arenavirus,None reported,sigmodon alstoni,mammalia,,,,,HOST->HUMAN,0,0,0.001,,,,,,,,,,,,,,,,,,,,,,,,ref: Viral Haemorrhagic Fevers By Colin R. Howard,162
91,plasmodium falciparum,1,"AG,DZ,AO,AS,BH,BB,BM,BS,BD,BZ,BO,MM,BJ,SB,BR,BN,KH,LK,CG,CD,BI,BT,KY,CM,TD,KM,CO,CR,CF,CU,CV,CK,DJ,DM,DO,EC,EG,GQ,ER,SV,ET,GF,FJ,FM,PF,GM,GA,GH,GD,GU,GT,GN,GY,HT,HN,IN,IR,IL,CI,IQ,JM,JO,KE,KI,KW,LA,LR,LY,MG,MQ,MS,ML,MA,MU,MR,OM,MV,MX,MY,MZ,MW,NC,NU,NE,AW,AI,HK,MP,MO,PS,YT,CC,IO,CX,UM,VU,NG,NP,NR,SR,NI,PY,PE,PK,PA,PG,GW,QA,RE,PH,PR,RW,SA,KN,SC,BW,SN,SL,SG,SO,LC,SD,TT,TH,TK,TO,TG,ST,TV,TZ,UG,BF,VC,VE,VG,VN,VI,NA,WF,WS,YE,ZM,ZW,ID,GP,AN,AE,TL,PW,MH,SH,TC,EH,MF,BL,TW",0,,467,parasite,plasmodium,Malaria,human,human,,,anopheles,,HUMAN->VECTOR->HUMAN->HUMAN,20,20,500000,ENDEMIC,100,499999987.1,0.15028798,,499999987.1,,0,,7,15,7,7,20,20,5,90,900,900,10,14,http://www.cdc.gov/malaria/about/biology/human_factors.html,,http://www.cdc.gov/malaria/about/biology/human_factors.html,163
94,plasmodium knowlesi,1,"MM,TH,LA,KH,VN,MY,PH,BN",0,,23,parasite,plasmodium,Malaria,"macaca,presbytis femoralis",mammalia,,,"anopheles hackeri,anopheles latens,anopheles cracens",,HOST->VECTOR->HUMAN->VECTOR->HUMAN,3,3,54,ENDEMIC,100,,,,,,0,,12,12,7,7,3,3,5,90,900,900,5,14,http://www.cdc.gov/malaria/about/biology/human_factors.html,,http://cid.oxfordjournals.org/content/52/11/1356.long,164
93,plasmodium ovale,0,"SN,GM,GW,GN,SL,LR,CI,GH,ML,BF,TG,BJ,NE,NG,CD,CG,GA,GQ,CM,CF,SD,TD,SO,ET,KE,UG,TZ,BI,RW,MM,TH,LA,KH,VN,MY,PH,BN,IN,LK",0,,119,parasite,plasmodium,Malaria,human,human,,,anopheles,,HUMAN->VECTOR->HUMAN,1,1,15000009.22,ENDEMIC,100,15000009.22,0.00738604,,15000009.22,,0,,12,20,7,7,1,1,5,90,600,600,5,14,"Sutherland CJ, Tanomsing N, Nolder D, Oguike M, Jennison C, et al. (2010) Two nonrecombining sympatric forms of the human malaria parasite Plasmodium ovale occur globally. J Infect Dis 201: 1544û155;http://www.cdc.gov/malaria/about/biology/human_factors.html",,"Sutherland CJ,Tanomsing N,Nolder D,Oguike M,Jennison C,et al. (2010) Two nonrecombining sympatric forms of the human malaria parasite Plasmodium ovale occur globally. J Infect Dis 201: 1544û155;http://www.cdc.gov/malaria/about/biology/human_factors.html",165
92,plasmodium vivax,1,"AG,DZ,AO,AS,BH,BB,BM,BS,BD,BZ,BO,MM,BJ,SB,BR,BN,KH,LK,CG,CD,BI,BT,KY,CM,TD,KM,CO,CR,CF,CU,CV,CK,DJ,DM,DO,EC,EG,GQ,ER,SV,ET,GF,FJ,FM,PF,GM,GA,GH,GD,GU,GT,GN,GY,HT,HN,IN,IR,IL,CI,IQ,JM,JO,KE,KI,KW,LA,LR,LY,MG,MQ,MS,ML,MA,MU,MR,OM,MV,MX,MY,MZ,MW,NC,NU,NE,AW,AI,HK,MP,MO,PS,YT,CC,IO,CX,UM,VU,NG,NP,NR,SR,NI,PY,PE,PK,PA,PG,GW,QA,RE,PH,PR,RW,SA,KN,SC,BW,SN,SL,SG,SO,LC,SD,TT,TH,TK,TO,TG,ST,TV,TZ,UG,BF,VC,VE,VG,VN,VI,NA,WF,WS,YE,ZM,ZW,ID,GP,AN,AE,TL,PW,MH,SH,TC,EH,MF,BL,TW",0,,467,parasite,plasmodium,Malaria,human,human,,,anopheles,,HUMAN->VECTOR->HUMAN,1,1,2.65E+08,ENDEMIC,100,265000000,0.15720123,,265000000,,0,,12,90,7,7,1,1,5,90,1200,1200,5,14,http://www.cdc.gov/malaria/about/biology/human_factors.html,,http://www.cdc.gov/malaria/about/biology/human_factors.html,166
207,powassan1,1,"US,CA,AK","us, ca","US,CA,AK",5,flavivirus,flavivirus,Tick-borne Encephalitis,marmota monax,mammalia,,,ixodes cookei,,HOST->VECTOR->HUMAN,10,15,13,,,,,,,,,,,,,,,,,,,,,,,,http://www.ncbi.nlm.nih.gov/pmc/articles/PMC3840892/;https://www.cdc.gov/powassan/statistics.html,167
208,powassan2,1,"US,CA,AK","us, ca",,5,flavivirus,flavivirus,Tick-borne Encephalitis,"tamias,sciurus,tamiasciurus",mammalia,,,ixodes marxi,,HOST->VECTOR->HUMAN,10,15,13,,,,,,,,,,,,,,,,,,,,,,,,http://www.ncbi.nlm.nih.gov/pmc/articles/PMC3840892/;https://www.cdc.gov/powassan/statistics.html,167
209,powassan3,1,"US,CA,AK","us, ca",,5,flavivirus,flavivirus,Tick-borne Encephalitis,peromyscus leucopus,mammalia,,,ixodes scapularis,,HOST->VECTOR->HUMAN,10,15,13,,,,,,,,,,,,,,,,,,,,,,,,http://www.ncbi.nlm.nih.gov/pmc/articles/PMC3840892/;https://www.cdc.gov/powassan/statistics.html,167
109,prospect hill,1,US,0,,2,hantavirus,hantavirus,None reported,microtus pennsylvanicus,mammalia,,,,,HOST->HUMAN,0,0,0.001,,,,,,,,,,,,,,,,,,,,,,,,ref: http://nj.gov/agriculture/divisions/ah/diseases/hantavirus.html,170
102,puumala,0,"ES,IT,DE,BE,NL,DK,NO,SE,FI,PL,LT,LV,EE,KZ,UA,CZ,SI,SK,HR,CH,AT,RO,HU,BA,RS,BG,GR,TR,MK",0,,86,hantavirus,hantavirus,Nephropathia epidemica,myodes glareolus,mammalia,,,,,HOST->HUMAN,1,1,20000,ENDEMIC,,20000,0.0000442,,20000,,0,,14,14,22,22,1,1,100,0,0,0,0,21,Werthiem,,Werthiem,171
168,rabies,0,"AG,DZ,AZ,AL,AM,AO,AS,AR,AU,BH,BB,BM,BS,BD,BZ,BA,BO,MM,BJ,SB,BR,BG,BN,CA,KH,LK,CG,CD,BI,CN,AF,BT,CL,KY,CM,TD,KM,CO,CR,CF,CU,CV,CK,CY,DK,DJ,DM,DO,EC,EG,IE,GQ,EE,ER,SV,ET,AT,CZ,GF,FI,FJ,FK,FM,PF,FR,GM,GA,GE,GH,GD,GL,DE,GU,GR,GT,GN,GY,HT,HN,HR,HU,IS,IN,IR,IL,IT,CI,IQ,JP,JM,JO,KE,KG,KP,KI,KR,KW,KZ,LA,LB,LV,BY,LT,LR,SK,LI,LY,MG,MQ,MN,MS,MK,ML,MA,MU,MR,MT,OM,MV,MX,MY,MZ,MW,NC,NU,NE,AW,AI,BE,HK,MP,FO,AD,GI,IM,LU,MO,MC,PS,ME,YT,AX,NF,CC,BV,TF,HM,IO,CX,UM,VU,NG,NL,NO,NP,NR,SR,NI,NZ,PY,PE,PK,PL,PA,PT,PG,GW,QA,RE,RO,MD,PH,PR,RU,RW,SA,KN,SC,ZA,LS,BW,SN,SI,SL,SG,SO,ES,LC,SD,SE,SY,CH,TT,TH,TJ,TK,TO,TG,ST,TN,TR,TV,TM,TZ,UG,GB,UA,US,BF,UY,UZ,VC,VE,VG,VN,VI,NA,WF,WS,SZ,YE,ZM,ZW,ID,GP,AN,AE,TL,PN,PW,MH,PM,SH,SM,TC,EH,RS,VA,MF,BL,GG,JE,GS,TW",0,,731,lyssavirus,lyssavirus,rabies,"canis aureus,canis lupus,desmodus rotundus,eptesicus fuscus,lasiurus cinereus,martes martes,meles meles,mephitis mephitis,mustela putorius,myotis chiloensis,nyctereutes procyonoides,procyon lotor,saimiri sciureus,tadarida brasiliensis,vulpes lagopus,vulpes vulpes",mammalia,,,,,HOST->HUMAN,100,100,55000,ENDEMIC,,55000,0.00000908,,55000,,0,,30,90,2,10,100,100,0,0,0,0,0,0,Werthiem,,Werthiem,172
96,ravn,1,"AO,CD,KE,UG,ZM",0,,17,filovirus,filovirus,Marburg virus,rousettus aegyptiacus,mammalia,,,,,HOST->HUMAN,83,83,0.001,,,,,,,,,,,,,,,,,,,,,,,,"Viruses 2012, 4, 1878-1927; doi:10.3390/v4101878 ",173
111,reston,1,PH,philipines,,2,filovirus,filovirus,None reported,cynomolgus,mammalia,,,,,HOST->HUMAN,0,0,0.001,,,,,,,,,,,,,,,,,,,,,,,,needs rerunning - error,174
177,rickettsia aeschlimannii,0,"ML,NE,DZ,MA,ES,PT,IT,GR,HR",0,,26,bacteria,rickettsia,Rickettsiosis,"haemaphysalis punctata,hyalomma marginatum,ixodes,rhipicephalus appendiculatus",invert,,,,,HOST->HUMAN,0,0,0.001,ENDEMIC,100,1,7.29E-09,,1,1997,0,,7,7,14,14,0,0,100,0,0,0,0,14,Werthiem,,Werthiem,175
1,rickettsia africae,1,"SN,GM,GW,GN,SL,LR,CI,GH,ML,BF,TG,BJ,NE,NG,SO,ET,KE,UG,TZ,BI,RW,CD,CG,GA,GQ,CM,CF,SD,TD",0,,104,bacteria,rickettsia,African tick bite fever,"amblyomma hebraeum,amblyomma lepidum,amblyomma variegatum,rhipicephalus appendiculatus,rhipicephalus decoloratus",invert,,,,,HOST->HUMAN,0,0,0.001,ENDEMIC,100,0.1,1.41E-10,,0.1,1911,0,,2,15,14,14,0,0,100,0,0,0,0,0,Werthiem,,http://www.ncbi.nlm.nih.gov/pmc/articles/PMC1265907/,176
167,rickettsia australis,1,AU,0,,2,bacteria,rickettsia,Queensland tick typhus,"ixodes holocyclus,ixodes tasmani",invert,,,,,HOST->HUMAN,0,0,500,ENDEMIC,100,500,0.0000246,,500,1946,0,,7,7,14,14,0,0,100,0,0,0,0,14,Werthiem,,Werthiem,177
5,rickettsia conorii caspia,1,RU,#N/A,,2,bacteria,rickettsia,Astrakhan fever,"rhipicephalus pumilio,rhipicephalus sanguineus",invert,,,,,HOST->HUMAN,3,3,64.2,,,,,,,,,,,,,,,,,,,,,,,,http://www.ncbi.nlm.nih.gov/pmc/articles/PMC1265907/,178
99,rickettsia conorii conorii,1,"ZW,SO,CF,MA,DZ,TN,LY,EG,PT,ES,IT,HR,TR,GR,AL,BA,RS,BG,MK",0,,56,bacteria,rickettsia,Mediterranean spotted fever,rhipicephalus sanguineus,invert,,,,,HOST->HUMAN,3,3,4000,,,,,,,,,,,,,,,,,,,,,,,,http://www.cfsph.iastate.edu/Factsheets/pdfs/RMSF.pdf,179
80,rickettsia conorii indica,0,"IN,PK",0,,5,bacteria,rickettsia,Indian tick typhus,rhipicephalus sanguineus,invert,,,,,HOST->HUMAN,3,3,32.45454545,,,,,,,,,,,,,,,,,,,,,,,,http://www.atmph.org/article.asp?issn=1755-6783;year=2014;volume=7;issue=6;spage=249;epage=254;aulast=Dasari,180
81,rickettsia conorii isralensis,1,"PT,IT,IL",#N/A,,8,bacteria,rickettsia,Israeli spotted fever,rhipicephalus sanguineus,invert,,,,,HOST->HUMAN,3,3,500,,,,,,,,,,,,,,,,,,,,,,,,http://cid.oxfordjournals.org/content/29/5/1321.full,181
178,rickettsia helvetica,1,"PT,FR,IT,SI,BG,SE",0,,17,bacteria,rickettsia,None reported,"ixodes monospinosus,ixodes ovatus,ixodes persulcatus,ixodes ricinus",invert,,,,,HOST->HUMAN,0,0,0.001,ENDEMIC,100,1,1.04E-08,,1,1979,0,,7,7,7,14,0,0,100,0,0,0,0,30,Werthiem,,Werthiem,182
53,rickettsia honei,1,"NP,TH,AU",0,,8,bacteria,rickettsia,Flinders Island spotted fever,bothriocroton hydrosauri,invert,,,,,HOST->HUMAN,0.1,0.1,3.225806452,,,,,,,,,,,,,,,,,,,,,,,,https://wwwnc.cdc.gov/eid/article/13/11/pdfs/07-0099.pdf,183
83,rickettsia japonica,1,JP,0,,2,bacteria,rickettsia,Japanese spotted fever,"haemaphysalis flava,haemaphysalis hystericis",invert,,,,,HOST->HUMAN,0,0,6.666666667,,,,,,,,,,,,,,,,,,,,,,,,http://wwwnc.cdc.gov/eid/article/3/2/97-0203_article;https://wwwnc.cdc.gov/eid/article/25/9/17-1421_article,184
179,rickettsia massiliae,0,"MA,DZ,ES,CH,IT,NE,CD,CG,CF",0,,26,bacteria,rickettsia,Rickettsiosis,rhipicephalus,invert,,,,,HOST->HUMAN,3,3,0.001,ENDEMIC,100,1,6.92E-09,,1,1992,0,,7,7,14,14,3,3,100,0,0,0,0,14,Werthiem,,Werthiem,185
3,rickettsia parkeri,1,"US,AR,UY,BR",0,,8,bacteria,rickettsia,American tick bite fever,"amblyomma americanum,amblyomma maculatum,amblyomma nodosum,amblyomma triste",invert,,,,,HOST->HUMAN,0,0,3.333333333,ENDEMIC,,,,,,1937,0,,2,14,14,14,0,0,100,0,0,0,0,30,Werthiem,,https://www.ncbi.nlm.nih.gov/pmc/articles/PMC4861524/,186
181,rickettsia rickettsii,1,"US,MX,PA,CR,CO,BR",0,,17,bacteria,rickettsia,Rocky mountain spotted fever,"amblyomma americanum,amblyomma cajennense,dermacentor andersoni,dermacentor variabilis,rhipicephalus sanguineus",invert,,,,,HOST->HUMAN,7,7,3500,ENDEMIC,100,1326.5932,0.0000022,,1326.5932,,0,,5,7,8,8,7,7,100,50,14,14,50,75,Werthiem,,https://www.cdc.gov/rmsf/stats/index.html,187
195,rickettsia sibirica sibirica,1,"XX,CN,KZ,DZ,NE",#N/A,,14,bacteria,rickettsia,Siberian tick typhus,dermacentor,invert,,,,,HOST->HUMAN,3,3,3250,,,,,,,,,,,,,,,,,,,,,,,,http://www.ncbi.nlm.nih.gov/pmc/articles/PMC1265907/; https://www.ncbi.nlm.nih.gov/pubmed/17114680,188
180,rift valley,1,"SN,GM,GW,GN,SL,LR,CI,GH,ML,BF,TG,BJ,NE,NG,CD,CG,GA,GQ,CM,CF,SD,TD,SO,ET,KE,UG,TZ,BI,RW,ZA,NA,LS,BW,ZW,ZM,AO,MZ",0,,113,phlebovirus,phlebovirus,Rift Valley Fever,"kobus ellipsiprymnus,syncerus caffer,cattle",mammalia,,,"ochlerotatus caballus,neomelaniconion circumluteolum,culex theileri,",,HOST->VECTOR->HUMAN,1,1,125,SPORADIC,100,125,0.00000468,0.25,125,,0,,2,6,4,7,1,1,100,0,0,0,0,30,Werthiem,,Werthiem,189
137,rio mamore,1,"BR,PE,BO,GF",0,,5,hantavirus,hantavirus,None reported,oligoryzomys microtis,mammalia,,,,,HOST->HUMAN,0,0,0.222222222,ENDEMIC,100,10,1.00E-10,,10,,0,,0,0,0,0,0,0,100,0,0,0,0,0,Werthiem,,https://wwwnc.cdc.gov/eid/article/20/9/13-1472_article#r5,190
138,rio mearim,0,BR,0,,2,hantavirus,hantavirus,None reported,holochilus sciureus,mammalia,,,,,HOST->HUMAN,0,0,0.001,ENDEMIC,,,,,,,0,,0,0,0,0,0,0,100,0,0,0,0,0,Werthiem,,Werthiem,191
139,rio segundo,1,"PA,US,CR",0,,2,hantavirus,hantavirus,None reported,reithrodontomys mexicanus,mammalia,,,,,HOST->HUMAN,0,0,0.001,,,,,,,,,,,,,,,,,,,,,,,,DOI: https://doi.org/10.4269/ajtmh.2006.75.1003; DOI: 10.7589/0090-3558-40.1.103,192
224,rocio,1,BR,0,,2,flavivirus,flavivirus,XXX,"ducks,chickens,accipiter,aegypius,agelaius,anas,aquila,athene,bonasa,branta,bubo,bubulcus,buteo,butorides,carpodacus,colaptes,corvus,cyanocitta,falco,garrulus,mimus,molothrus,passer,phalacrocorax,pica,parus,quiscalus,turdus,zenaida,turdus,anser,branta,cereopsis,coscoroba,cygnus,amazonetta,anas,lophonetta,nettapus,speculanas,bonasa,falcipennis,centrocercus,dendragapus,lagopus,tetrao",aves,,,"psorophora ferox,ochlerotatus scapularis",,HOST->VECTOR->HUMAN,10,10,0.001,SPORADIC,,,,,,,,,,,,,,,,,,,,,,,"epidemic disease,enviromental change; ref:  Carl J. Mitchell. 2001. ""Rocio encephalitis"" in: Encyclopedia of Arthropod-transmitted Infections of Man and Domesticated Animals,M. W. Service,ed. Wallingford,UK and New York,NY,USA: CABI Publishing. Pp. 434-437.",193
182,ross river,1,"AU,PG,NC,FJ,AS,CK",0,,17,alphavirus ,alphavirus,Ross River virus disease,"macropus,dendrolagus,petrogale,thylogale",mammalia,,,"ochlerotatus camptorhynchus,culex annulirostris,ochlerotatus vigilax,stegomyia polynesiensis",,HOST->VECTOR->HUMAN,0,0,5000,ENDEMIC,100,5000,0.0000197,,5000,,0,,3,12,14,14,0,0,100,50,14,100,5,14,Werthiem,,"RRV is responsible for approximately 5,000 and BFV for 1,000 human infections annually in Australia; ref: https://helda.helsinki.fi/bitstream/handle/10138/35741/sindbisv.pdf?sequence=1",194
78,saarema,1,"DK,DE,LT,LV,CZ,SI,SK,HR,CH,AT,RO,HU,BA,RS,BG,GR,MK",europe,,50,hantavirus,hantavirus,Hemorrhagic Fever with Renal Syndrome,apodemus agrarius,mammalia,,,,,HOST->HUMAN,1,1,0.001,,,,,,,,,,,,,,,,,,,,,,,,http://jcm.asm.org/content/44/4/1608.short,195
116,sangassou,0,GN,0,,2,hantavirus,hantavirus,None reported,hylomyscus alleni,mammalia,,,,,HOST->HUMAN,0,0,0.001,ENDEMIC,,,,,,,0,,0,0,0,0,0,0,100,0,0,0,0,0,Werthiem,,ref: http://www.ncbi.nlm.nih.gov/pmc/articles/PMC3302504/Werthiem,196
194,sars coronavirus,1,"CN,TW,HK,PH,VN,LA",0,,17,betacoronavirus,betacoronavirus,Severe Acute Respiratory Syndrome,"rhinolophus macrotis,rhinolophus pearsonii,rhinolophus pusillus,rhinolophus sinicus",mammalia,"paguma larvata,nyctereutes procyonoides",mammalia,,,HOST->HUMAN->HUMAN,10,10,577.5714286,SPORADIC,10,666.6666667,1.33E-09,2,2,2002,2,"Wallinga J, Teunis P (2004). ""Different epidemic curves for severe acute respiratory syndrome reveal similar impacts of control measures"". Am. J. Epidemiol. 160 (6): 509û16. doi:10.1093/aje/kwh255. PMID 15353409.",4,6,14,14,10,10,100,0,0,0,0,6,Werthiem,,Werthiem,197
187,schistosoma guineensis,1,"GA,GQ,CM",0,,8,parasite,schistosoma,Schistosomiasis,human,human,,,bulinus,,HUMAN->VECTOR->HUMAN,0.1,0.1,1000,,,,,,,,,,,,,,,,,,,,,,,,GUESSED; https://pdfs.semanticscholar.org/25cb/964ee0e30ad242c376cf0e9c1558d501d62d.pdf,198
184,schistosoma haematobium,1,"SN,GM,GW,GN,SL,LR,CI,GH,ML,BF,TG,BJ,NE,NG,SO,ET,KE,UG,TZ,BI,RW,CD,CG,GA,GQ,CM,CF,SD,TD,MA,DZ,TN,LY,EG",0,,104,parasite,schistosoma,Schistosomiasis,human,human,,,bulinus,,HUMAN->VECTOR->HUMAN,0.1,0.1,8.30E+07,ENDEMIC,,,,,,,,,,,,,,,,,,,,,,,,199
183,schistosoma intercalatum,1,"CD,GA,GQ,CM",0,,11,parasite,schistosoma,Schistosomiasis,human,human,,,bulinus,,HUMAN->VECTOR->HUMAN,0.1,0.1,8797500,ENDEMIC,100,87975000,1.123412756,,87975000,,0,,14,84,14,14,0.1,0.1,0.75,100,300,300,30,14,Werthiem,,,200
188,schistosoma japonicum,1,"CN,PH,ID",0,,8,parasite,schistosoma,Schistosomiasis,human,human,,,"bubalus bubalis,oncomelania",,HUMAN->VECTOR->HUMAN,0.1,0.1,1.00E-03,ENDEMIC,100,1000000,0.0006444,,1000000,,0,,14,84,14,14,0.1,0.1,0.75,100,300,300,30,14,Werthiem,,,201
189,schistosoma malayensis,1,MY,0,,2,parasite,schistosoma,Schistosomiasis,rattus muelleri,human,,,"robertsiella kaporenisis,robertsiella gismanni,robertsiella silvicola",,HOST->VECTOR->HUMAN,0.1,0.1,0.001,,,,,,,,,,,,,,,,,,,,,,,,http://www.ncbi.nlm.nih.gov/pubmed/3379527,202
185,schistosoma mansoni,1,"SN,GM,GW,GN,SL,LR,CI,GH,ML,BF,TG,BJ,NE,NG,SO,ET,KE,UG,TZ,BI,RW,CD,CG,GA,GQ,CM,CF,SD,TD,MA,DZ,TN,LY,EG,MG,SA,BR,VE,PR,SR,",0,,123,parasite,schistosoma,Schistosomiasis,human,human,,,biomphalaria glabrata,,HUMAN->VECTOR->HUMAN,0.1,0.1,8.30E+07,ENDEMIC,100,119025000,0.1256329,,119025000,,0,,14,84,14,14,0.1,0.1,0.75,100,300,300,30,14,Werthiem,,,203
186,schistosoma mekongi,1,"TH,LA,KH,CH",0,,8,parasite,schistosoma,Schistosomiasis,human,human,,,neotricula aperta,,HUMAN->VECTOR->HUMAN,0.1,0.1,1000000,,,,,,,,,,,,,,,,,,,,,,,,"Schistosoma japonicum is an important cause of intestinal schistosomiasis affecting up to 1 million people in P.R. China and the Philippines (Steinmann et al., 2006)",204
192,sealpox,1,NA,#N/A,,14,poxviridae,poxviridae,None reported,"halichoerus grypus,phoca grypus fabricius,phoca vitulina",mammalia,,,,,HOST->HUMAN,0,0,0.001,,,,,,,,,,,,,,,,,,,,,,,,http://wwwnc.cdc.gov/eid/article/17/12/10-1945_article,205
54,seoul,0,"AG,DZ,AZ,AL,AM,AO,AS,AR,AU,BH,BB,BM,BS,BD,BZ,BA,BO,MM,BJ,SB,BR,BG,BN,CA,KH,LK,CG,CD,BI,CN,AF,BT,CL,KY,CM,TD,KM,CO,CR,CF,CU,CV,CK,CY,DK,DJ,DM,DO,EC,EG,IE,GQ,EE,ER,SV,ET,AT,CZ,GF,FI,FJ,FK,FM,PF,FR,GM,GA,GE,GH,GD,GL,DE,GU,GR,GT,GN,GY,HT,HN,HR,HU,IS,IN,IR,IL,IT,CI,IQ,JP,JM,JO,KE,KG,KP,KI,KR,KW,KZ,LA,LB,LV,BY,LT,LR,SK,LI,LY,MG,MQ,MN,MS,MK,ML,MA,MU,MR,MT,OM,MV,MX,MY,MZ,MW,NC,NU,NE,AW,AI,BE,HK,MP,FO,AD,GI,IM,LU,MO,MC,PS,ME,YT,AX,NF,CC,BV,TF,HM,IO,CX,UM,VU,NG,NL,NO,NP,NR,SR,NI,NZ,PY,PE,PK,PL,PA,PT,PG,GW,QA,RE,RO,MD,PH,PR,RU,RW,SA,KN,SC,ZA,LS,BW,SN,SI,SL,SG,SO,ES,LC,SD,SE,SY,CH,TT,TH,TJ,TK,TO,TG,ST,TN,TR,TV,TM,TZ,UG,GB,UA,US,BF,UY,UZ,VC,VE,VG,VN,VI,NA,WF,WS,SZ,YE,ZM,ZW,ID,GP,AN,AE,TL,PN,PW,MH,PM,SH,SM,TC,EH,RS,VA,MF,BL,GG,JE,GS,TW",0,,731,hantavirus,hantavirus,Hantaviral Disease,rattus losea,mammalia,,,,,HOST->HUMAN,1.5,1.5,2000,,,,,,,,,,,,,,,,,,,,,,,,http://www.cdc.gov/hantavirus/technical/hanta/virology.html,206
69,sin nombre,1,"US,CA",0,,5,hantavirus,hantavirus,Hantavirus Pulmonary Syndrome,peromyscus maniculatus,mammalia,,,,,HOST->HUMAN,50,50,25.25,ENDEMIC,100,25.25,0.000000076,,25.25,,0,,9,9,12.5,12.5,50,50,100,0,0,0,0,21,Werthiem,,Werthiem,207
196,sindbis,1,"SE,FI,RU,NO,DE,IT,GR,TR","europe, east russia",,11,alphavirus,alphavirus,Sindbis Fever,"turdus,anser,branta,cereopsis,coscoroba,cygnus,amazonetta,anas,lophonetta,nettapus,speculanas,bonasa,falcipennis,centrocercus,dendragapus,lagopus,tetrao",aves,,,ochlerotatus vigilax,,HOST->VECTOR->HUMAN,0,0,100,SPORADIC,,,0.000027,,,,0,,7,7,14,14,0,0,100,50,300,300,20,14,Werthiem,,"prevalence 3 per 100,000; ref: https://helda.helsinki.fi/bitstream/handle/10138/35741/sindbisv.pdf?sequence=1;https://wwwnc.cdc.gov/eid/article/14/1/07-0510_article;https://wwwnc.cdc.gov/eid/article/24/6/17-0892_article",208
25,snowshoe hare,1,"US,CA,XX",0,,8,orthobunyavirus,orthobunyavirus,California Group Virus disease,"lepus americanus,urocitellus parryii",mammalia,,,"ochlerotatus canadensis,ochlerotatus fitchii,aedes cinereus,aedes communis,culiseta inornata,ochlerotatus stimulans,ochlerotatus excrucians,ochlerotatus punctor,ochlerotatus cataphylla,ochlerotatus hexodontus,ochlerotatus intrudens,culiseta impatiens,simulium malysceri ",mosquito,HOST->VECTOR->HUMAN,0.1,0.1,0.001,maybe,100,,,,,,0,,5,15,5,10,0.1,0.1,100,5,60,60,20,14,http://www.cdc.gov/lac/tech/fact.html,,http://www.phac-aspc.gc.ca/publicat/ccdr-rmtc/07vol33/dr3311c-eng.php,209
227,spondweni,1,"SN,GM,GW,GN,SL,LR,CI,GH,ML,BF,TG,BJ,NE,NG,CD,CG,GA,GQ,CM,CF,SD,TD,SO,ET,KE,UG,TZ,BI,RW",0,,89,flavivirus,flavivirus,Zika Fever,human,human,"pan,pongo,gorilla,papio,mandrillus,callicebus,cercopithecus,macaca,saguinus,trachypithecus,alouatta,mico,aotus,presbytis,procolobus,pithecia,sapajus,ateles,hylobates,nomascus,semnopithecus,callithrix,cercocebus,chlorocebus,lophocebus,chiropotes,colobus,papio,rhinopithecus,saimiri",mammalia,"stegomyia aegypti,stegomyia albopicta",,HUMAN->VECTOR->HUMAN,0,0,0.076923077,,,,,,,,,,,,,,,,,,,,,,,,Werthiem,210
150,tacaribe,1,NA,0,,2,arenavirus,arenavirus,None reported,artibeus,mammalia,,,,,HOST->HUMAN,0,0,0.001,,,,,,,,,,,,,,,,,,,,,,,,ref: Viral Haemorrhagic Fevers By Colin R. Howard,211
22,tahyna,1,"GB,ES,MA,TR,FR,IT,DE,PL,RO,RS,RU,CN,TJ",0,,38,orthobunyavirus,orthobunyavirus,California Group Virus disease,lepus,mammalia,,,"ochlerotatus caspius,aedimorphus vexans,ochlerotatus cantan,culiseta annulata,aedes cinereus,ochlerotatus sticticus,culex modestus,culiseta annulata,anopheles hyrcanus,aedes dianteus,aedes communis",mosquito,HOST->VECTOR->HUMAN,0.1,0.1,39.326,maybe,100,,,,,,0,,5,15,5,10,0.1,0.1,100,5,60,60,20,14,http://www.cdc.gov/lac/tech/fact.html,,http://www.ncbi.nlm.nih.gov/pubmed/21462509,212
118,tamiami,0,US,0,,2,arenavirus,arenavirus,None reported,sigmodon hispidus,mammalia,,,,,HOST->HUMAN,0,0,0.001,SPORADIC,,,,,,,0,,0,0,0,0,0,0,100,0,0,0,0,0,Werthiem,,ref: https://books.google.co.uk/books?id=beDMNjWgBdsC&pg=PA55&lpg=PA55&dq=Tacaribe+Artibeus&source=bl&ots=t-phWWA9MH&sig=amsag46GmLtqCeMX34v_wqetVT4&hl=en&sa=X&ved=0ahUKEwj41qmjhZjMAhWGBywKHTI7DegQ6AEISDAJ#v=onepage&q&f=falseWerthiem,213
140,tanganya,1,GN,0,,2,hantavirus,hantavirus,None reported,crocidura theresae,mammalia,,,,,HOST->HUMAN,0,0,0.001,ENDEMIC,,,,,,,0,,0,0,0,0,0,0,100,0,0,0,0,0,Werthiem,,ref: http://www.ncbi.nlm.nih.gov/pmc/articles/PMC3302504/Werthiem,214
18,tensaw,1,US,0,,2,orthobunyavirus,orthobunyavirus,None reported,"sylvilagus palustris,urocyon cinereoargenteus",mammalia,,,"anopheles crucians,psorophora ciliata,psorophora confinnis,anopheles quadrimaculatus,deinocerites atlanticus,ochlerotatus mitchellae,culex nigripalpus,coquillettidia perturbans",mosquito,HOST->VECTOR->HUMAN,0,0,0.001,,,,,,,,,,,,,,,,,,,,,,,,"Chamberlain,R.W.,Sudia,W.D.,and Coleman,P.H. 1969. Isolations of an arbovirus of the Bunyamwera group (Tensaw virus) from mosquitoes in the southeastern United States,1960-1963. American Jourl of Tropical Medicine and Hygiene,18(1): 92-97; Calisher CH,Francy DB,Smith GC,Muth DJ,Lazuick JS,Karabatsos N,Jakob WL,McLean RG,1986. Distribution of Bunyamwera serogroup viruses in North America. American Jourl of Tropical Medicine and Hygiene 35: 429û443;Wozniak A,Dowda HE,Tolson MW,Karabatsos N,Vaughn DR,Turner PE,Ortiz DI,Wills W. 2001. Arbovirus surveillance in South Caroli 1996-98. Jourl of the American Mosquito Control Association 17: 73-78.",215
141,thailand,1,TH,"thailand,laos,cambodia,malaysia, vietnam",,2,hantavirus,hantavirus,None reported,bandicota indica,mammalia,,,,,HOST->HUMAN,0,0,0.001,,,,,,,,,,,,,,,,,,,,,,,,Werthiem,216
142,thottapalayam,0,"IN,CN",0,,5,hantavirus,hantavirus,None reported,suncus murinus,mammalia,,,,,HOST->HUMAN,0,0,0.001,ENDEMIC,,,,,,,0,,0,0,0,0,0,0,100,0,0,0,0,14,Werthiem,,Werthiem,217
203,tick borne encephalitis,1,"SI,SK,RO,PL,CZ,HU,HR,BA,RS,AL,BG,MK,GR,UA,MD,BY,EE,LT,LV",0,,56,flavivirus,flavivirus,Tick-borne Encephalitis,apodemus,mammalia,,,"ixodes ricinus,ixodes persulcatus",,HOST->VECTOR->HUMAN,1,5,5000,ENDEMIC,100,12000,0.0000437,,12000,,0,,4,28,21,21,1.5,1.5,100,6,1000,2000,50,14,Werthiem,,ref: https://www.cdc.gov/vhf/tbe/pdf/factsheet.pdf,218
119,tioman virus,0,"MY,SG",0,,5,paramyxoviridae,paramyxoviridae,None reported,pteropus,mammalia,pigs,domestic,,,HOST->HUMAN,0,0,0.001,,,,,,,,,,,,,,,,,,,,,,,,wikipedia: amplified by pigs; ref: http://jvi.asm.org/content/82/1/565.full,219
110,topografov,1,XX,0,,2,hantavirus,hantavirus,None reported,lemmus sibiricus,mammalia,,,,,HOST->HUMAN,0,0,0.001,,,,,,,,,,,,,,,,,,,,,,,,ref: http://nj.gov/agriculture/divisions/ah/diseases/hantavirus.html,220
197,trypanosoma brucei gambinese,1,"SN,GM,GW,GN,SL,LR,CI,GH,ML,BF,TG,BJ,NE,NG,CD,CG,GA,GQ,CM,CF,SD,TD",0,,68,parasite,trypanosoma,Sleeping sickness,human,human,,,"glossina fuscipes,glossina palpalis,glossina tachinoides",,HUMAN->VECTOR->HUMAN->HUMAN,0,0,60000,ENDEMIC,0,0,0.00017196,TR,0,,0.423,0,300,300,7,14,0,0,0,98,900,900,50,14,http://www.ncbi.nlm.nih.gov/pmc/articles/PMC3282146/,,Werthiem,221
198,trypanosoma brucei rhodesiense,1,"KE,UG,TZ,MZ,MW,ZM",0,,17,parasite,trypanosoma,Sleeping sickness,human,human,,,"glossina morsitans,glossina fuscipes,glossina palpalis",,HUMAN->VECTOR->HUMAN->HUMAN,6,6,0.001,ENDEMIC,100,0,0.00000674,TR,0,,1.218,0,3,21,21,21,6,6,0,0,0,0,0,14,http://www.ncbi.nlm.nih.gov/pmc/articles/PMC3282146/;http://www.ncbi.nlm.nih.gov/pubmed/18053273;http://iai.asm.org/content/76/9/3967.full,,Werthiem,222
26,trypanosoma cruzi,1,"MX,BZ,GT,HN,SV,NI,CR,PA,CO,EC,PE,BO,AR,VE,GF,GY,SR,PY","central america, south america",,53,parasite,trypanosoma,Chagas disease,human,human,,,"panstrongylus,rhodnius,triatoma",triatomid,HUMAN->VECTOR->HUMAN->HUMAN,5,10,7600000,ENDEMIC,100,7600000,0.101333333,,7600000,,1.25,Massad E1.2007.Epidemiol Infect. 2008 Sep;136(9):1153-64. Epub 2007 Dec 4.,5,30,56,56,5,10,0,25,1000,1000,50,14,http://www.ncbi.nlm.nih.gov/pubmed/18053273;http://iai.asm.org/content/76/9/3967.full,,http://www.ncbi.nlm.nih.gov/pubmed/18053273;http://iai.asm.org/content/76/9/3967.full,223
55,tula,1,"NO,SE,FI,PT,FR,ES,GB,IT,CH,AT,BE,NL,SI,SK,RO,PL,CZ,HU,HR,BA,RS,AL,BG,MK,GR,UA,MD,BY,EE,LT,LV,NO,SE,FI,RU,XX",0,,104,hantavirus,hantavirus,Hantaviral Disease,microtus arvalis,mammalia,,,,,HOST->HUMAN,0,0,0.001,,,,,,,,,,,,,,,,,,,,,,,,http://www.eurosurveillance.org/ViewArticle.aspx?ArticleId=21338,224
104,una,1,"CO,VE,GY,SR,GF,EC,BR,PE,BO,CL,AR,PY,UY","central america, south america",,38,alphavirus,alphavirus,None reported,"human,pan,pongo,gorilla,papio,mandrillus,callicebus,cercopithecus,macaca,saguinus,trachypithecus,alouatta,mico,aotus,presbytis,procolobus,pithecia,sapajus,ateles,hylobates,nomascus,semnopithecus,callithrix,cercocebus,chlorocebus,lophocebus,chiropotes,colobus,papio,rhinopithecus,saimiri",mammalia,humans,human,psorophora ferox,,HOST->VECTOR->HUMAN,0,0,0.001,,,,,,,,,,,,,,,,,,,,,,,,ref: dx.doi.org/10.1590/S0036-46652003000200012; UV antibodies of 3.8% cordoba citizens Argenti,225
213,usutu,1,"SN,CF,NG,UG,BF,CI,MA,IT,AT",0,,26,flavivirus,flavivirus,Usutu virus fever,"bycanistes sharpei,andropadus virens,turdus libonyanus,turdus merula,sylvia communis,sylvia curruca,sylvia borin (garden warbler),falco tinnunculus,circus aeruginosus,delichon urbica,acrocephalus scirpaceus,ficedula hypoleuca,hirundo rustica",aves,,,culex pipiens,,HOST->VECTOR->HUMAN->HUMAN,0,0,0.372881356,,,,,,,,,,,,,,,,,,,,,,,,http://www.ncbi.nlm.nih.gov/pmc/articles/PMC4306835/,226
215,venezuelan equine encephalitis,1,"MX,BZ,GT,HN,SV,NI,CR,PA,CO,VE,EC,PE,BO",0,,41,alphavirus,alphavirus,Venezuelan Equine Encephalitis,"heteromys,oligoryzomys,oryzomys,sigmodon,zygodontomys,peromyscus",mammalia,,,"stegomyia aegypti,ochlerotatus angustivittatus,ochlerotatus sollicitan,ochlerotatus scapularis,ochlerotatus serratus,culex tritaeniorhynchus,ochlerotatus thelcter,anopheles aquasalis,anopheles crucians,anopheles neomaculipalpus,anopheles pseudopunctipennis,anopheles punctimacula,culex ocossa,culex corniger,culex nigripalpus,culex quinquefasciatus,culex tarsalis,deinocerites pseudes,mansonia dyari,mansonia titillans,psorophora ciliata,psorophora cilipes,psorophora confinnis,psorophora cyanescens",,HOST->VECTOR->HUMAN,0.5,0.5,2083.333333,SPORADIC,100,2083.333333,0.00000402,,2083.333333,1938,0,,2,3,7,7,0.5,0.5,100,0,0,0,0,14,Werthiem,,"Deardorff ER,Forrester NL,Travassos da Rosa AP,et al. Experimental Infection of Potential Reservoir Hosts with Venezuelan Equine Encephalitis Virus,Mexico. Emerging Infectious Diseases. 2009;15(4):519-525. doi:10.3201/eid1504.081008.Werthiem",227
175,west caucasian bat,0,"SI,SK,RO,PL,CZ,HU,HR,BA,RS,AL,BG,MK,GR,UA,MD,BY,EE,LT,LV",0,,56,lyssavirus,lyssavirus,Rabies,miniopterus schreibersii,mammalia,,,,,HOST->HUMAN,100,5,5,ENDEMIC,,5,1.82E-08,,5,,0,,30,90,2,10,100,100,0,0,0,0,0,0,Werthiem,,Werthiem,228
220,west nile,1,"CA,UA,AR,MX,CU,HT,FR,IT,MA,DZ,TN,CD,DJ,TR,RO,RU,HU,AU,PG",0,,56,flavivirus,flavivirus,West Nile Fever,"ducks,accipiter,aegypius,agelaius,anas,aquila,athene,bonasa,branta,bubo,bubulcus,buteo,butorides,carpodacus,colaptes,corvus,cyanocitta,falco,garrulus,mimus,molothrus,passer,phalacrocorax,pica,parus,quiscalus,turdus,zenaida",aves,,,"ochlerotatus cantan,anopheles maculipennis,anopheles coustani,anopheles subpictus,culex univittatus,culex antennatus,culex modestus,culex vishnui,culex quinquefasciatus,culex weschei,culex modestus,argas hermanni,hyalomma marginatum",,HOST->VECTOR->HUMAN->HUMAN,5,5,3217.888889,ENDEMIC,100,3217.888889,0.0000004,,3217.888889,1937,0,,2,7,7,7,5,5,100,1,1500,1500,40,14,http://www.ploscompbiol.org/article/info%3Adoi%2F10.1371%2Fjournal.pcbi.1002104,,http://www.ploscompbiol.org/article/info%3Adoi%2F10.1371%2Fjourl.pcbi.1002104,229
221,western equine encephalitis,1,"CA,US,AR",0,,8,alphavirus,alphavirus,Western Equine Encephalitis,"ducks,chickens,accipiter,aegypius,agelaius,anas,aquila,athene,bonasa,branta,bubo,bubulcus,buteo,butorides,carpodacus,colaptes,corvus,cyanocitta,falco,garrulus,mimus,molothrus,passer,phalacrocorax,pica,parus,quiscalus,turdus,zenaida,turdus,anser,branta,cereopsis,coscoroba,cygnus,amazonetta,anas,lophonetta,nettapus,speculanas,bonasa,falcipennis,centrocercus,dendragapus,lagopus,tetrao",aves,,,"ochlerotatus dorsalis,ochlerotatus melanimon,culiseta melanura,culex tarsalis",,HOST->VECTOR->HUMAN,5,5,15.58536585,ENDEMIC,100,15.58536585,4.20E-08,,15.58536585,1930,0,,2,7,7,7,5,5,100,0,0,0,0,14,Werthiem,,"CFR 5%,some non-acute cases. 20 cases per year in US. Ref: Medical and Veteriry Entomology by Gary R. Mullen,Lance A. DurdenWerthiem",230
202,whitewater arroyo,0,US,0,,2,arenavirus,arenavirus,Tacaribe Complex Virus Disease,"neotoma albigula,neotoma cinerea,neotoma mexicana,neotoma micropus",mammalia,,,,,HOST->HUMAN->HUMAN,100,100,0.001,SPORADIC,100,,,,,1995,0,,7,14,7,56,100,100,0,0,0,0,0,0,Werthiem,,Werthiem,231
50,wuchereria bancrofti,1,"PR,DO,BR,SN,GM,GW,GN,SL,LR,CI,GH,ML,BF,TG,BJ,NE,NG,SO,ET,KE,UG,TZ,BI,RW,ZA,NA,LS,BW,ZW,ZM,AO,MZ,MG,MM,TH,LA,KH,VN,MY,PH,BN,IN,BD,PK,CN",0,,122,parasite,wuchereria,Filariasis,human,human,,,"culex annulirostris,culex bitaeniorhynchus,culex quinquefasciatus,culex pipiens,anopheles arabinensis,anopheles bancroftii,anopheles farauti,anopheles funestus,anopheles gambiae,anopheles koliensis,anopheles melas,anopheles merus,anopheles punctulatus,anopheles wellcomei,stegomyia aegypti,aedes aquasalis,aedes bellator,aedes cooki,aedes darlingi,aedes kochi,stegomyia polynesiensis,aedes pseudoscutellaris,aedes rotumae,ochlerotatus scapularis,ochlerotatus vigilax,mansonia pseudotitillans,mansonia uniformis,coquillettidia juxtamansonia",,HUMAN->VECTOR->HUMAN,0,0,108000000,ENDEMIC,100,108000000,0.100367132,,108000000,,0,,180,360,30,30,0,0,0,70,3000,10000,30,14,Werthiem,,Werthiem,232
225,yellow,1,"SN,GM,GW,GN,SL,LR,CI,GH,ML,BF,TG,BJ,NE,NG,CD,CG,GA,GQ,CM,CF,SD,TD,SO,ET,KE,UG,TZ,BI,RW,VE,EC,PE,BO,PY,BR,SR,GY,GF,TT",0,,119,flavivirus,flavivirus,Yellow Fever,human,human,,,"stegomyia aegypti,stegomyia aegypti,stegomyia africana,culex theobaldi,stegomyia opok,haemagogus leucocelaenus,sabethes chloropterus,amblyomma variegatum",,HUMAN->VECTOR->HUMAN,7.5,7.5,200000,ENDEMIC,100,200000,0.000241573,,200000,,0,,3,6,3.5,3.5,7.5,7.5,100,15,10,14,40,14,Werthiem,,Werthiem,233
16,yersinia pestis,1,"US,EC,PE,BO,BR,CO,ZA,NA,LS,BW,ZW,ZM,AO,MZ,KE,TZ,SD,TR,IL,GE,JO,LB,SY,PS,IQ,SA,IR,AM,AZ,MM,TH,LA,KH,VN,MY,KZ,RU,UZ,TM,TJ,KG,PK,AF,CN,RU,MN,KR,KP,HK,MG",0,,149,bacteria,yersinia,Bubonic Plague,"oligoryzomys andinus,rhizomys sinensis,sylvilagus brasiliensis,calomys callosus,cerradomys subflavus,necromys lasiurus",mammalia,,,"spilopsyllus,echidnophaga,ceratophyllus,nosopsyllus,xenopsylla,pulex,ctenocephalides,xenopsylla cheopsis",flea,HOST->VECTOR->HUMAN->HUMAN,100,100,3000,SPORADIC,,3000,0.000000832,2500,2500,-4000,1.06,Nishiura et al. J Theor Biol. 2012 February 7; 294C: 48û55,1,4,7,7,100,100,100,0,0,0,0,0,Werthiem,,Werthiem,234
226,zika,0,"SN,GM,GW,GN,SL,LR,CI,GH,ML,BF,TG,BJ,NE,NG,CD,CG,GA,GQ,CM,CF,SD,TD,SO,ET,KE,UG,TZ,BI,RW,PK,IN,TH,VN,PH,MY,FM,BR,MX,US",0,,119,flavivirus,flavivirus,Zika Fever,human,human,"pan,pongo,gorilla,papio,mandrillus,callicebus,cercopithecus,macaca,saguinus,trachypithecus,alouatta,mico,aotus,presbytis,procolobus,pithecia,sapajus,ateles,hylobates,nomascus,semnopithecus,callithrix,cercocebus,chlorocebus,lophocebus,chiropotes,colobus,papio,rhinopithecus,saimiri",mammalia,"stegomyia aegypti,stegomyia africana,stegomyia apicoargentea,diceromyia furcifer,aedes hensilii,stegomyia luteocephala,fredwardsius vittatus",,HOST->VECTOR->HUMAN->HUMAN,0,0,1.00E-03,EPIDEMIC,,,,,,,,,,,,,,,,,,,,,,,http://www.paho.org/hq/,235
