"","scrap6","scrap5","scrap4","model","scrap","scrap2","variable","year","scrap3","RCP","filen"
"6","C:","LUH1",NA,"LUHa_u2t1.v1_aim.v1.1","updated_states","gcrop.2010.txt","gcrop",2010,"txt",6,"C:/LUH1//LUHa_u2t1.v1_aim.v1.1/updated_states/gcrop.2010.txt"
"26","C:","LUH1",NA,"LUHa_u2t1.v1_aim.v1.1","updated_states","gcrop.2030.txt","gcrop",2030,"txt",6,"C:/LUH1//LUHa_u2t1.v1_aim.v1.1/updated_states/gcrop.2030.txt"
"46","C:","LUH1",NA,"LUHa_u2t1.v1_aim.v1.1","updated_states","gcrop.2050.txt","gcrop",2050,"txt",6,"C:/LUH1//LUHa_u2t1.v1_aim.v1.1/updated_states/gcrop.2050.txt"
"66","C:","LUH1",NA,"LUHa_u2t1.v1_aim.v1.1","updated_states","gcrop.2070.txt","gcrop",2070,"txt",6,"C:/LUH1//LUHa_u2t1.v1_aim.v1.1/updated_states/gcrop.2070.txt"
"76","C:","LUH1",NA,"LUHa_u2t1.v1_aim.v1.1","updated_states","gcrop.2080.txt","gcrop",2080,"txt",6,"C:/LUH1//LUHa_u2t1.v1_aim.v1.1/updated_states/gcrop.2080.txt"
"1542","C:","LUH1",NA,"LUHa_u2t1.v1_aim.v1.1","updated_states","gfsh1.2010.txt","gfsh1",2010,"txt",6,"C:/LUH1//LUHa_u2t1.v1_aim.v1.1/updated_states/gfsh1.2010.txt"
"1562","C:","LUH1",NA,"LUHa_u2t1.v1_aim.v1.1","updated_states","gfsh1.2030.txt","gfsh1",2030,"txt",6,"C:/LUH1//LUHa_u2t1.v1_aim.v1.1/updated_states/gfsh1.2030.txt"
"1582","C:","LUH1",NA,"LUHa_u2t1.v1_aim.v1.1","updated_states","gfsh1.2050.txt","gfsh1",2050,"txt",6,"C:/LUH1//LUHa_u2t1.v1_aim.v1.1/updated_states/gfsh1.2050.txt"
"1602","C:","LUH1",NA,"LUHa_u2t1.v1_aim.v1.1","updated_states","gfsh1.2070.txt","gfsh1",2070,"txt",6,"C:/LUH1//LUHa_u2t1.v1_aim.v1.1/updated_states/gfsh1.2070.txt"
"1612","C:","LUH1",NA,"LUHa_u2t1.v1_aim.v1.1","updated_states","gfsh1.2080.txt","gfsh1",2080,"txt",6,"C:/LUH1//LUHa_u2t1.v1_aim.v1.1/updated_states/gfsh1.2080.txt"
"1638","C:","LUH1",NA,"LUHa_u2t1.v1_aim.v1.1","updated_states","gfsh2.2010.txt","gfsh2",2010,"txt",6,"C:/LUH1//LUHa_u2t1.v1_aim.v1.1/updated_states/gfsh2.2010.txt"
"1658","C:","LUH1",NA,"LUHa_u2t1.v1_aim.v1.1","updated_states","gfsh2.2030.txt","gfsh2",2030,"txt",6,"C:/LUH1//LUHa_u2t1.v1_aim.v1.1/updated_states/gfsh2.2030.txt"
"1678","C:","LUH1",NA,"LUHa_u2t1.v1_aim.v1.1","updated_states","gfsh2.2050.txt","gfsh2",2050,"txt",6,"C:/LUH1//LUHa_u2t1.v1_aim.v1.1/updated_states/gfsh2.2050.txt"
"1698","C:","LUH1",NA,"LUHa_u2t1.v1_aim.v1.1","updated_states","gfsh2.2070.txt","gfsh2",2070,"txt",6,"C:/LUH1//LUHa_u2t1.v1_aim.v1.1/updated_states/gfsh2.2070.txt"
"1708","C:","LUH1",NA,"LUHa_u2t1.v1_aim.v1.1","updated_states","gfsh2.2080.txt","gfsh2",2080,"txt",6,"C:/LUH1//LUHa_u2t1.v1_aim.v1.1/updated_states/gfsh2.2080.txt"
"1734","C:","LUH1",NA,"LUHa_u2t1.v1_aim.v1.1","updated_states","gfsh3.2010.txt","gfsh3",2010,"txt",6,"C:/LUH1//LUHa_u2t1.v1_aim.v1.1/updated_states/gfsh3.2010.txt"
"1754","C:","LUH1",NA,"LUHa_u2t1.v1_aim.v1.1","updated_states","gfsh3.2030.txt","gfsh3",2030,"txt",6,"C:/LUH1//LUHa_u2t1.v1_aim.v1.1/updated_states/gfsh3.2030.txt"
"1774","C:","LUH1",NA,"LUHa_u2t1.v1_aim.v1.1","updated_states","gfsh3.2050.txt","gfsh3",2050,"txt",6,"C:/LUH1//LUHa_u2t1.v1_aim.v1.1/updated_states/gfsh3.2050.txt"
"1794","C:","LUH1",NA,"LUHa_u2t1.v1_aim.v1.1","updated_states","gfsh3.2070.txt","gfsh3",2070,"txt",6,"C:/LUH1//LUHa_u2t1.v1_aim.v1.1/updated_states/gfsh3.2070.txt"
"1804","C:","LUH1",NA,"LUHa_u2t1.v1_aim.v1.1","updated_states","gfsh3.2080.txt","gfsh3",2080,"txt",6,"C:/LUH1//LUHa_u2t1.v1_aim.v1.1/updated_states/gfsh3.2080.txt"
"2022","C:","LUH1",NA,"LUHa_u2t1.v1_aim.v1.1","updated_states","gothr.2010.txt","gothr",2010,"txt",6,"C:/LUH1//LUHa_u2t1.v1_aim.v1.1/updated_states/gothr.2010.txt"
"2042","C:","LUH1",NA,"LUHa_u2t1.v1_aim.v1.1","updated_states","gothr.2030.txt","gothr",2030,"txt",6,"C:/LUH1//LUHa_u2t1.v1_aim.v1.1/updated_states/gothr.2030.txt"
"2062","C:","LUH1",NA,"LUHa_u2t1.v1_aim.v1.1","updated_states","gothr.2050.txt","gothr",2050,"txt",6,"C:/LUH1//LUHa_u2t1.v1_aim.v1.1/updated_states/gothr.2050.txt"
"2082","C:","LUH1",NA,"LUHa_u2t1.v1_aim.v1.1","updated_states","gothr.2070.txt","gothr",2070,"txt",6,"C:/LUH1//LUHa_u2t1.v1_aim.v1.1/updated_states/gothr.2070.txt"
"2092","C:","LUH1",NA,"LUHa_u2t1.v1_aim.v1.1","updated_states","gothr.2080.txt","gothr",2080,"txt",6,"C:/LUH1//LUHa_u2t1.v1_aim.v1.1/updated_states/gothr.2080.txt"
"2118","C:","LUH1",NA,"LUHa_u2t1.v1_aim.v1.1","updated_states","gpast.2010.txt","gpast",2010,"txt",6,"C:/LUH1//LUHa_u2t1.v1_aim.v1.1/updated_states/gpast.2010.txt"
"2138","C:","LUH1",NA,"LUHa_u2t1.v1_aim.v1.1","updated_states","gpast.2030.txt","gpast",2030,"txt",6,"C:/LUH1//LUHa_u2t1.v1_aim.v1.1/updated_states/gpast.2030.txt"
"2158","C:","LUH1",NA,"LUHa_u2t1.v1_aim.v1.1","updated_states","gpast.2050.txt","gpast",2050,"txt",6,"C:/LUH1//LUHa_u2t1.v1_aim.v1.1/updated_states/gpast.2050.txt"
"2178","C:","LUH1",NA,"LUHa_u2t1.v1_aim.v1.1","updated_states","gpast.2070.txt","gpast",2070,"txt",6,"C:/LUH1//LUHa_u2t1.v1_aim.v1.1/updated_states/gpast.2070.txt"
"2188","C:","LUH1",NA,"LUHa_u2t1.v1_aim.v1.1","updated_states","gpast.2080.txt","gpast",2080,"txt",6,"C:/LUH1//LUHa_u2t1.v1_aim.v1.1/updated_states/gpast.2080.txt"
"2502","C:","LUH1",NA,"LUHa_u2t1.v1_aim.v1.1","updated_states","gsecd.2010.txt","gsecd",2010,"txt",6,"C:/LUH1//LUHa_u2t1.v1_aim.v1.1/updated_states/gsecd.2010.txt"
"2522","C:","LUH1",NA,"LUHa_u2t1.v1_aim.v1.1","updated_states","gsecd.2030.txt","gsecd",2030,"txt",6,"C:/LUH1//LUHa_u2t1.v1_aim.v1.1/updated_states/gsecd.2030.txt"
"2542","C:","LUH1",NA,"LUHa_u2t1.v1_aim.v1.1","updated_states","gsecd.2050.txt","gsecd",2050,"txt",6,"C:/LUH1//LUHa_u2t1.v1_aim.v1.1/updated_states/gsecd.2050.txt"
"2562","C:","LUH1",NA,"LUHa_u2t1.v1_aim.v1.1","updated_states","gsecd.2070.txt","gsecd",2070,"txt",6,"C:/LUH1//LUHa_u2t1.v1_aim.v1.1/updated_states/gsecd.2070.txt"
"2572","C:","LUH1",NA,"LUHa_u2t1.v1_aim.v1.1","updated_states","gsecd.2080.txt","gsecd",2080,"txt",6,"C:/LUH1//LUHa_u2t1.v1_aim.v1.1/updated_states/gsecd.2080.txt"
"2886","C:","LUH1",NA,"LUHa_u2t1.v1_aim.v1.1","updated_states","gurbn.2010.txt","gurbn",2010,"txt",6,"C:/LUH1//LUHa_u2t1.v1_aim.v1.1/updated_states/gurbn.2010.txt"
"2906","C:","LUH1",NA,"LUHa_u2t1.v1_aim.v1.1","updated_states","gurbn.2030.txt","gurbn",2030,"txt",6,"C:/LUH1//LUHa_u2t1.v1_aim.v1.1/updated_states/gurbn.2030.txt"
"2926","C:","LUH1",NA,"LUHa_u2t1.v1_aim.v1.1","updated_states","gurbn.2050.txt","gurbn",2050,"txt",6,"C:/LUH1//LUHa_u2t1.v1_aim.v1.1/updated_states/gurbn.2050.txt"
"2946","C:","LUH1",NA,"LUHa_u2t1.v1_aim.v1.1","updated_states","gurbn.2070.txt","gurbn",2070,"txt",6,"C:/LUH1//LUHa_u2t1.v1_aim.v1.1/updated_states/gurbn.2070.txt"
"2956","C:","LUH1",NA,"LUHa_u2t1.v1_aim.v1.1","updated_states","gurbn.2080.txt","gurbn",2080,"txt",6,"C:/LUH1//LUHa_u2t1.v1_aim.v1.1/updated_states/gurbn.2080.txt"
"3270","C:","LUH1",NA,"LUHa_u2t1.v1_image.v1.1","updated_states","gcrop.2010.txt","gcrop",2010,"txt",2.6,"C:/LUH1//LUHa_u2t1.v1_image.v1.1/updated_states/gcrop.2010.txt"
"3290","C:","LUH1",NA,"LUHa_u2t1.v1_image.v1.1","updated_states","gcrop.2030.txt","gcrop",2030,"txt",2.6,"C:/LUH1//LUHa_u2t1.v1_image.v1.1/updated_states/gcrop.2030.txt"
"3310","C:","LUH1",NA,"LUHa_u2t1.v1_image.v1.1","updated_states","gcrop.2050.txt","gcrop",2050,"txt",2.6,"C:/LUH1//LUHa_u2t1.v1_image.v1.1/updated_states/gcrop.2050.txt"
"3330","C:","LUH1",NA,"LUHa_u2t1.v1_image.v1.1","updated_states","gcrop.2070.txt","gcrop",2070,"txt",2.6,"C:/LUH1//LUHa_u2t1.v1_image.v1.1/updated_states/gcrop.2070.txt"
"3340","C:","LUH1",NA,"LUHa_u2t1.v1_image.v1.1","updated_states","gcrop.2080.txt","gcrop",2080,"txt",2.6,"C:/LUH1//LUHa_u2t1.v1_image.v1.1/updated_states/gcrop.2080.txt"
"4806","C:","LUH1",NA,"LUHa_u2t1.v1_image.v1.1","updated_states","gfsh1.2010.txt","gfsh1",2010,"txt",2.6,"C:/LUH1//LUHa_u2t1.v1_image.v1.1/updated_states/gfsh1.2010.txt"
"4826","C:","LUH1",NA,"LUHa_u2t1.v1_image.v1.1","updated_states","gfsh1.2030.txt","gfsh1",2030,"txt",2.6,"C:/LUH1//LUHa_u2t1.v1_image.v1.1/updated_states/gfsh1.2030.txt"
"4846","C:","LUH1",NA,"LUHa_u2t1.v1_image.v1.1","updated_states","gfsh1.2050.txt","gfsh1",2050,"txt",2.6,"C:/LUH1//LUHa_u2t1.v1_image.v1.1/updated_states/gfsh1.2050.txt"
"4866","C:","LUH1",NA,"LUHa_u2t1.v1_image.v1.1","updated_states","gfsh1.2070.txt","gfsh1",2070,"txt",2.6,"C:/LUH1//LUHa_u2t1.v1_image.v1.1/updated_states/gfsh1.2070.txt"
"4876","C:","LUH1",NA,"LUHa_u2t1.v1_image.v1.1","updated_states","gfsh1.2080.txt","gfsh1",2080,"txt",2.6,"C:/LUH1//LUHa_u2t1.v1_image.v1.1/updated_states/gfsh1.2080.txt"
"4902","C:","LUH1",NA,"LUHa_u2t1.v1_image.v1.1","updated_states","gfsh2.2010.txt","gfsh2",2010,"txt",2.6,"C:/LUH1//LUHa_u2t1.v1_image.v1.1/updated_states/gfsh2.2010.txt"
"4922","C:","LUH1",NA,"LUHa_u2t1.v1_image.v1.1","updated_states","gfsh2.2030.txt","gfsh2",2030,"txt",2.6,"C:/LUH1//LUHa_u2t1.v1_image.v1.1/updated_states/gfsh2.2030.txt"
"4942","C:","LUH1",NA,"LUHa_u2t1.v1_image.v1.1","updated_states","gfsh2.2050.txt","gfsh2",2050,"txt",2.6,"C:/LUH1//LUHa_u2t1.v1_image.v1.1/updated_states/gfsh2.2050.txt"
"4962","C:","LUH1",NA,"LUHa_u2t1.v1_image.v1.1","updated_states","gfsh2.2070.txt","gfsh2",2070,"txt",2.6,"C:/LUH1//LUHa_u2t1.v1_image.v1.1/updated_states/gfsh2.2070.txt"
"4972","C:","LUH1",NA,"LUHa_u2t1.v1_image.v1.1","updated_states","gfsh2.2080.txt","gfsh2",2080,"txt",2.6,"C:/LUH1//LUHa_u2t1.v1_image.v1.1/updated_states/gfsh2.2080.txt"
"4998","C:","LUH1",NA,"LUHa_u2t1.v1_image.v1.1","updated_states","gfsh3.2010.txt","gfsh3",2010,"txt",2.6,"C:/LUH1//LUHa_u2t1.v1_image.v1.1/updated_states/gfsh3.2010.txt"
"5018","C:","LUH1",NA,"LUHa_u2t1.v1_image.v1.1","updated_states","gfsh3.2030.txt","gfsh3",2030,"txt",2.6,"C:/LUH1//LUHa_u2t1.v1_image.v1.1/updated_states/gfsh3.2030.txt"
"5038","C:","LUH1",NA,"LUHa_u2t1.v1_image.v1.1","updated_states","gfsh3.2050.txt","gfsh3",2050,"txt",2.6,"C:/LUH1//LUHa_u2t1.v1_image.v1.1/updated_states/gfsh3.2050.txt"
"5058","C:","LUH1",NA,"LUHa_u2t1.v1_image.v1.1","updated_states","gfsh3.2070.txt","gfsh3",2070,"txt",2.6,"C:/LUH1//LUHa_u2t1.v1_image.v1.1/updated_states/gfsh3.2070.txt"
"5068","C:","LUH1",NA,"LUHa_u2t1.v1_image.v1.1","updated_states","gfsh3.2080.txt","gfsh3",2080,"txt",2.6,"C:/LUH1//LUHa_u2t1.v1_image.v1.1/updated_states/gfsh3.2080.txt"
"5286","C:","LUH1",NA,"LUHa_u2t1.v1_image.v1.1","updated_states","gothr.2010.txt","gothr",2010,"txt",2.6,"C:/LUH1//LUHa_u2t1.v1_image.v1.1/updated_states/gothr.2010.txt"
"5306","C:","LUH1",NA,"LUHa_u2t1.v1_image.v1.1","updated_states","gothr.2030.txt","gothr",2030,"txt",2.6,"C:/LUH1//LUHa_u2t1.v1_image.v1.1/updated_states/gothr.2030.txt"
"5326","C:","LUH1",NA,"LUHa_u2t1.v1_image.v1.1","updated_states","gothr.2050.txt","gothr",2050,"txt",2.6,"C:/LUH1//LUHa_u2t1.v1_image.v1.1/updated_states/gothr.2050.txt"
"5346","C:","LUH1",NA,"LUHa_u2t1.v1_image.v1.1","updated_states","gothr.2070.txt","gothr",2070,"txt",2.6,"C:/LUH1//LUHa_u2t1.v1_image.v1.1/updated_states/gothr.2070.txt"
"5356","C:","LUH1",NA,"LUHa_u2t1.v1_image.v1.1","updated_states","gothr.2080.txt","gothr",2080,"txt",2.6,"C:/LUH1//LUHa_u2t1.v1_image.v1.1/updated_states/gothr.2080.txt"
"5382","C:","LUH1",NA,"LUHa_u2t1.v1_image.v1.1","updated_states","gpast.2010.txt","gpast",2010,"txt",2.6,"C:/LUH1//LUHa_u2t1.v1_image.v1.1/updated_states/gpast.2010.txt"
"5402","C:","LUH1",NA,"LUHa_u2t1.v1_image.v1.1","updated_states","gpast.2030.txt","gpast",2030,"txt",2.6,"C:/LUH1//LUHa_u2t1.v1_image.v1.1/updated_states/gpast.2030.txt"
"5422","C:","LUH1",NA,"LUHa_u2t1.v1_image.v1.1","updated_states","gpast.2050.txt","gpast",2050,"txt",2.6,"C:/LUH1//LUHa_u2t1.v1_image.v1.1/updated_states/gpast.2050.txt"
"5442","C:","LUH1",NA,"LUHa_u2t1.v1_image.v1.1","updated_states","gpast.2070.txt","gpast",2070,"txt",2.6,"C:/LUH1//LUHa_u2t1.v1_image.v1.1/updated_states/gpast.2070.txt"
"5452","C:","LUH1",NA,"LUHa_u2t1.v1_image.v1.1","updated_states","gpast.2080.txt","gpast",2080,"txt",2.6,"C:/LUH1//LUHa_u2t1.v1_image.v1.1/updated_states/gpast.2080.txt"
"5766","C:","LUH1",NA,"LUHa_u2t1.v1_image.v1.1","updated_states","gsecd.2010.txt","gsecd",2010,"txt",2.6,"C:/LUH1//LUHa_u2t1.v1_image.v1.1/updated_states/gsecd.2010.txt"
"5786","C:","LUH1",NA,"LUHa_u2t1.v1_image.v1.1","updated_states","gsecd.2030.txt","gsecd",2030,"txt",2.6,"C:/LUH1//LUHa_u2t1.v1_image.v1.1/updated_states/gsecd.2030.txt"
"5806","C:","LUH1",NA,"LUHa_u2t1.v1_image.v1.1","updated_states","gsecd.2050.txt","gsecd",2050,"txt",2.6,"C:/LUH1//LUHa_u2t1.v1_image.v1.1/updated_states/gsecd.2050.txt"
"5826","C:","LUH1",NA,"LUHa_u2t1.v1_image.v1.1","updated_states","gsecd.2070.txt","gsecd",2070,"txt",2.6,"C:/LUH1//LUHa_u2t1.v1_image.v1.1/updated_states/gsecd.2070.txt"
"5836","C:","LUH1",NA,"LUHa_u2t1.v1_image.v1.1","updated_states","gsecd.2080.txt","gsecd",2080,"txt",2.6,"C:/LUH1//LUHa_u2t1.v1_image.v1.1/updated_states/gsecd.2080.txt"
"6150","C:","LUH1",NA,"LUHa_u2t1.v1_image.v1.1","updated_states","gurbn.2010.txt","gurbn",2010,"txt",2.6,"C:/LUH1//LUHa_u2t1.v1_image.v1.1/updated_states/gurbn.2010.txt"
"6170","C:","LUH1",NA,"LUHa_u2t1.v1_image.v1.1","updated_states","gurbn.2030.txt","gurbn",2030,"txt",2.6,"C:/LUH1//LUHa_u2t1.v1_image.v1.1/updated_states/gurbn.2030.txt"
"6190","C:","LUH1",NA,"LUHa_u2t1.v1_image.v1.1","updated_states","gurbn.2050.txt","gurbn",2050,"txt",2.6,"C:/LUH1//LUHa_u2t1.v1_image.v1.1/updated_states/gurbn.2050.txt"
"6210","C:","LUH1",NA,"LUHa_u2t1.v1_image.v1.1","updated_states","gurbn.2070.txt","gurbn",2070,"txt",2.6,"C:/LUH1//LUHa_u2t1.v1_image.v1.1/updated_states/gurbn.2070.txt"
"6220","C:","LUH1",NA,"LUHa_u2t1.v1_image.v1.1","updated_states","gurbn.2080.txt","gurbn",2080,"txt",2.6,"C:/LUH1//LUHa_u2t1.v1_image.v1.1/updated_states/gurbn.2080.txt"
"6534","C:","LUH1",NA,"LUHa_u2t1.v1_message.v1","updated_states","gcrop.2010.txt","gcrop",2010,"txt",8.5,"C:/LUH1//LUHa_u2t1.v1_message.v1/updated_states/gcrop.2010.txt"
"6554","C:","LUH1",NA,"LUHa_u2t1.v1_message.v1","updated_states","gcrop.2030.txt","gcrop",2030,"txt",8.5,"C:/LUH1//LUHa_u2t1.v1_message.v1/updated_states/gcrop.2030.txt"
"6574","C:","LUH1",NA,"LUHa_u2t1.v1_message.v1","updated_states","gcrop.2050.txt","gcrop",2050,"txt",8.5,"C:/LUH1//LUHa_u2t1.v1_message.v1/updated_states/gcrop.2050.txt"
"6594","C:","LUH1",NA,"LUHa_u2t1.v1_message.v1","updated_states","gcrop.2070.txt","gcrop",2070,"txt",8.5,"C:/LUH1//LUHa_u2t1.v1_message.v1/updated_states/gcrop.2070.txt"
"6604","C:","LUH1",NA,"LUHa_u2t1.v1_message.v1","updated_states","gcrop.2080.txt","gcrop",2080,"txt",8.5,"C:/LUH1//LUHa_u2t1.v1_message.v1/updated_states/gcrop.2080.txt"
"8070","C:","LUH1",NA,"LUHa_u2t1.v1_message.v1","updated_states","gfsh1.2010.txt","gfsh1",2010,"txt",8.5,"C:/LUH1//LUHa_u2t1.v1_message.v1/updated_states/gfsh1.2010.txt"
"8090","C:","LUH1",NA,"LUHa_u2t1.v1_message.v1","updated_states","gfsh1.2030.txt","gfsh1",2030,"txt",8.5,"C:/LUH1//LUHa_u2t1.v1_message.v1/updated_states/gfsh1.2030.txt"
"8110","C:","LUH1",NA,"LUHa_u2t1.v1_message.v1","updated_states","gfsh1.2050.txt","gfsh1",2050,"txt",8.5,"C:/LUH1//LUHa_u2t1.v1_message.v1/updated_states/gfsh1.2050.txt"
"8130","C:","LUH1",NA,"LUHa_u2t1.v1_message.v1","updated_states","gfsh1.2070.txt","gfsh1",2070,"txt",8.5,"C:/LUH1//LUHa_u2t1.v1_message.v1/updated_states/gfsh1.2070.txt"
"8140","C:","LUH1",NA,"LUHa_u2t1.v1_message.v1","updated_states","gfsh1.2080.txt","gfsh1",2080,"txt",8.5,"C:/LUH1//LUHa_u2t1.v1_message.v1/updated_states/gfsh1.2080.txt"
"8166","C:","LUH1",NA,"LUHa_u2t1.v1_message.v1","updated_states","gfsh2.2010.txt","gfsh2",2010,"txt",8.5,"C:/LUH1//LUHa_u2t1.v1_message.v1/updated_states/gfsh2.2010.txt"
"8186","C:","LUH1",NA,"LUHa_u2t1.v1_message.v1","updated_states","gfsh2.2030.txt","gfsh2",2030,"txt",8.5,"C:/LUH1//LUHa_u2t1.v1_message.v1/updated_states/gfsh2.2030.txt"
"8206","C:","LUH1",NA,"LUHa_u2t1.v1_message.v1","updated_states","gfsh2.2050.txt","gfsh2",2050,"txt",8.5,"C:/LUH1//LUHa_u2t1.v1_message.v1/updated_states/gfsh2.2050.txt"
"8226","C:","LUH1",NA,"LUHa_u2t1.v1_message.v1","updated_states","gfsh2.2070.txt","gfsh2",2070,"txt",8.5,"C:/LUH1//LUHa_u2t1.v1_message.v1/updated_states/gfsh2.2070.txt"
"8236","C:","LUH1",NA,"LUHa_u2t1.v1_message.v1","updated_states","gfsh2.2080.txt","gfsh2",2080,"txt",8.5,"C:/LUH1//LUHa_u2t1.v1_message.v1/updated_states/gfsh2.2080.txt"
"8262","C:","LUH1",NA,"LUHa_u2t1.v1_message.v1","updated_states","gfsh3.2010.txt","gfsh3",2010,"txt",8.5,"C:/LUH1//LUHa_u2t1.v1_message.v1/updated_states/gfsh3.2010.txt"
"8282","C:","LUH1",NA,"LUHa_u2t1.v1_message.v1","updated_states","gfsh3.2030.txt","gfsh3",2030,"txt",8.5,"C:/LUH1//LUHa_u2t1.v1_message.v1/updated_states/gfsh3.2030.txt"
"8302","C:","LUH1",NA,"LUHa_u2t1.v1_message.v1","updated_states","gfsh3.2050.txt","gfsh3",2050,"txt",8.5,"C:/LUH1//LUHa_u2t1.v1_message.v1/updated_states/gfsh3.2050.txt"
"8322","C:","LUH1",NA,"LUHa_u2t1.v1_message.v1","updated_states","gfsh3.2070.txt","gfsh3",2070,"txt",8.5,"C:/LUH1//LUHa_u2t1.v1_message.v1/updated_states/gfsh3.2070.txt"
"8332","C:","LUH1",NA,"LUHa_u2t1.v1_message.v1","updated_states","gfsh3.2080.txt","gfsh3",2080,"txt",8.5,"C:/LUH1//LUHa_u2t1.v1_message.v1/updated_states/gfsh3.2080.txt"
"8550","C:","LUH1",NA,"LUHa_u2t1.v1_message.v1","updated_states","gothr.2010.txt","gothr",2010,"txt",8.5,"C:/LUH1//LUHa_u2t1.v1_message.v1/updated_states/gothr.2010.txt"
"8570","C:","LUH1",NA,"LUHa_u2t1.v1_message.v1","updated_states","gothr.2030.txt","gothr",2030,"txt",8.5,"C:/LUH1//LUHa_u2t1.v1_message.v1/updated_states/gothr.2030.txt"
"8590","C:","LUH1",NA,"LUHa_u2t1.v1_message.v1","updated_states","gothr.2050.txt","gothr",2050,"txt",8.5,"C:/LUH1//LUHa_u2t1.v1_message.v1/updated_states/gothr.2050.txt"
"8610","C:","LUH1",NA,"LUHa_u2t1.v1_message.v1","updated_states","gothr.2070.txt","gothr",2070,"txt",8.5,"C:/LUH1//LUHa_u2t1.v1_message.v1/updated_states/gothr.2070.txt"
"8620","C:","LUH1",NA,"LUHa_u2t1.v1_message.v1","updated_states","gothr.2080.txt","gothr",2080,"txt",8.5,"C:/LUH1//LUHa_u2t1.v1_message.v1/updated_states/gothr.2080.txt"
"8646","C:","LUH1",NA,"LUHa_u2t1.v1_message.v1","updated_states","gpast.2010.txt","gpast",2010,"txt",8.5,"C:/LUH1//LUHa_u2t1.v1_message.v1/updated_states/gpast.2010.txt"
"8666","C:","LUH1",NA,"LUHa_u2t1.v1_message.v1","updated_states","gpast.2030.txt","gpast",2030,"txt",8.5,"C:/LUH1//LUHa_u2t1.v1_message.v1/updated_states/gpast.2030.txt"
"8686","C:","LUH1",NA,"LUHa_u2t1.v1_message.v1","updated_states","gpast.2050.txt","gpast",2050,"txt",8.5,"C:/LUH1//LUHa_u2t1.v1_message.v1/updated_states/gpast.2050.txt"
"8706","C:","LUH1",NA,"LUHa_u2t1.v1_message.v1","updated_states","gpast.2070.txt","gpast",2070,"txt",8.5,"C:/LUH1//LUHa_u2t1.v1_message.v1/updated_states/gpast.2070.txt"
"8716","C:","LUH1",NA,"LUHa_u2t1.v1_message.v1","updated_states","gpast.2080.txt","gpast",2080,"txt",8.5,"C:/LUH1//LUHa_u2t1.v1_message.v1/updated_states/gpast.2080.txt"
"9030","C:","LUH1",NA,"LUHa_u2t1.v1_message.v1","updated_states","gsecd.2010.txt","gsecd",2010,"txt",8.5,"C:/LUH1//LUHa_u2t1.v1_message.v1/updated_states/gsecd.2010.txt"
"9050","C:","LUH1",NA,"LUHa_u2t1.v1_message.v1","updated_states","gsecd.2030.txt","gsecd",2030,"txt",8.5,"C:/LUH1//LUHa_u2t1.v1_message.v1/updated_states/gsecd.2030.txt"
"9070","C:","LUH1",NA,"LUHa_u2t1.v1_message.v1","updated_states","gsecd.2050.txt","gsecd",2050,"txt",8.5,"C:/LUH1//LUHa_u2t1.v1_message.v1/updated_states/gsecd.2050.txt"
"9090","C:","LUH1",NA,"LUHa_u2t1.v1_message.v1","updated_states","gsecd.2070.txt","gsecd",2070,"txt",8.5,"C:/LUH1//LUHa_u2t1.v1_message.v1/updated_states/gsecd.2070.txt"
"9100","C:","LUH1",NA,"LUHa_u2t1.v1_message.v1","updated_states","gsecd.2080.txt","gsecd",2080,"txt",8.5,"C:/LUH1//LUHa_u2t1.v1_message.v1/updated_states/gsecd.2080.txt"
"9414","C:","LUH1",NA,"LUHa_u2t1.v1_message.v1","updated_states","gurbn.2010.txt","gurbn",2010,"txt",8.5,"C:/LUH1//LUHa_u2t1.v1_message.v1/updated_states/gurbn.2010.txt"
"9434","C:","LUH1",NA,"LUHa_u2t1.v1_message.v1","updated_states","gurbn.2030.txt","gurbn",2030,"txt",8.5,"C:/LUH1//LUHa_u2t1.v1_message.v1/updated_states/gurbn.2030.txt"
"9454","C:","LUH1",NA,"LUHa_u2t1.v1_message.v1","updated_states","gurbn.2050.txt","gurbn",2050,"txt",8.5,"C:/LUH1//LUHa_u2t1.v1_message.v1/updated_states/gurbn.2050.txt"
"9474","C:","LUH1",NA,"LUHa_u2t1.v1_message.v1","updated_states","gurbn.2070.txt","gurbn",2070,"txt",8.5,"C:/LUH1//LUHa_u2t1.v1_message.v1/updated_states/gurbn.2070.txt"
"9484","C:","LUH1",NA,"LUHa_u2t1.v1_message.v1","updated_states","gurbn.2080.txt","gurbn",2080,"txt",8.5,"C:/LUH1//LUHa_u2t1.v1_message.v1/updated_states/gurbn.2080.txt"
"9798","C:","LUH1",NA,"LUHa_u2t1.v1_minicam.v1","updated_states","gcrop.2010.txt","gcrop",2010,"txt",4.5,"C:/LUH1//LUHa_u2t1.v1_minicam.v1/updated_states/gcrop.2010.txt"
"9818","C:","LUH1",NA,"LUHa_u2t1.v1_minicam.v1","updated_states","gcrop.2030.txt","gcrop",2030,"txt",4.5,"C:/LUH1//LUHa_u2t1.v1_minicam.v1/updated_states/gcrop.2030.txt"
"9838","C:","LUH1",NA,"LUHa_u2t1.v1_minicam.v1","updated_states","gcrop.2050.txt","gcrop",2050,"txt",4.5,"C:/LUH1//LUHa_u2t1.v1_minicam.v1/updated_states/gcrop.2050.txt"
"9858","C:","LUH1",NA,"LUHa_u2t1.v1_minicam.v1","updated_states","gcrop.2070.txt","gcrop",2070,"txt",4.5,"C:/LUH1//LUHa_u2t1.v1_minicam.v1/updated_states/gcrop.2070.txt"
"9868","C:","LUH1",NA,"LUHa_u2t1.v1_minicam.v1","updated_states","gcrop.2080.txt","gcrop",2080,"txt",4.5,"C:/LUH1//LUHa_u2t1.v1_minicam.v1/updated_states/gcrop.2080.txt"
"11334","C:","LUH1",NA,"LUHa_u2t1.v1_minicam.v1","updated_states","gfsh1.2010.txt","gfsh1",2010,"txt",4.5,"C:/LUH1//LUHa_u2t1.v1_minicam.v1/updated_states/gfsh1.2010.txt"
"11354","C:","LUH1",NA,"LUHa_u2t1.v1_minicam.v1","updated_states","gfsh1.2030.txt","gfsh1",2030,"txt",4.5,"C:/LUH1//LUHa_u2t1.v1_minicam.v1/updated_states/gfsh1.2030.txt"
"11374","C:","LUH1",NA,"LUHa_u2t1.v1_minicam.v1","updated_states","gfsh1.2050.txt","gfsh1",2050,"txt",4.5,"C:/LUH1//LUHa_u2t1.v1_minicam.v1/updated_states/gfsh1.2050.txt"
"11394","C:","LUH1",NA,"LUHa_u2t1.v1_minicam.v1","updated_states","gfsh1.2070.txt","gfsh1",2070,"txt",4.5,"C:/LUH1//LUHa_u2t1.v1_minicam.v1/updated_states/gfsh1.2070.txt"
"11404","C:","LUH1",NA,"LUHa_u2t1.v1_minicam.v1","updated_states","gfsh1.2080.txt","gfsh1",2080,"txt",4.5,"C:/LUH1//LUHa_u2t1.v1_minicam.v1/updated_states/gfsh1.2080.txt"
"11430","C:","LUH1",NA,"LUHa_u2t1.v1_minicam.v1","updated_states","gfsh2.2010.txt","gfsh2",2010,"txt",4.5,"C:/LUH1//LUHa_u2t1.v1_minicam.v1/updated_states/gfsh2.2010.txt"
"11450","C:","LUH1",NA,"LUHa_u2t1.v1_minicam.v1","updated_states","gfsh2.2030.txt","gfsh2",2030,"txt",4.5,"C:/LUH1//LUHa_u2t1.v1_minicam.v1/updated_states/gfsh2.2030.txt"
"11470","C:","LUH1",NA,"LUHa_u2t1.v1_minicam.v1","updated_states","gfsh2.2050.txt","gfsh2",2050,"txt",4.5,"C:/LUH1//LUHa_u2t1.v1_minicam.v1/updated_states/gfsh2.2050.txt"
"11490","C:","LUH1",NA,"LUHa_u2t1.v1_minicam.v1","updated_states","gfsh2.2070.txt","gfsh2",2070,"txt",4.5,"C:/LUH1//LUHa_u2t1.v1_minicam.v1/updated_states/gfsh2.2070.txt"
"11500","C:","LUH1",NA,"LUHa_u2t1.v1_minicam.v1","updated_states","gfsh2.2080.txt","gfsh2",2080,"txt",4.5,"C:/LUH1//LUHa_u2t1.v1_minicam.v1/updated_states/gfsh2.2080.txt"
"11526","C:","LUH1",NA,"LUHa_u2t1.v1_minicam.v1","updated_states","gfsh3.2010.txt","gfsh3",2010,"txt",4.5,"C:/LUH1//LUHa_u2t1.v1_minicam.v1/updated_states/gfsh3.2010.txt"
"11546","C:","LUH1",NA,"LUHa_u2t1.v1_minicam.v1","updated_states","gfsh3.2030.txt","gfsh3",2030,"txt",4.5,"C:/LUH1//LUHa_u2t1.v1_minicam.v1/updated_states/gfsh3.2030.txt"
"11566","C:","LUH1",NA,"LUHa_u2t1.v1_minicam.v1","updated_states","gfsh3.2050.txt","gfsh3",2050,"txt",4.5,"C:/LUH1//LUHa_u2t1.v1_minicam.v1/updated_states/gfsh3.2050.txt"
"11586","C:","LUH1",NA,"LUHa_u2t1.v1_minicam.v1","updated_states","gfsh3.2070.txt","gfsh3",2070,"txt",4.5,"C:/LUH1//LUHa_u2t1.v1_minicam.v1/updated_states/gfsh3.2070.txt"
"11596","C:","LUH1",NA,"LUHa_u2t1.v1_minicam.v1","updated_states","gfsh3.2080.txt","gfsh3",2080,"txt",4.5,"C:/LUH1//LUHa_u2t1.v1_minicam.v1/updated_states/gfsh3.2080.txt"
"11814","C:","LUH1",NA,"LUHa_u2t1.v1_minicam.v1","updated_states","gothr.2010.txt","gothr",2010,"txt",4.5,"C:/LUH1//LUHa_u2t1.v1_minicam.v1/updated_states/gothr.2010.txt"
"11834","C:","LUH1",NA,"LUHa_u2t1.v1_minicam.v1","updated_states","gothr.2030.txt","gothr",2030,"txt",4.5,"C:/LUH1//LUHa_u2t1.v1_minicam.v1/updated_states/gothr.2030.txt"
"11854","C:","LUH1",NA,"LUHa_u2t1.v1_minicam.v1","updated_states","gothr.2050.txt","gothr",2050,"txt",4.5,"C:/LUH1//LUHa_u2t1.v1_minicam.v1/updated_states/gothr.2050.txt"
"11874","C:","LUH1",NA,"LUHa_u2t1.v1_minicam.v1","updated_states","gothr.2070.txt","gothr",2070,"txt",4.5,"C:/LUH1//LUHa_u2t1.v1_minicam.v1/updated_states/gothr.2070.txt"
"11884","C:","LUH1",NA,"LUHa_u2t1.v1_minicam.v1","updated_states","gothr.2080.txt","gothr",2080,"txt",4.5,"C:/LUH1//LUHa_u2t1.v1_minicam.v1/updated_states/gothr.2080.txt"
"11910","C:","LUH1",NA,"LUHa_u2t1.v1_minicam.v1","updated_states","gpast.2010.txt","gpast",2010,"txt",4.5,"C:/LUH1//LUHa_u2t1.v1_minicam.v1/updated_states/gpast.2010.txt"
"11930","C:","LUH1",NA,"LUHa_u2t1.v1_minicam.v1","updated_states","gpast.2030.txt","gpast",2030,"txt",4.5,"C:/LUH1//LUHa_u2t1.v1_minicam.v1/updated_states/gpast.2030.txt"
"11950","C:","LUH1",NA,"LUHa_u2t1.v1_minicam.v1","updated_states","gpast.2050.txt","gpast",2050,"txt",4.5,"C:/LUH1//LUHa_u2t1.v1_minicam.v1/updated_states/gpast.2050.txt"
"11970","C:","LUH1",NA,"LUHa_u2t1.v1_minicam.v1","updated_states","gpast.2070.txt","gpast",2070,"txt",4.5,"C:/LUH1//LUHa_u2t1.v1_minicam.v1/updated_states/gpast.2070.txt"
"11980","C:","LUH1",NA,"LUHa_u2t1.v1_minicam.v1","updated_states","gpast.2080.txt","gpast",2080,"txt",4.5,"C:/LUH1//LUHa_u2t1.v1_minicam.v1/updated_states/gpast.2080.txt"
"12294","C:","LUH1",NA,"LUHa_u2t1.v1_minicam.v1","updated_states","gsecd.2010.txt","gsecd",2010,"txt",4.5,"C:/LUH1//LUHa_u2t1.v1_minicam.v1/updated_states/gsecd.2010.txt"
"12314","C:","LUH1",NA,"LUHa_u2t1.v1_minicam.v1","updated_states","gsecd.2030.txt","gsecd",2030,"txt",4.5,"C:/LUH1//LUHa_u2t1.v1_minicam.v1/updated_states/gsecd.2030.txt"
"12334","C:","LUH1",NA,"LUHa_u2t1.v1_minicam.v1","updated_states","gsecd.2050.txt","gsecd",2050,"txt",4.5,"C:/LUH1//LUHa_u2t1.v1_minicam.v1/updated_states/gsecd.2050.txt"
"12354","C:","LUH1",NA,"LUHa_u2t1.v1_minicam.v1","updated_states","gsecd.2070.txt","gsecd",2070,"txt",4.5,"C:/LUH1//LUHa_u2t1.v1_minicam.v1/updated_states/gsecd.2070.txt"
"12364","C:","LUH1",NA,"LUHa_u2t1.v1_minicam.v1","updated_states","gsecd.2080.txt","gsecd",2080,"txt",4.5,"C:/LUH1//LUHa_u2t1.v1_minicam.v1/updated_states/gsecd.2080.txt"
"12678","C:","LUH1",NA,"LUHa_u2t1.v1_minicam.v1","updated_states","gurbn.2010.txt","gurbn",2010,"txt",4.5,"C:/LUH1//LUHa_u2t1.v1_minicam.v1/updated_states/gurbn.2010.txt"
"12698","C:","LUH1",NA,"LUHa_u2t1.v1_minicam.v1","updated_states","gurbn.2030.txt","gurbn",2030,"txt",4.5,"C:/LUH1//LUHa_u2t1.v1_minicam.v1/updated_states/gurbn.2030.txt"
"12718","C:","LUH1",NA,"LUHa_u2t1.v1_minicam.v1","updated_states","gurbn.2050.txt","gurbn",2050,"txt",4.5,"C:/LUH1//LUHa_u2t1.v1_minicam.v1/updated_states/gurbn.2050.txt"
"12738","C:","LUH1",NA,"LUHa_u2t1.v1_minicam.v1","updated_states","gurbn.2070.txt","gurbn",2070,"txt",4.5,"C:/LUH1//LUHa_u2t1.v1_minicam.v1/updated_states/gurbn.2070.txt"
"12748","C:","LUH1",NA,"LUHa_u2t1.v1_minicam.v1","updated_states","gurbn.2080.txt","gurbn",2080,"txt",4.5,"C:/LUH1//LUHa_u2t1.v1_minicam.v1/updated_states/gurbn.2080.txt"
